Copyright 1986-2022 Xilinx, Inc. All Rights Reserved. Copyright 2022-2025 Advanced Micro Devices, Inc. All Rights Reserved.
------------------------------------------------------------------------------------------------------------------------------------------------------------------------------------------------------------------------------------
| Tool Version : Vivado v.2025.2 (lin64) Build 6299465 Fri Nov 14 12:34:56 MST 2025
| Date         : Sun May 24 11:38:30 2026
| Host         : pop-os running 64-bit Pop!_OS 22.04 LTS
| Command      : report_timing_summary -max_paths 10 -routable_nets -report_unconstrained -file MemDatos_timing_summary_routed.rpt -pb MemDatos_timing_summary_routed.pb -rpx MemDatos_timing_summary_routed.rpx -warn_on_violation
| Design       : MemDatos
| Device       : 7a100t-csg324
| Speed File   : -2  PRODUCTION 1.23 2018-06-13
| Design State : Routed
------------------------------------------------------------------------------------------------------------------------------------------------------------------------------------------------------------------------------------

Timing Summary Report

------------------------------------------------------------------------------------------------
| Timer Settings
| --------------
------------------------------------------------------------------------------------------------

  Enable Multi Corner Analysis               :  Yes
  Enable Pessimism Removal                   :  Yes
  Pessimism Removal Resolution               :  Nearest Common Node
  Enable Input Delay Default Clock           :  No
  Enable Preset / Clear Arcs                 :  No
  Disable Flight Delays                      :  No
  Ignore I/O Paths                           :  No
  Timing Early Launch at Borrowing Latches   :  No
  Borrow Time for Max Delay Exceptions       :  Yes
  Merge Timing Exceptions                    :  Yes
  Inter-SLR Compensation                     :  Conservative

  Corner  Analyze    Analyze    
  Name    Max Paths  Min Paths  
  ------  ---------  ---------  
  Slow    Yes        Yes        
  Fast    Yes        Yes        


------------------------------------------------------------------------------------------------
| Report Methodology
| ------------------
------------------------------------------------------------------------------------------------

Rule       Severity  Description                    Violations  
---------  --------  -----------------------------  ----------  
TIMING-18  Warning   Missing input or output delay  25          

Note: This report is based on the most recent report_methodology run and may not be up-to-date. Run report_methodology on the current design for the latest report.



check_timing report

Table of Contents
-----------------
1. checking no_clock (0)
2. checking constant_clock (0)
3. checking pulse_width_clock (0)
4. checking unconstrained_internal_endpoints (0)
5. checking no_input_delay (11)
6. checking no_output_delay (8)
7. checking multiple_clock (0)
8. checking generated_clocks (0)
9. checking loops (0)
10. checking partial_input_delay (0)
11. checking partial_output_delay (0)
12. checking latch_loops (0)

1. checking no_clock (0)
------------------------
 There are 0 register/latch pins with no clock.


2. checking constant_clock (0)
------------------------------
 There are 0 register/latch pins with constant_clock.


3. checking pulse_width_clock (0)
---------------------------------
 There are 0 register/latch pins which need pulse_width check


4. checking unconstrained_internal_endpoints (0)
------------------------------------------------
 There are 0 pins that are not constrained for maximum delay.

 There are 0 pins that are not constrained for maximum delay due to constant clock.


5. checking no_input_delay (11)
-------------------------------
 There are 11 input ports with no input delay specified. (HIGH)

 There are 0 input ports with no input delay but user has a false path constraint.


6. checking no_output_delay (8)
-------------------------------
 There are 8 ports with no output delay specified. (HIGH)

 There are 0 ports with no output delay but user has a false path constraint

 There are 0 ports with no output delay but with a timing clock defined on it or propagating through it


7. checking multiple_clock (0)
------------------------------
 There are 0 register/latch pins with multiple clocks.


8. checking generated_clocks (0)
--------------------------------
 There are 0 generated clocks that are not connected to a clock source.


9. checking loops (0)
---------------------
 There are 0 combinational loops in the design.


10. checking partial_input_delay (0)
------------------------------------
 There are 0 input ports with partial input delay specified.


11. checking partial_output_delay (0)
-------------------------------------
 There are 0 ports with partial output delay specified.


12. checking latch_loops (0)
----------------------------
 There are 0 combinational latch loops in the design through latch input



------------------------------------------------------------------------------------------------
| Design Timing Summary
| ---------------------
------------------------------------------------------------------------------------------------

    WNS(ns)      TNS(ns)  TNS Failing Endpoints  TNS Total Endpoints      WHS(ns)      THS(ns)  THS Failing Endpoints  THS Total Endpoints     WPWS(ns)     TPWS(ns)  TPWS Failing Endpoints  TPWS Total Endpoints  
    -------      -------  ---------------------  -------------------      -------      -------  ---------------------  -------------------     --------     --------  ----------------------  --------------------  
        inf        0.000                      0                  328          inf        0.000                      0                  328        3.870        0.000                       0                    33  


All user specified timing constraints are met.


------------------------------------------------------------------------------------------------
| Clock Summary
| -------------
------------------------------------------------------------------------------------------------

Clock        Waveform(ns)       Period(ns)      Frequency(MHz)
-----        ------------       ----------      --------------
sys_clk_pin  {0.000 5.000}      10.000          100.000         


------------------------------------------------------------------------------------------------
| Intra Clock Table
| -----------------
------------------------------------------------------------------------------------------------

Clock             WNS(ns)      TNS(ns)  TNS Failing Endpoints  TNS Total Endpoints      WHS(ns)      THS(ns)  THS Failing Endpoints  THS Total Endpoints     WPWS(ns)     TPWS(ns)  TPWS Failing Endpoints  TPWS Total Endpoints  
-----             -------      -------  ---------------------  -------------------      -------      -------  ---------------------  -------------------     --------     --------  ----------------------  --------------------  
sys_clk_pin                                                                                                                                                     3.870        0.000                       0                    33  


------------------------------------------------------------------------------------------------
| Inter Clock Table
| -----------------
------------------------------------------------------------------------------------------------

From Clock    To Clock          WNS(ns)      TNS(ns)  TNS Failing Endpoints  TNS Total Endpoints      WHS(ns)      THS(ns)  THS Failing Endpoints  THS Total Endpoints  
----------    --------          -------      -------  ---------------------  -------------------      -------      -------  ---------------------  -------------------  


------------------------------------------------------------------------------------------------
| Other Path Groups Table
| -----------------------
------------------------------------------------------------------------------------------------

Path Group    From Clock    To Clock          WNS(ns)      TNS(ns)  TNS Failing Endpoints  TNS Total Endpoints      WHS(ns)      THS(ns)  THS Failing Endpoints  THS Total Endpoints  
----------    ----------    --------          -------      -------  ---------------------  -------------------      -------      -------  ---------------------  -------------------  


------------------------------------------------------------------------------------------------
| User Ignored Path Table
| -----------------------
------------------------------------------------------------------------------------------------

Path Group    From Clock    To Clock    
----------    ----------    --------    


------------------------------------------------------------------------------------------------
| Unconstrained Path Table
| ------------------------
------------------------------------------------------------------------------------------------

Path Group    From Clock    To Clock    
----------    ----------    --------    
(none)                                    
(none)        sys_clk_pin                 
(none)                      sys_clk_pin   


------------------------------------------------------------------------------------------------
| Timing Details
| --------------
------------------------------------------------------------------------------------------------


---------------------------------------------------------------------------------------------------
From Clock:  sys_clk_pin
  To Clock:  sys_clk_pin

Setup :           NA  Failing Endpoints,  Worst Slack           NA  ,  Total Violation           NA
Hold  :           NA  Failing Endpoints,  Worst Slack           NA  ,  Total Violation           NA
PW    :            0  Failing Endpoints,  Worst Slack        3.870ns,  Total Violation        0.000ns
---------------------------------------------------------------------------------------------------


Pulse Width Checks
--------------------------------------------------------------------------------------
Clock Name:         sys_clk_pin
Waveform(ns):       { 0.000 5.000 }
Period(ns):         10.000
Sources:            { CLK }

Check Type        Corner  Lib Pin      Reference Pin  Required(ns)  Actual(ns)  Slack(ns)  Location        Pin
Min Period        n/a     BUFG/I       n/a            1.592         10.000      8.408      BUFGCTRL_X0Y16  CLK_IBUF_BUFG_inst/I
Low Pulse Width   Slow    RAMS64E/CLK  n/a            1.130         5.000       3.870      SLICE_X2Y113    MEMORIA_reg_0_255_0_0/RAMS64E_A/CLK
Low Pulse Width   Fast    RAMS64E/CLK  n/a            1.130         5.000       3.870      SLICE_X2Y113    MEMORIA_reg_0_255_0_0/RAMS64E_A/CLK
Low Pulse Width   Slow    RAMS64E/CLK  n/a            1.130         5.000       3.870      SLICE_X2Y113    MEMORIA_reg_0_255_0_0/RAMS64E_B/CLK
Low Pulse Width   Fast    RAMS64E/CLK  n/a            1.130         5.000       3.870      SLICE_X2Y113    MEMORIA_reg_0_255_0_0/RAMS64E_B/CLK
Low Pulse Width   Slow    RAMS64E/CLK  n/a            1.130         5.000       3.870      SLICE_X2Y113    MEMORIA_reg_0_255_0_0/RAMS64E_C/CLK
Low Pulse Width   Fast    RAMS64E/CLK  n/a            1.130         5.000       3.870      SLICE_X2Y113    MEMORIA_reg_0_255_0_0/RAMS64E_C/CLK
Low Pulse Width   Slow    RAMS64E/CLK  n/a            1.130         5.000       3.870      SLICE_X2Y113    MEMORIA_reg_0_255_0_0/RAMS64E_D/CLK
Low Pulse Width   Fast    RAMS64E/CLK  n/a            1.130         5.000       3.870      SLICE_X2Y113    MEMORIA_reg_0_255_0_0/RAMS64E_D/CLK
Low Pulse Width   Slow    RAMS64E/CLK  n/a            1.130         5.000       3.870      SLICE_X2Y107    MEMORIA_reg_0_255_1_1/RAMS64E_A/CLK
Low Pulse Width   Fast    RAMS64E/CLK  n/a            1.130         5.000       3.870      SLICE_X2Y107    MEMORIA_reg_0_255_1_1/RAMS64E_A/CLK
High Pulse Width  Slow    RAMS64E/CLK  n/a            1.130         5.000       3.870      SLICE_X2Y113    MEMORIA_reg_0_255_0_0/RAMS64E_A/CLK
High Pulse Width  Fast    RAMS64E/CLK  n/a            1.130         5.000       3.870      SLICE_X2Y113    MEMORIA_reg_0_255_0_0/RAMS64E_A/CLK
High Pulse Width  Slow    RAMS64E/CLK  n/a            1.130         5.000       3.870      SLICE_X2Y113    MEMORIA_reg_0_255_0_0/RAMS64E_B/CLK
High Pulse Width  Fast    RAMS64E/CLK  n/a            1.130         5.000       3.870      SLICE_X2Y113    MEMORIA_reg_0_255_0_0/RAMS64E_B/CLK
High Pulse Width  Slow    RAMS64E/CLK  n/a            1.130         5.000       3.870      SLICE_X2Y113    MEMORIA_reg_0_255_0_0/RAMS64E_C/CLK
High Pulse Width  Fast    RAMS64E/CLK  n/a            1.130         5.000       3.870      SLICE_X2Y113    MEMORIA_reg_0_255_0_0/RAMS64E_C/CLK
High Pulse Width  Slow    RAMS64E/CLK  n/a            1.130         5.000       3.870      SLICE_X2Y113    MEMORIA_reg_0_255_0_0/RAMS64E_D/CLK
High Pulse Width  Fast    RAMS64E/CLK  n/a            1.130         5.000       3.870      SLICE_X2Y113    MEMORIA_reg_0_255_0_0/RAMS64E_D/CLK
High Pulse Width  Slow    RAMS64E/CLK  n/a            1.130         5.000       3.870      SLICE_X2Y107    MEMORIA_reg_0_255_1_1/RAMS64E_A/CLK
High Pulse Width  Fast    RAMS64E/CLK  n/a            1.130         5.000       3.870      SLICE_X2Y107    MEMORIA_reg_0_255_1_1/RAMS64E_A/CLK



--------------------------------------------------------------------------------------
Path Group:  (none)
From Clock:  
  To Clock:  

Max Delay             8 Endpoints
Min Delay             8 Endpoints
--------------------------------------------------------------------------------------


Max Delay Paths
--------------------------------------------------------------------------------------
Slack:                    inf
  Source:                 A[2]
                            (input port)
  Destination:            RD[6]
                            (output port)
  Path Group:             (none)
  Path Type:              Max at Slow Process Corner
  Data Path Delay:        11.008ns  (logic 5.514ns (50.089%)  route 5.494ns (49.911%))
  Logic Levels:           5  (IBUF=1 MUXF7=1 MUXF8=1 OBUF=1 RAMS64E=1)

    Location             Delay type                Incr(ns)  Path(ns)    Netlist Resource(s)
  -------------------------------------------------------------------    -------------------
    D14                                               0.000     0.000 r  A[2] (IN)
                         net (fo=0)                   0.000     0.000    A[2]
    D14                  IBUF (Prop_ibuf_I_O)         1.414     1.414 r  A_IBUF[2]_inst/O
                         net (fo=32, routed)          2.903     4.317    MEMORIA_reg_0_255_6_6/A2
    SLICE_X2Y105         RAMS64E (Prop_rams64e_ADR2_O)
                                                      0.393     4.710 r  MEMORIA_reg_0_255_6_6/RAMS64E_A/O
                         net (fo=1, routed)           0.000     4.710    MEMORIA_reg_0_255_6_6/OA
    SLICE_X2Y105         MUXF7 (Prop_muxf7_I1_O)      0.178     4.888 r  MEMORIA_reg_0_255_6_6/F7.A/O
                         net (fo=1, routed)           0.000     4.888    MEMORIA_reg_0_255_6_6/O1
    SLICE_X2Y105         MUXF8 (Prop_muxf8_I1_O)      0.074     4.962 r  MEMORIA_reg_0_255_6_6/F8/O
                         net (fo=1, routed)           2.591     7.553    RD_OBUF[6]
    U17                  OBUF (Prop_obuf_I_O)         3.455    11.008 r  RD_OBUF[6]_inst/O
                         net (fo=0)                   0.000    11.008    RD[6]
    U17                                                               r  RD[6] (OUT)
  -------------------------------------------------------------------    -------------------

Slack:                    inf
  Source:                 A[2]
                            (input port)
  Destination:            RD[5]
                            (output port)
  Path Group:             (none)
  Path Type:              Max at Slow Process Corner
  Data Path Delay:        11.002ns  (logic 5.538ns (50.334%)  route 5.464ns (49.666%))
  Logic Levels:           5  (IBUF=1 MUXF7=1 MUXF8=1 OBUF=1 RAMS64E=1)

    Location             Delay type                Incr(ns)  Path(ns)    Netlist Resource(s)
  -------------------------------------------------------------------    -------------------
    D14                                               0.000     0.000 r  A[2] (IN)
                         net (fo=0)                   0.000     0.000    A[2]
    D14                  IBUF (Prop_ibuf_I_O)         1.414     1.414 r  A_IBUF[2]_inst/O
                         net (fo=32, routed)          2.733     4.147    MEMORIA_reg_0_255_5_5/A2
    SLICE_X2Y106         RAMS64E (Prop_rams64e_ADR2_O)
                                                      0.421     4.568 r  MEMORIA_reg_0_255_5_5/RAMS64E_A/O
                         net (fo=1, routed)           0.000     4.568    MEMORIA_reg_0_255_5_5/OA
    SLICE_X2Y106         MUXF7 (Prop_muxf7_I1_O)      0.178     4.746 r  MEMORIA_reg_0_255_5_5/F7.A/O
                         net (fo=1, routed)           0.000     4.746    MEMORIA_reg_0_255_5_5/O1
    SLICE_X2Y106         MUXF8 (Prop_muxf8_I1_O)      0.074     4.820 r  MEMORIA_reg_0_255_5_5/F8/O
                         net (fo=1, routed)           2.731     7.551    RD_OBUF[5]
    V17                  OBUF (Prop_obuf_I_O)         3.451    11.002 r  RD_OBUF[5]_inst/O
                         net (fo=0)                   0.000    11.002    RD[5]
    V17                                                               r  RD[5] (OUT)
  -------------------------------------------------------------------    -------------------

Slack:                    inf
  Source:                 A[3]
                            (input port)
  Destination:            RD[7]
                            (output port)
  Path Group:             (none)
  Path Type:              Max at Slow Process Corner
  Data Path Delay:        10.564ns  (logic 5.270ns (49.886%)  route 5.294ns (50.114%))
  Logic Levels:           5  (IBUF=1 MUXF7=1 MUXF8=1 OBUF=1 RAMS64E=1)

    Location             Delay type                Incr(ns)  Path(ns)    Netlist Resource(s)
  -------------------------------------------------------------------    -------------------
    F13                                               0.000     0.000 r  A[3] (IN)
                         net (fo=0)                   0.000     0.000    A[3]
    F13                  IBUF (Prop_ibuf_I_O)         1.427     1.427 r  A_IBUF[3]_inst/O
                         net (fo=32, routed)          2.640     4.067    MEMORIA_reg_0_255_7_7/A3
    SLICE_X2Y108         RAMS64E (Prop_rams64e_ADR3_O)
                                                      0.105     4.172 r  MEMORIA_reg_0_255_7_7/RAMS64E_D/O
                         net (fo=1, routed)           0.000     4.172    MEMORIA_reg_0_255_7_7/OD
    SLICE_X2Y108         MUXF7 (Prop_muxf7_I0_O)      0.201     4.373 r  MEMORIA_reg_0_255_7_7/F7.B/O
                         net (fo=1, routed)           0.000     4.373    MEMORIA_reg_0_255_7_7/O0
    SLICE_X2Y108         MUXF8 (Prop_muxf8_I0_O)      0.082     4.455 r  MEMORIA_reg_0_255_7_7/F8/O
                         net (fo=1, routed)           2.654     7.109    RD_OBUF[7]
    U16                  OBUF (Prop_obuf_I_O)         3.455    10.564 r  RD_OBUF[7]_inst/O
                         net (fo=0)                   0.000    10.564    RD[7]
    U16                                                               r  RD[7] (OUT)
  -------------------------------------------------------------------    -------------------

Slack:                    inf
  Source:                 A[5]
                            (input port)
  Destination:            RD[3]
                            (output port)
  Path Group:             (none)
  Path Type:              Max at Slow Process Corner
  Data Path Delay:        9.908ns  (logic 5.513ns (55.636%)  route 4.396ns (44.364%))
  Logic Levels:           5  (IBUF=1 MUXF7=1 MUXF8=1 OBUF=1 RAMS64E=1)

    Location             Delay type                Incr(ns)  Path(ns)    Netlist Resource(s)
  -------------------------------------------------------------------    -------------------
    G13                                               0.000     0.000 r  A[5] (IN)
                         net (fo=0)                   0.000     0.000    A[5]
    G13                  IBUF (Prop_ibuf_I_O)         1.406     1.406 r  A_IBUF[5]_inst/O
                         net (fo=32, routed)          2.211     3.616    MEMORIA_reg_0_255_3_3/A5
    SLICE_X2Y109         RAMS64E (Prop_rams64e_ADR5_O)
                                                      0.405     4.021 r  MEMORIA_reg_0_255_3_3/RAMS64E_A/O
                         net (fo=1, routed)           0.000     4.021    MEMORIA_reg_0_255_3_3/OA
    SLICE_X2Y109         MUXF7 (Prop_muxf7_I1_O)      0.178     4.199 r  MEMORIA_reg_0_255_3_3/F7.A/O
                         net (fo=1, routed)           0.000     4.199    MEMORIA_reg_0_255_3_3/O1
    SLICE_X2Y109         MUXF8 (Prop_muxf8_I1_O)      0.074     4.273 r  MEMORIA_reg_0_255_3_3/F8/O
                         net (fo=1, routed)           2.185     6.458    RD_OBUF[3]
    N14                  OBUF (Prop_obuf_I_O)         3.450     9.908 r  RD_OBUF[3]_inst/O
                         net (fo=0)                   0.000     9.908    RD[3]
    N14                                                               r  RD[3] (OUT)
  -------------------------------------------------------------------    -------------------

Slack:                    inf
  Source:                 A[2]
                            (input port)
  Destination:            RD[4]
                            (output port)
  Path Group:             (none)
  Path Type:              Max at Slow Process Corner
  Data Path Delay:        9.759ns  (logic 5.253ns (53.826%)  route 4.506ns (46.174%))
  Logic Levels:           5  (IBUF=1 MUXF7=1 MUXF8=1 OBUF=1 RAMS64E=1)

    Location             Delay type                Incr(ns)  Path(ns)    Netlist Resource(s)
  -------------------------------------------------------------------    -------------------
    D14                                               0.000     0.000 r  A[2] (IN)
                         net (fo=0)                   0.000     0.000    A[2]
    D14                  IBUF (Prop_ibuf_I_O)         1.414     1.414 r  A_IBUF[2]_inst/O
                         net (fo=32, routed)          2.329     3.743    MEMORIA_reg_0_255_4_4/A2
    SLICE_X2Y110         RAMS64E (Prop_rams64e_ADR2_O)
                                                      0.105     3.848 r  MEMORIA_reg_0_255_4_4/RAMS64E_D/O
                         net (fo=1, routed)           0.000     3.848    MEMORIA_reg_0_255_4_4/OD
    SLICE_X2Y110         MUXF7 (Prop_muxf7_I0_O)      0.201     4.049 r  MEMORIA_reg_0_255_4_4/F7.B/O
                         net (fo=1, routed)           0.000     4.049    MEMORIA_reg_0_255_4_4/O0
    SLICE_X2Y110         MUXF8 (Prop_muxf8_I0_O)      0.082     4.131 r  MEMORIA_reg_0_255_4_4/F8/O
                         net (fo=1, routed)           2.178     6.308    RD_OBUF[4]
    R18                  OBUF (Prop_obuf_I_O)         3.451     9.759 r  RD_OBUF[4]_inst/O
                         net (fo=0)                   0.000     9.759    RD[4]
    R18                                                               r  RD[4] (OUT)
  -------------------------------------------------------------------    -------------------

Slack:                    inf
  Source:                 A[2]
                            (input port)
  Destination:            RD[1]
                            (output port)
  Path Group:             (none)
  Path Type:              Max at Slow Process Corner
  Data Path Delay:        9.505ns  (logic 5.351ns (56.304%)  route 4.153ns (43.696%))
  Logic Levels:           5  (IBUF=1 MUXF7=1 MUXF8=1 OBUF=1 RAMS64E=1)

    Location             Delay type                Incr(ns)  Path(ns)    Netlist Resource(s)
  -------------------------------------------------------------------    -------------------
    D14                                               0.000     0.000 r  A[2] (IN)
                         net (fo=0)                   0.000     0.000    A[2]
    D14                  IBUF (Prop_ibuf_I_O)         1.414     1.414 r  A_IBUF[2]_inst/O
                         net (fo=32, routed)          2.615     4.029    MEMORIA_reg_0_255_1_1/A2
    SLICE_X2Y107         RAMS64E (Prop_rams64e_ADR2_O)
                                                      0.251     4.279 r  MEMORIA_reg_0_255_1_1/RAMS64E_A/O
                         net (fo=1, routed)           0.000     4.279    MEMORIA_reg_0_255_1_1/OA
    SLICE_X2Y107         MUXF7 (Prop_muxf7_I1_O)      0.178     4.457 r  MEMORIA_reg_0_255_1_1/F7.A/O
                         net (fo=1, routed)           0.000     4.457    MEMORIA_reg_0_255_1_1/O1
    SLICE_X2Y107         MUXF8 (Prop_muxf8_I1_O)      0.074     4.531 r  MEMORIA_reg_0_255_1_1/F8/O
                         net (fo=1, routed)           1.538     6.070    RD_OBUF[1]
    K15                  OBUF (Prop_obuf_I_O)         3.435     9.505 r  RD_OBUF[1]_inst/O
                         net (fo=0)                   0.000     9.505    RD[1]
    K15                                                               r  RD[1] (OUT)
  -------------------------------------------------------------------    -------------------

Slack:                    inf
  Source:                 A[2]
                            (input port)
  Destination:            RD[2]
                            (output port)
  Path Group:             (none)
  Path Type:              Max at Slow Process Corner
  Data Path Delay:        9.062ns  (logic 5.254ns (57.976%)  route 3.808ns (42.024%))
  Logic Levels:           5  (IBUF=1 MUXF7=1 MUXF8=1 OBUF=1 RAMS64E=1)

    Location             Delay type                Incr(ns)  Path(ns)    Netlist Resource(s)
  -------------------------------------------------------------------    -------------------
    D14                                               0.000     0.000 r  A[2] (IN)
                         net (fo=0)                   0.000     0.000    A[2]
    D14                  IBUF (Prop_ibuf_I_O)         1.414     1.414 r  A_IBUF[2]_inst/O
                         net (fo=32, routed)          2.324     3.738    MEMORIA_reg_0_255_2_2/A2
    SLICE_X2Y115         RAMS64E (Prop_rams64e_ADR2_O)
                                                      0.105     3.843 r  MEMORIA_reg_0_255_2_2/RAMS64E_D/O
                         net (fo=1, routed)           0.000     3.843    MEMORIA_reg_0_255_2_2/OD
    SLICE_X2Y115         MUXF7 (Prop_muxf7_I0_O)      0.201     4.044 r  MEMORIA_reg_0_255_2_2/F7.B/O
                         net (fo=1, routed)           0.000     4.044    MEMORIA_reg_0_255_2_2/O0
    SLICE_X2Y115         MUXF8 (Prop_muxf8_I0_O)      0.082     4.126 r  MEMORIA_reg_0_255_2_2/F8/O
                         net (fo=1, routed)           1.484     5.610    RD_OBUF[2]
    J13                  OBUF (Prop_obuf_I_O)         3.452     9.062 r  RD_OBUF[2]_inst/O
                         net (fo=0)                   0.000     9.062    RD[2]
    J13                                                               r  RD[2] (OUT)
  -------------------------------------------------------------------    -------------------

Slack:                    inf
  Source:                 A[2]
                            (input port)
  Destination:            RD[0]
                            (output port)
  Path Group:             (none)
  Path Type:              Max at Slow Process Corner
  Data Path Delay:        8.787ns  (logic 5.222ns (59.430%)  route 3.565ns (40.570%))
  Logic Levels:           5  (IBUF=1 MUXF7=1 MUXF8=1 OBUF=1 RAMS64E=1)

    Location             Delay type                Incr(ns)  Path(ns)    Netlist Resource(s)
  -------------------------------------------------------------------    -------------------
    D14                                               0.000     0.000 r  A[2] (IN)
                         net (fo=0)                   0.000     0.000    A[2]
    D14                  IBUF (Prop_ibuf_I_O)         1.414     1.414 r  A_IBUF[2]_inst/O
                         net (fo=32, routed)          2.193     3.607    MEMORIA_reg_0_255_0_0/A2
    SLICE_X2Y113         RAMS64E (Prop_rams64e_ADR2_O)
                                                      0.105     3.712 r  MEMORIA_reg_0_255_0_0/RAMS64E_D/O
                         net (fo=1, routed)           0.000     3.712    MEMORIA_reg_0_255_0_0/OD
    SLICE_X2Y113         MUXF7 (Prop_muxf7_I0_O)      0.201     3.913 r  MEMORIA_reg_0_255_0_0/F7.B/O
                         net (fo=1, routed)           0.000     3.913    MEMORIA_reg_0_255_0_0/O0
    SLICE_X2Y113         MUXF8 (Prop_muxf8_I0_O)      0.082     3.995 r  MEMORIA_reg_0_255_0_0/F8/O
                         net (fo=1, routed)           1.372     5.367    RD_OBUF[0]
    H17                  OBUF (Prop_obuf_I_O)         3.420     8.787 r  RD_OBUF[0]_inst/O
                         net (fo=0)                   0.000     8.787    RD[0]
    H17                                                               r  RD[0] (OUT)
  -------------------------------------------------------------------    -------------------





Min Delay Paths
--------------------------------------------------------------------------------------
Slack:                    inf
  Source:                 A[6]
                            (input port)
  Destination:            RD[2]
                            (output port)
  Path Group:             (none)
  Path Type:              Min at Fast Process Corner
  Data Path Delay:        2.489ns  (logic 1.658ns (66.615%)  route 0.831ns (33.385%))
  Logic Levels:           4  (IBUF=1 MUXF7=1 MUXF8=1 OBUF=1)

    Location             Delay type                Incr(ns)  Path(ns)    Netlist Resource(s)
  -------------------------------------------------------------------    -------------------
    G16                                               0.000     0.000 r  A[6] (IN)
                         net (fo=0)                   0.000     0.000    A[6]
    G16                  IBUF (Prop_ibuf_I_O)         0.228     0.228 r  A_IBUF[6]_inst/O
                         net (fo=48, routed)          0.462     0.690    MEMORIA_reg_0_255_2_2/A6
    SLICE_X2Y115         MUXF7 (Prop_muxf7_S_O)       0.090     0.780 r  MEMORIA_reg_0_255_2_2/F7.A/O
                         net (fo=1, routed)           0.000     0.780    MEMORIA_reg_0_255_2_2/O1
    SLICE_X2Y115         MUXF8 (Prop_muxf8_I1_O)      0.019     0.799 r  MEMORIA_reg_0_255_2_2/F8/O
                         net (fo=1, routed)           0.369     1.168    RD_OBUF[2]
    J13                  OBUF (Prop_obuf_I_O)         1.321     2.489 r  RD_OBUF[2]_inst/O
                         net (fo=0)                   0.000     2.489    RD[2]
    J13                                                               r  RD[2] (OUT)
  -------------------------------------------------------------------    -------------------

Slack:                    inf
  Source:                 A[0]
                            (input port)
  Destination:            RD[0]
                            (output port)
  Path Group:             (none)
  Path Type:              Min at Fast Process Corner
  Data Path Delay:        2.511ns  (logic 1.664ns (66.241%)  route 0.848ns (33.759%))
  Logic Levels:           5  (IBUF=1 MUXF7=1 MUXF8=1 OBUF=1 RAMS64E=1)

    Location             Delay type                Incr(ns)  Path(ns)    Netlist Resource(s)
  -------------------------------------------------------------------    -------------------
    G17                                               0.000     0.000 r  A[0] (IN)
                         net (fo=0)                   0.000     0.000    A[0]
    G17                  IBUF (Prop_ibuf_I_O)         0.234     0.234 r  A_IBUF[0]_inst/O
                         net (fo=32, routed)          0.525     0.760    MEMORIA_reg_0_255_0_0/A0
    SLICE_X2Y113         RAMS64E (Prop_rams64e_ADR0_O)
                                                      0.045     0.805 r  MEMORIA_reg_0_255_0_0/RAMS64E_D/O
                         net (fo=1, routed)           0.000     0.805    MEMORIA_reg_0_255_0_0/OD
    SLICE_X2Y113         MUXF7 (Prop_muxf7_I0_O)      0.073     0.878 r  MEMORIA_reg_0_255_0_0/F7.B/O
                         net (fo=1, routed)           0.000     0.878    MEMORIA_reg_0_255_0_0/O0
    SLICE_X2Y113         MUXF8 (Prop_muxf8_I0_O)      0.022     0.900 r  MEMORIA_reg_0_255_0_0/F8/O
                         net (fo=1, routed)           0.323     1.222    RD_OBUF[0]
    H17                  OBUF (Prop_obuf_I_O)         1.289     2.511 r  RD_OBUF[0]_inst/O
                         net (fo=0)                   0.000     2.511    RD[0]
    H17                                                               r  RD[0] (OUT)
  -------------------------------------------------------------------    -------------------

Slack:                    inf
  Source:                 A[6]
                            (input port)
  Destination:            RD[1]
                            (output port)
  Path Group:             (none)
  Path Type:              Min at Fast Process Corner
  Data Path Delay:        2.726ns  (logic 1.641ns (60.194%)  route 1.085ns (39.806%))
  Logic Levels:           4  (IBUF=1 MUXF7=1 MUXF8=1 OBUF=1)

    Location             Delay type                Incr(ns)  Path(ns)    Netlist Resource(s)
  -------------------------------------------------------------------    -------------------
    G16                                               0.000     0.000 r  A[6] (IN)
                         net (fo=0)                   0.000     0.000    A[6]
    G16                  IBUF (Prop_ibuf_I_O)         0.228     0.228 r  A_IBUF[6]_inst/O
                         net (fo=48, routed)          0.686     0.914    MEMORIA_reg_0_255_1_1/A6
    SLICE_X2Y107         MUXF7 (Prop_muxf7_S_O)       0.090     1.004 r  MEMORIA_reg_0_255_1_1/F7.A/O
                         net (fo=1, routed)           0.000     1.004    MEMORIA_reg_0_255_1_1/O1
    SLICE_X2Y107         MUXF8 (Prop_muxf8_I1_O)      0.019     1.023 r  MEMORIA_reg_0_255_1_1/F8/O
                         net (fo=1, routed)           0.399     1.422    RD_OBUF[1]
    K15                  OBUF (Prop_obuf_I_O)         1.304     2.726 r  RD_OBUF[1]_inst/O
                         net (fo=0)                   0.000     2.726    RD[1]
    K15                                                               r  RD[1] (OUT)
  -------------------------------------------------------------------    -------------------

Slack:                    inf
  Source:                 A[6]
                            (input port)
  Destination:            RD[4]
                            (output port)
  Path Group:             (none)
  Path Type:              Min at Fast Process Corner
  Data Path Delay:        2.991ns  (logic 1.657ns (55.407%)  route 1.334ns (44.593%))
  Logic Levels:           4  (IBUF=1 MUXF7=1 MUXF8=1 OBUF=1)

    Location             Delay type                Incr(ns)  Path(ns)    Netlist Resource(s)
  -------------------------------------------------------------------    -------------------
    G16                                               0.000     0.000 r  A[6] (IN)
                         net (fo=0)                   0.000     0.000    A[6]
    G16                  IBUF (Prop_ibuf_I_O)         0.228     0.228 r  A_IBUF[6]_inst/O
                         net (fo=48, routed)          0.619     0.847    MEMORIA_reg_0_255_4_4/A6
    SLICE_X2Y110         MUXF7 (Prop_muxf7_S_O)       0.090     0.937 r  MEMORIA_reg_0_255_4_4/F7.A/O
                         net (fo=1, routed)           0.000     0.937    MEMORIA_reg_0_255_4_4/O1
    SLICE_X2Y110         MUXF8 (Prop_muxf8_I1_O)      0.019     0.956 r  MEMORIA_reg_0_255_4_4/F8/O
                         net (fo=1, routed)           0.715     1.671    RD_OBUF[4]
    R18                  OBUF (Prop_obuf_I_O)         1.320     2.991 r  RD_OBUF[4]_inst/O
                         net (fo=0)                   0.000     2.991    RD[4]
    R18                                                               r  RD[4] (OUT)
  -------------------------------------------------------------------    -------------------

Slack:                    inf
  Source:                 A[4]
                            (input port)
  Destination:            RD[3]
                            (output port)
  Path Group:             (none)
  Path Type:              Min at Fast Process Corner
  Data Path Delay:        3.093ns  (logic 1.692ns (54.718%)  route 1.401ns (45.282%))
  Logic Levels:           5  (IBUF=1 MUXF7=1 MUXF8=1 OBUF=1 RAMS64E=1)

    Location             Delay type                Incr(ns)  Path(ns)    Netlist Resource(s)
  -------------------------------------------------------------------    -------------------
    F16                                               0.000     0.000 r  A[4] (IN)
                         net (fo=0)                   0.000     0.000    A[4]
    F16                  IBUF (Prop_ibuf_I_O)         0.235     0.235 r  A_IBUF[4]_inst/O
                         net (fo=32, routed)          0.680     0.916    MEMORIA_reg_0_255_3_3/A4
    SLICE_X2Y109         RAMS64E (Prop_rams64e_ADR4_O)
                                                      0.057     0.973 r  MEMORIA_reg_0_255_3_3/RAMS64E_B/O
                         net (fo=1, routed)           0.000     0.973    MEMORIA_reg_0_255_3_3/OB
    SLICE_X2Y109         MUXF7 (Prop_muxf7_I0_O)      0.062     1.035 r  MEMORIA_reg_0_255_3_3/F7.A/O
                         net (fo=1, routed)           0.000     1.035    MEMORIA_reg_0_255_3_3/O1
    SLICE_X2Y109         MUXF8 (Prop_muxf8_I1_O)      0.019     1.054 r  MEMORIA_reg_0_255_3_3/F8/O
                         net (fo=1, routed)           0.720     1.774    RD_OBUF[3]
    N14                  OBUF (Prop_obuf_I_O)         1.319     3.093 r  RD_OBUF[3]_inst/O
                         net (fo=0)                   0.000     3.093    RD[3]
    N14                                                               r  RD[3] (OUT)
  -------------------------------------------------------------------    -------------------

Slack:                    inf
  Source:                 A[6]
                            (input port)
  Destination:            RD[7]
                            (output port)
  Path Group:             (none)
  Path Type:              Min at Fast Process Corner
  Data Path Delay:        3.275ns  (logic 1.661ns (50.719%)  route 1.614ns (49.281%))
  Logic Levels:           4  (IBUF=1 MUXF7=1 MUXF8=1 OBUF=1)

    Location             Delay type                Incr(ns)  Path(ns)    Netlist Resource(s)
  -------------------------------------------------------------------    -------------------
    G16                                               0.000     0.000 r  A[6] (IN)
                         net (fo=0)                   0.000     0.000    A[6]
    G16                  IBUF (Prop_ibuf_I_O)         0.228     0.228 r  A_IBUF[6]_inst/O
                         net (fo=48, routed)          0.625     0.853    MEMORIA_reg_0_255_7_7/A6
    SLICE_X2Y108         MUXF7 (Prop_muxf7_S_O)       0.090     0.943 r  MEMORIA_reg_0_255_7_7/F7.A/O
                         net (fo=1, routed)           0.000     0.943    MEMORIA_reg_0_255_7_7/O1
    SLICE_X2Y108         MUXF8 (Prop_muxf8_I1_O)      0.019     0.962 r  MEMORIA_reg_0_255_7_7/F8/O
                         net (fo=1, routed)           0.989     1.951    RD_OBUF[7]
    U16                  OBUF (Prop_obuf_I_O)         1.324     3.275 r  RD_OBUF[7]_inst/O
                         net (fo=0)                   0.000     3.275    RD[7]
    U16                                                               r  RD[7] (OUT)
  -------------------------------------------------------------------    -------------------

Slack:                    inf
  Source:                 A[6]
                            (input port)
  Destination:            RD[5]
                            (output port)
  Path Group:             (none)
  Path Type:              Min at Fast Process Corner
  Data Path Delay:        3.417ns  (logic 1.657ns (48.505%)  route 1.760ns (51.495%))
  Logic Levels:           4  (IBUF=1 MUXF7=1 MUXF8=1 OBUF=1)

    Location             Delay type                Incr(ns)  Path(ns)    Netlist Resource(s)
  -------------------------------------------------------------------    -------------------
    G16                                               0.000     0.000 r  A[6] (IN)
                         net (fo=0)                   0.000     0.000    A[6]
    G16                  IBUF (Prop_ibuf_I_O)         0.228     0.228 r  A_IBUF[6]_inst/O
                         net (fo=48, routed)          0.755     0.983    MEMORIA_reg_0_255_5_5/A6
    SLICE_X2Y106         MUXF7 (Prop_muxf7_S_O)       0.090     1.073 r  MEMORIA_reg_0_255_5_5/F7.A/O
                         net (fo=1, routed)           0.000     1.073    MEMORIA_reg_0_255_5_5/O1
    SLICE_X2Y106         MUXF8 (Prop_muxf8_I1_O)      0.019     1.092 r  MEMORIA_reg_0_255_5_5/F8/O
                         net (fo=1, routed)           1.005     2.097    RD_OBUF[5]
    V17                  OBUF (Prop_obuf_I_O)         1.320     3.417 r  RD_OBUF[5]_inst/O
                         net (fo=0)                   0.000     3.417    RD[5]
    V17                                                               r  RD[5] (OUT)
  -------------------------------------------------------------------    -------------------

Slack:                    inf
  Source:                 A[6]
                            (input port)
  Destination:            RD[6]
                            (output port)
  Path Group:             (none)
  Path Type:              Min at Fast Process Corner
  Data Path Delay:        3.440ns  (logic 1.670ns (48.539%)  route 1.770ns (51.461%))
  Logic Levels:           4  (IBUF=1 MUXF7=1 MUXF8=1 OBUF=1)

    Location             Delay type                Incr(ns)  Path(ns)    Netlist Resource(s)
  -------------------------------------------------------------------    -------------------
    G16                                               0.000     0.000 r  A[6] (IN)
                         net (fo=0)                   0.000     0.000    A[6]
    G16                  IBUF (Prop_ibuf_I_O)         0.228     0.228 r  A_IBUF[6]_inst/O
                         net (fo=48, routed)          0.813     1.041    MEMORIA_reg_0_255_6_6/A6
    SLICE_X2Y105         MUXF7 (Prop_muxf7_S_O)       0.096     1.137 r  MEMORIA_reg_0_255_6_6/F7.B/O
                         net (fo=1, routed)           0.000     1.137    MEMORIA_reg_0_255_6_6/O0
    SLICE_X2Y105         MUXF8 (Prop_muxf8_I0_O)      0.022     1.159 r  MEMORIA_reg_0_255_6_6/F8/O
                         net (fo=1, routed)           0.957     2.116    RD_OBUF[6]
    U17                  OBUF (Prop_obuf_I_O)         1.324     3.440 r  RD_OBUF[6]_inst/O
                         net (fo=0)                   0.000     3.440    RD[6]
    U17                                                               r  RD[6] (OUT)
  -------------------------------------------------------------------    -------------------





--------------------------------------------------------------------------------------
Path Group:  (none)
From Clock:  sys_clk_pin
  To Clock:  

Max Delay             8 Endpoints
Min Delay             8 Endpoints
--------------------------------------------------------------------------------------


Max Delay Paths
--------------------------------------------------------------------------------------
Slack:                    inf
  Source:                 MEMORIA_reg_0_255_5_5/RAMS64E_D/CLK
                            (rising edge-triggered cell RAMS64E clocked by sys_clk_pin  {rise@0.000ns fall@5.000ns period=10.000ns})
  Destination:            RD[5]
                            (output port)
  Path Group:             (none)
  Path Type:              Max at Slow Process Corner
  Data Path Delay:        7.557ns  (logic 4.825ns (63.858%)  route 2.731ns (36.142%))
  Logic Levels:           3  (MUXF7=1 MUXF8=1 OBUF=1)
  Clock Uncertainty:      0.025ns  ((TSJ^2 + TIJ^2)^1/2 + DJ) / 2 + PE
    Total System Jitter     (TSJ):    0.050ns
    Total Input Jitter      (TIJ):    0.000ns
    Discrete Jitter          (DJ):    0.000ns
    Phase Error              (PE):    0.000ns

    Location             Delay type                Incr(ns)  Path(ns)    Netlist Resource(s)
  -------------------------------------------------------------------    -------------------
                         (clock sys_clk_pin rise edge)
                                                      0.000     0.000 r  
    E3                                                0.000     0.000 r  CLK (IN)
                         net (fo=0)                   0.000     0.000    CLK
    E3                   IBUF (Prop_ibuf_I_O)         1.413     1.413 r  CLK_IBUF_inst/O
                         net (fo=1, routed)           1.717     3.130    CLK_IBUF
    BUFGCTRL_X0Y16       BUFG (Prop_bufg_I_O)         0.081     3.211 r  CLK_IBUF_BUFG_inst/O
                         net (fo=32, routed)          1.440     4.651    MEMORIA_reg_0_255_5_5/WCLK
    SLICE_X2Y106         RAMS64E                                      r  MEMORIA_reg_0_255_5_5/RAMS64E_D/CLK
  -------------------------------------------------------------------    -------------------
    SLICE_X2Y106         RAMS64E (Prop_rams64e_CLK_O)
                                                      1.091     5.742 r  MEMORIA_reg_0_255_5_5/RAMS64E_D/O
                         net (fo=1, routed)           0.000     5.742    MEMORIA_reg_0_255_5_5/OD
    SLICE_X2Y106         MUXF7 (Prop_muxf7_I0_O)      0.201     5.943 r  MEMORIA_reg_0_255_5_5/F7.B/O
                         net (fo=1, routed)           0.000     5.943    MEMORIA_reg_0_255_5_5/O0
    SLICE_X2Y106         MUXF8 (Prop_muxf8_I0_O)      0.082     6.025 r  MEMORIA_reg_0_255_5_5/F8/O
                         net (fo=1, routed)           2.731     8.756    RD_OBUF[5]
    V17                  OBUF (Prop_obuf_I_O)         3.451    12.207 r  RD_OBUF[5]_inst/O
                         net (fo=0)                   0.000    12.207    RD[5]
    V17                                                               r  RD[5] (OUT)
  -------------------------------------------------------------------    -------------------

Slack:                    inf
  Source:                 MEMORIA_reg_0_255_7_7/RAMS64E_D/CLK
                            (rising edge-triggered cell RAMS64E clocked by sys_clk_pin  {rise@0.000ns fall@5.000ns period=10.000ns})
  Destination:            RD[7]
                            (output port)
  Path Group:             (none)
  Path Type:              Max at Slow Process Corner
  Data Path Delay:        7.482ns  (logic 4.829ns (64.536%)  route 2.654ns (35.464%))
  Logic Levels:           3  (MUXF7=1 MUXF8=1 OBUF=1)
  Clock Uncertainty:      0.025ns  ((TSJ^2 + TIJ^2)^1/2 + DJ) / 2 + PE
    Total System Jitter     (TSJ):    0.050ns
    Total Input Jitter      (TIJ):    0.000ns
    Discrete Jitter          (DJ):    0.000ns
    Phase Error              (PE):    0.000ns

    Location             Delay type                Incr(ns)  Path(ns)    Netlist Resource(s)
  -------------------------------------------------------------------    -------------------
                         (clock sys_clk_pin rise edge)
                                                      0.000     0.000 r  
    E3                                                0.000     0.000 r  CLK (IN)
                         net (fo=0)                   0.000     0.000    CLK
    E3                   IBUF (Prop_ibuf_I_O)         1.413     1.413 r  CLK_IBUF_inst/O
                         net (fo=1, routed)           1.717     3.130    CLK_IBUF
    BUFGCTRL_X0Y16       BUFG (Prop_bufg_I_O)         0.081     3.211 r  CLK_IBUF_BUFG_inst/O
                         net (fo=32, routed)          1.439     4.650    MEMORIA_reg_0_255_7_7/WCLK
    SLICE_X2Y108         RAMS64E                                      r  MEMORIA_reg_0_255_7_7/RAMS64E_D/CLK
  -------------------------------------------------------------------    -------------------
    SLICE_X2Y108         RAMS64E (Prop_rams64e_CLK_O)
                                                      1.091     5.741 r  MEMORIA_reg_0_255_7_7/RAMS64E_D/O
                         net (fo=1, routed)           0.000     5.741    MEMORIA_reg_0_255_7_7/OD
    SLICE_X2Y108         MUXF7 (Prop_muxf7_I0_O)      0.201     5.942 r  MEMORIA_reg_0_255_7_7/F7.B/O
                         net (fo=1, routed)           0.000     5.942    MEMORIA_reg_0_255_7_7/O0
    SLICE_X2Y108         MUXF8 (Prop_muxf8_I0_O)      0.082     6.024 r  MEMORIA_reg_0_255_7_7/F8/O
                         net (fo=1, routed)           2.654     8.677    RD_OBUF[7]
    U16                  OBUF (Prop_obuf_I_O)         3.455    12.132 r  RD_OBUF[7]_inst/O
                         net (fo=0)                   0.000    12.132    RD[7]
    U16                                                               r  RD[7] (OUT)
  -------------------------------------------------------------------    -------------------

Slack:                    inf
  Source:                 MEMORIA_reg_0_255_6_6/RAMS64E_D/CLK
                            (rising edge-triggered cell RAMS64E clocked by sys_clk_pin  {rise@0.000ns fall@5.000ns period=10.000ns})
  Destination:            RD[6]
                            (output port)
  Path Group:             (none)
  Path Type:              Max at Slow Process Corner
  Data Path Delay:        7.420ns  (logic 4.829ns (65.079%)  route 2.591ns (34.921%))
  Logic Levels:           3  (MUXF7=1 MUXF8=1 OBUF=1)
  Clock Uncertainty:      0.025ns  ((TSJ^2 + TIJ^2)^1/2 + DJ) / 2 + PE
    Total System Jitter     (TSJ):    0.050ns
    Total Input Jitter      (TIJ):    0.000ns
    Discrete Jitter          (DJ):    0.000ns
    Phase Error              (PE):    0.000ns

    Location             Delay type                Incr(ns)  Path(ns)    Netlist Resource(s)
  -------------------------------------------------------------------    -------------------
                         (clock sys_clk_pin rise edge)
                                                      0.000     0.000 r  
    E3                                                0.000     0.000 r  CLK (IN)
                         net (fo=0)                   0.000     0.000    CLK
    E3                   IBUF (Prop_ibuf_I_O)         1.413     1.413 r  CLK_IBUF_inst/O
                         net (fo=1, routed)           1.717     3.130    CLK_IBUF
    BUFGCTRL_X0Y16       BUFG (Prop_bufg_I_O)         0.081     3.211 r  CLK_IBUF_BUFG_inst/O
                         net (fo=32, routed)          1.441     4.652    MEMORIA_reg_0_255_6_6/WCLK
    SLICE_X2Y105         RAMS64E                                      r  MEMORIA_reg_0_255_6_6/RAMS64E_D/CLK
  -------------------------------------------------------------------    -------------------
    SLICE_X2Y105         RAMS64E (Prop_rams64e_CLK_O)
                                                      1.091     5.743 r  MEMORIA_reg_0_255_6_6/RAMS64E_D/O
                         net (fo=1, routed)           0.000     5.743    MEMORIA_reg_0_255_6_6/OD
    SLICE_X2Y105         MUXF7 (Prop_muxf7_I0_O)      0.201     5.944 r  MEMORIA_reg_0_255_6_6/F7.B/O
                         net (fo=1, routed)           0.000     5.944    MEMORIA_reg_0_255_6_6/O0
    SLICE_X2Y105         MUXF8 (Prop_muxf8_I0_O)      0.082     6.026 r  MEMORIA_reg_0_255_6_6/F8/O
                         net (fo=1, routed)           2.591     8.617    RD_OBUF[6]
    U17                  OBUF (Prop_obuf_I_O)         3.455    12.071 r  RD_OBUF[6]_inst/O
                         net (fo=0)                   0.000    12.071    RD[6]
    U17                                                               r  RD[6] (OUT)
  -------------------------------------------------------------------    -------------------

Slack:                    inf
  Source:                 MEMORIA_reg_0_255_3_3/RAMS64E_D/CLK
                            (rising edge-triggered cell RAMS64E clocked by sys_clk_pin  {rise@0.000ns fall@5.000ns period=10.000ns})
  Destination:            RD[3]
                            (output port)
  Path Group:             (none)
  Path Type:              Max at Slow Process Corner
  Data Path Delay:        7.009ns  (logic 4.824ns (68.825%)  route 2.185ns (31.175%))
  Logic Levels:           3  (MUXF7=1 MUXF8=1 OBUF=1)
  Clock Uncertainty:      0.025ns  ((TSJ^2 + TIJ^2)^1/2 + DJ) / 2 + PE
    Total System Jitter     (TSJ):    0.050ns
    Total Input Jitter      (TIJ):    0.000ns
    Discrete Jitter          (DJ):    0.000ns
    Phase Error              (PE):    0.000ns

    Location             Delay type                Incr(ns)  Path(ns)    Netlist Resource(s)
  -------------------------------------------------------------------    -------------------
                         (clock sys_clk_pin rise edge)
                                                      0.000     0.000 r  
    E3                                                0.000     0.000 r  CLK (IN)
                         net (fo=0)                   0.000     0.000    CLK
    E3                   IBUF (Prop_ibuf_I_O)         1.413     1.413 r  CLK_IBUF_inst/O
                         net (fo=1, routed)           1.717     3.130    CLK_IBUF
    BUFGCTRL_X0Y16       BUFG (Prop_bufg_I_O)         0.081     3.211 r  CLK_IBUF_BUFG_inst/O
                         net (fo=32, routed)          1.439     4.650    MEMORIA_reg_0_255_3_3/WCLK
    SLICE_X2Y109         RAMS64E                                      r  MEMORIA_reg_0_255_3_3/RAMS64E_D/CLK
  -------------------------------------------------------------------    -------------------
    SLICE_X2Y109         RAMS64E (Prop_rams64e_CLK_O)
                                                      1.091     5.741 r  MEMORIA_reg_0_255_3_3/RAMS64E_D/O
                         net (fo=1, routed)           0.000     5.741    MEMORIA_reg_0_255_3_3/OD
    SLICE_X2Y109         MUXF7 (Prop_muxf7_I0_O)      0.201     5.942 r  MEMORIA_reg_0_255_3_3/F7.B/O
                         net (fo=1, routed)           0.000     5.942    MEMORIA_reg_0_255_3_3/O0
    SLICE_X2Y109         MUXF8 (Prop_muxf8_I0_O)      0.082     6.024 r  MEMORIA_reg_0_255_3_3/F8/O
                         net (fo=1, routed)           2.185     8.209    RD_OBUF[3]
    N14                  OBUF (Prop_obuf_I_O)         3.450    11.659 r  RD_OBUF[3]_inst/O
                         net (fo=0)                   0.000    11.659    RD[3]
    N14                                                               r  RD[3] (OUT)
  -------------------------------------------------------------------    -------------------

Slack:                    inf
  Source:                 MEMORIA_reg_0_255_4_4/RAMS64E_D/CLK
                            (rising edge-triggered cell RAMS64E clocked by sys_clk_pin  {rise@0.000ns fall@5.000ns period=10.000ns})
  Destination:            RD[4]
                            (output port)
  Path Group:             (none)
  Path Type:              Max at Slow Process Corner
  Data Path Delay:        7.003ns  (logic 4.825ns (68.905%)  route 2.178ns (31.095%))
  Logic Levels:           3  (MUXF7=1 MUXF8=1 OBUF=1)
  Clock Uncertainty:      0.025ns  ((TSJ^2 + TIJ^2)^1/2 + DJ) / 2 + PE
    Total System Jitter     (TSJ):    0.050ns
    Total Input Jitter      (TIJ):    0.000ns
    Discrete Jitter          (DJ):    0.000ns
    Phase Error              (PE):    0.000ns

    Location             Delay type                Incr(ns)  Path(ns)    Netlist Resource(s)
  -------------------------------------------------------------------    -------------------
                         (clock sys_clk_pin rise edge)
                                                      0.000     0.000 r  
    E3                                                0.000     0.000 r  CLK (IN)
                         net (fo=0)                   0.000     0.000    CLK
    E3                   IBUF (Prop_ibuf_I_O)         1.413     1.413 r  CLK_IBUF_inst/O
                         net (fo=1, routed)           1.717     3.130    CLK_IBUF
    BUFGCTRL_X0Y16       BUFG (Prop_bufg_I_O)         0.081     3.211 r  CLK_IBUF_BUFG_inst/O
                         net (fo=32, routed)          1.438     4.649    MEMORIA_reg_0_255_4_4/WCLK
    SLICE_X2Y110         RAMS64E                                      r  MEMORIA_reg_0_255_4_4/RAMS64E_D/CLK
  -------------------------------------------------------------------    -------------------
    SLICE_X2Y110         RAMS64E (Prop_rams64e_CLK_O)
                                                      1.091     5.740 r  MEMORIA_reg_0_255_4_4/RAMS64E_D/O
                         net (fo=1, routed)           0.000     5.740    MEMORIA_reg_0_255_4_4/OD
    SLICE_X2Y110         MUXF7 (Prop_muxf7_I0_O)      0.201     5.941 r  MEMORIA_reg_0_255_4_4/F7.B/O
                         net (fo=1, routed)           0.000     5.941    MEMORIA_reg_0_255_4_4/O0
    SLICE_X2Y110         MUXF8 (Prop_muxf8_I0_O)      0.082     6.023 r  MEMORIA_reg_0_255_4_4/F8/O
                         net (fo=1, routed)           2.178     8.200    RD_OBUF[4]
    R18                  OBUF (Prop_obuf_I_O)         3.451    11.652 r  RD_OBUF[4]_inst/O
                         net (fo=0)                   0.000    11.652    RD[4]
    R18                                                               r  RD[4] (OUT)
  -------------------------------------------------------------------    -------------------

Slack:                    inf
  Source:                 MEMORIA_reg_0_255_1_1/RAMS64E_D/CLK
                            (rising edge-triggered cell RAMS64E clocked by sys_clk_pin  {rise@0.000ns fall@5.000ns period=10.000ns})
  Destination:            RD[1]
                            (output port)
  Path Group:             (none)
  Path Type:              Max at Slow Process Corner
  Data Path Delay:        6.347ns  (logic 4.809ns (75.764%)  route 1.538ns (24.236%))
  Logic Levels:           3  (MUXF7=1 MUXF8=1 OBUF=1)
  Clock Uncertainty:      0.025ns  ((TSJ^2 + TIJ^2)^1/2 + DJ) / 2 + PE
    Total System Jitter     (TSJ):    0.050ns
    Total Input Jitter      (TIJ):    0.000ns
    Discrete Jitter          (DJ):    0.000ns
    Phase Error              (PE):    0.000ns

    Location             Delay type                Incr(ns)  Path(ns)    Netlist Resource(s)
  -------------------------------------------------------------------    -------------------
                         (clock sys_clk_pin rise edge)
                                                      0.000     0.000 r  
    E3                                                0.000     0.000 r  CLK (IN)
                         net (fo=0)                   0.000     0.000    CLK
    E3                   IBUF (Prop_ibuf_I_O)         1.413     1.413 r  CLK_IBUF_inst/O
                         net (fo=1, routed)           1.717     3.130    CLK_IBUF
    BUFGCTRL_X0Y16       BUFG (Prop_bufg_I_O)         0.081     3.211 r  CLK_IBUF_BUFG_inst/O
                         net (fo=32, routed)          1.440     4.651    MEMORIA_reg_0_255_1_1/WCLK
    SLICE_X2Y107         RAMS64E                                      r  MEMORIA_reg_0_255_1_1/RAMS64E_D/CLK
  -------------------------------------------------------------------    -------------------
    SLICE_X2Y107         RAMS64E (Prop_rams64e_CLK_O)
                                                      1.091     5.742 r  MEMORIA_reg_0_255_1_1/RAMS64E_D/O
                         net (fo=1, routed)           0.000     5.742    MEMORIA_reg_0_255_1_1/OD
    SLICE_X2Y107         MUXF7 (Prop_muxf7_I0_O)      0.201     5.943 r  MEMORIA_reg_0_255_1_1/F7.B/O
                         net (fo=1, routed)           0.000     5.943    MEMORIA_reg_0_255_1_1/O0
    SLICE_X2Y107         MUXF8 (Prop_muxf8_I0_O)      0.082     6.025 r  MEMORIA_reg_0_255_1_1/F8/O
                         net (fo=1, routed)           1.538     7.563    RD_OBUF[1]
    K15                  OBUF (Prop_obuf_I_O)         3.435    10.998 r  RD_OBUF[1]_inst/O
                         net (fo=0)                   0.000    10.998    RD[1]
    K15                                                               r  RD[1] (OUT)
  -------------------------------------------------------------------    -------------------

Slack:                    inf
  Source:                 MEMORIA_reg_0_255_2_2/RAMS64E_D/CLK
                            (rising edge-triggered cell RAMS64E clocked by sys_clk_pin  {rise@0.000ns fall@5.000ns period=10.000ns})
  Destination:            RD[2]
                            (output port)
  Path Group:             (none)
  Path Type:              Max at Slow Process Corner
  Data Path Delay:        6.311ns  (logic 4.826ns (76.477%)  route 1.484ns (23.523%))
  Logic Levels:           3  (MUXF7=1 MUXF8=1 OBUF=1)
  Clock Uncertainty:      0.025ns  ((TSJ^2 + TIJ^2)^1/2 + DJ) / 2 + PE
    Total System Jitter     (TSJ):    0.050ns
    Total Input Jitter      (TIJ):    0.000ns
    Discrete Jitter          (DJ):    0.000ns
    Phase Error              (PE):    0.000ns

    Location             Delay type                Incr(ns)  Path(ns)    Netlist Resource(s)
  -------------------------------------------------------------------    -------------------
                         (clock sys_clk_pin rise edge)
                                                      0.000     0.000 r  
    E3                                                0.000     0.000 r  CLK (IN)
                         net (fo=0)                   0.000     0.000    CLK
    E3                   IBUF (Prop_ibuf_I_O)         1.413     1.413 r  CLK_IBUF_inst/O
                         net (fo=1, routed)           1.717     3.130    CLK_IBUF
    BUFGCTRL_X0Y16       BUFG (Prop_bufg_I_O)         0.081     3.211 r  CLK_IBUF_BUFG_inst/O
                         net (fo=32, routed)          1.433     4.644    MEMORIA_reg_0_255_2_2/WCLK
    SLICE_X2Y115         RAMS64E                                      r  MEMORIA_reg_0_255_2_2/RAMS64E_D/CLK
  -------------------------------------------------------------------    -------------------
    SLICE_X2Y115         RAMS64E (Prop_rams64e_CLK_O)
                                                      1.091     5.735 r  MEMORIA_reg_0_255_2_2/RAMS64E_D/O
                         net (fo=1, routed)           0.000     5.735    MEMORIA_reg_0_255_2_2/OD
    SLICE_X2Y115         MUXF7 (Prop_muxf7_I0_O)      0.201     5.936 r  MEMORIA_reg_0_255_2_2/F7.B/O
                         net (fo=1, routed)           0.000     5.936    MEMORIA_reg_0_255_2_2/O0
    SLICE_X2Y115         MUXF8 (Prop_muxf8_I0_O)      0.082     6.018 r  MEMORIA_reg_0_255_2_2/F8/O
                         net (fo=1, routed)           1.484     7.502    RD_OBUF[2]
    J13                  OBUF (Prop_obuf_I_O)         3.452    10.955 r  RD_OBUF[2]_inst/O
                         net (fo=0)                   0.000    10.955    RD[2]
    J13                                                               r  RD[2] (OUT)
  -------------------------------------------------------------------    -------------------

Slack:                    inf
  Source:                 MEMORIA_reg_0_255_0_0/RAMS64E_D/CLK
                            (rising edge-triggered cell RAMS64E clocked by sys_clk_pin  {rise@0.000ns fall@5.000ns period=10.000ns})
  Destination:            RD[0]
                            (output port)
  Path Group:             (none)
  Path Type:              Max at Slow Process Corner
  Data Path Delay:        6.166ns  (logic 4.794ns (77.754%)  route 1.372ns (22.246%))
  Logic Levels:           3  (MUXF7=1 MUXF8=1 OBUF=1)
  Clock Uncertainty:      0.025ns  ((TSJ^2 + TIJ^2)^1/2 + DJ) / 2 + PE
    Total System Jitter     (TSJ):    0.050ns
    Total Input Jitter      (TIJ):    0.000ns
    Discrete Jitter          (DJ):    0.000ns
    Phase Error              (PE):    0.000ns

    Location             Delay type                Incr(ns)  Path(ns)    Netlist Resource(s)
  -------------------------------------------------------------------    -------------------
                         (clock sys_clk_pin rise edge)
                                                      0.000     0.000 r  
    E3                                                0.000     0.000 r  CLK (IN)
                         net (fo=0)                   0.000     0.000    CLK
    E3                   IBUF (Prop_ibuf_I_O)         1.413     1.413 r  CLK_IBUF_inst/O
                         net (fo=1, routed)           1.717     3.130    CLK_IBUF
    BUFGCTRL_X0Y16       BUFG (Prop_bufg_I_O)         0.081     3.211 r  CLK_IBUF_BUFG_inst/O
                         net (fo=32, routed)          1.436     4.647    MEMORIA_reg_0_255_0_0/WCLK
    SLICE_X2Y113         RAMS64E                                      r  MEMORIA_reg_0_255_0_0/RAMS64E_D/CLK
  -------------------------------------------------------------------    -------------------
    SLICE_X2Y113         RAMS64E (Prop_rams64e_CLK_O)
                                                      1.091     5.738 r  MEMORIA_reg_0_255_0_0/RAMS64E_D/O
                         net (fo=1, routed)           0.000     5.738    MEMORIA_reg_0_255_0_0/OD
    SLICE_X2Y113         MUXF7 (Prop_muxf7_I0_O)      0.201     5.939 r  MEMORIA_reg_0_255_0_0/F7.B/O
                         net (fo=1, routed)           0.000     5.939    MEMORIA_reg_0_255_0_0/O0
    SLICE_X2Y113         MUXF8 (Prop_muxf8_I0_O)      0.082     6.021 r  MEMORIA_reg_0_255_0_0/F8/O
                         net (fo=1, routed)           1.372     7.393    RD_OBUF[0]
    H17                  OBUF (Prop_obuf_I_O)         3.420    10.812 r  RD_OBUF[0]_inst/O
                         net (fo=0)                   0.000    10.812    RD[0]
    H17                                                               r  RD[0] (OUT)
  -------------------------------------------------------------------    -------------------





Min Delay Paths
--------------------------------------------------------------------------------------
Slack:                    inf
  Source:                 MEMORIA_reg_0_255_0_0/RAMS64E_B/CLK
                            (rising edge-triggered cell RAMS64E clocked by sys_clk_pin  {rise@0.000ns fall@5.000ns period=10.000ns})
  Destination:            RD[0]
                            (output port)
  Path Group:             (none)
  Path Type:              Min at Fast Process Corner
  Data Path Delay:        2.081ns  (logic 1.758ns (84.497%)  route 0.323ns (15.503%))
  Logic Levels:           3  (MUXF7=1 MUXF8=1 OBUF=1)
  Clock Uncertainty:      0.025ns  ((TSJ^2 + TIJ^2)^1/2 + DJ) / 2 + PE
    Total System Jitter     (TSJ):    0.050ns
    Total Input Jitter      (TIJ):    0.000ns
    Discrete Jitter          (DJ):    0.000ns
    Phase Error              (PE):    0.000ns

    Location             Delay type                Incr(ns)  Path(ns)    Netlist Resource(s)
  -------------------------------------------------------------------    -------------------
                         (clock sys_clk_pin rise edge)
                                                      0.000     0.000 r  
    E3                                                0.000     0.000 r  CLK (IN)
                         net (fo=0)                   0.000     0.000    CLK
    E3                   IBUF (Prop_ibuf_I_O)         0.250     0.250 r  CLK_IBUF_inst/O
                         net (fo=1, routed)           0.644     0.894    CLK_IBUF
    BUFGCTRL_X0Y16       BUFG (Prop_bufg_I_O)         0.026     0.920 r  CLK_IBUF_BUFG_inst/O
                         net (fo=32, routed)          0.594     1.513    MEMORIA_reg_0_255_0_0/WCLK
    SLICE_X2Y113         RAMS64E                                      r  MEMORIA_reg_0_255_0_0/RAMS64E_B/CLK
  -------------------------------------------------------------------    -------------------
    SLICE_X2Y113         RAMS64E (Prop_rams64e_CLK_O)
                                                      0.388     1.901 r  MEMORIA_reg_0_255_0_0/RAMS64E_B/O
                         net (fo=1, routed)           0.000     1.901    MEMORIA_reg_0_255_0_0/OB
    SLICE_X2Y113         MUXF7 (Prop_muxf7_I0_O)      0.062     1.963 r  MEMORIA_reg_0_255_0_0/F7.A/O
                         net (fo=1, routed)           0.000     1.963    MEMORIA_reg_0_255_0_0/O1
    SLICE_X2Y113         MUXF8 (Prop_muxf8_I1_O)      0.019     1.982 r  MEMORIA_reg_0_255_0_0/F8/O
                         net (fo=1, routed)           0.323     2.305    RD_OBUF[0]
    H17                  OBUF (Prop_obuf_I_O)         1.289     3.594 r  RD_OBUF[0]_inst/O
                         net (fo=0)                   0.000     3.594    RD[0]
    H17                                                               r  RD[0] (OUT)
  -------------------------------------------------------------------    -------------------

Slack:                    inf
  Source:                 MEMORIA_reg_0_255_2_2/RAMS64E_B/CLK
                            (rising edge-triggered cell RAMS64E clocked by sys_clk_pin  {rise@0.000ns fall@5.000ns period=10.000ns})
  Destination:            RD[2]
                            (output port)
  Path Group:             (none)
  Path Type:              Min at Fast Process Corner
  Data Path Delay:        2.160ns  (logic 1.790ns (82.892%)  route 0.369ns (17.108%))
  Logic Levels:           3  (MUXF7=1 MUXF8=1 OBUF=1)
  Clock Uncertainty:      0.025ns  ((TSJ^2 + TIJ^2)^1/2 + DJ) / 2 + PE
    Total System Jitter     (TSJ):    0.050ns
    Total Input Jitter      (TIJ):    0.000ns
    Discrete Jitter          (DJ):    0.000ns
    Phase Error              (PE):    0.000ns

    Location             Delay type                Incr(ns)  Path(ns)    Netlist Resource(s)
  -------------------------------------------------------------------    -------------------
                         (clock sys_clk_pin rise edge)
                                                      0.000     0.000 r  
    E3                                                0.000     0.000 r  CLK (IN)
                         net (fo=0)                   0.000     0.000    CLK
    E3                   IBUF (Prop_ibuf_I_O)         0.250     0.250 r  CLK_IBUF_inst/O
                         net (fo=1, routed)           0.644     0.894    CLK_IBUF
    BUFGCTRL_X0Y16       BUFG (Prop_bufg_I_O)         0.026     0.920 r  CLK_IBUF_BUFG_inst/O
                         net (fo=32, routed)          0.594     1.513    MEMORIA_reg_0_255_2_2/WCLK
    SLICE_X2Y115         RAMS64E                                      r  MEMORIA_reg_0_255_2_2/RAMS64E_B/CLK
  -------------------------------------------------------------------    -------------------
    SLICE_X2Y115         RAMS64E (Prop_rams64e_CLK_O)
                                                      0.388     1.901 r  MEMORIA_reg_0_255_2_2/RAMS64E_B/O
                         net (fo=1, routed)           0.000     1.901    MEMORIA_reg_0_255_2_2/OB
    SLICE_X2Y115         MUXF7 (Prop_muxf7_I0_O)      0.062     1.963 r  MEMORIA_reg_0_255_2_2/F7.A/O
                         net (fo=1, routed)           0.000     1.963    MEMORIA_reg_0_255_2_2/O1
    SLICE_X2Y115         MUXF8 (Prop_muxf8_I1_O)      0.019     1.982 r  MEMORIA_reg_0_255_2_2/F8/O
                         net (fo=1, routed)           0.369     2.352    RD_OBUF[2]
    J13                  OBUF (Prop_obuf_I_O)         1.321     3.673 r  RD_OBUF[2]_inst/O
                         net (fo=0)                   0.000     3.673    RD[2]
    J13                                                               r  RD[2] (OUT)
  -------------------------------------------------------------------    -------------------

Slack:                    inf
  Source:                 MEMORIA_reg_0_255_1_1/RAMS64E_B/CLK
                            (rising edge-triggered cell RAMS64E clocked by sys_clk_pin  {rise@0.000ns fall@5.000ns period=10.000ns})
  Destination:            RD[1]
                            (output port)
  Path Group:             (none)
  Path Type:              Min at Fast Process Corner
  Data Path Delay:        2.172ns  (logic 1.773ns (81.619%)  route 0.399ns (18.381%))
  Logic Levels:           3  (MUXF7=1 MUXF8=1 OBUF=1)
  Clock Uncertainty:      0.025ns  ((TSJ^2 + TIJ^2)^1/2 + DJ) / 2 + PE
    Total System Jitter     (TSJ):    0.050ns
    Total Input Jitter      (TIJ):    0.000ns
    Discrete Jitter          (DJ):    0.000ns
    Phase Error              (PE):    0.000ns

    Location             Delay type                Incr(ns)  Path(ns)    Netlist Resource(s)
  -------------------------------------------------------------------    -------------------
                         (clock sys_clk_pin rise edge)
                                                      0.000     0.000 r  
    E3                                                0.000     0.000 r  CLK (IN)
                         net (fo=0)                   0.000     0.000    CLK
    E3                   IBUF (Prop_ibuf_I_O)         0.250     0.250 r  CLK_IBUF_inst/O
                         net (fo=1, routed)           0.644     0.894    CLK_IBUF
    BUFGCTRL_X0Y16       BUFG (Prop_bufg_I_O)         0.026     0.920 r  CLK_IBUF_BUFG_inst/O
                         net (fo=32, routed)          0.597     1.516    MEMORIA_reg_0_255_1_1/WCLK
    SLICE_X2Y107         RAMS64E                                      r  MEMORIA_reg_0_255_1_1/RAMS64E_B/CLK
  -------------------------------------------------------------------    -------------------
    SLICE_X2Y107         RAMS64E (Prop_rams64e_CLK_O)
                                                      0.388     1.904 r  MEMORIA_reg_0_255_1_1/RAMS64E_B/O
                         net (fo=1, routed)           0.000     1.904    MEMORIA_reg_0_255_1_1/OB
    SLICE_X2Y107         MUXF7 (Prop_muxf7_I0_O)      0.062     1.966 r  MEMORIA_reg_0_255_1_1/F7.A/O
                         net (fo=1, routed)           0.000     1.966    MEMORIA_reg_0_255_1_1/O1
    SLICE_X2Y107         MUXF8 (Prop_muxf8_I1_O)      0.019     1.985 r  MEMORIA_reg_0_255_1_1/F8/O
                         net (fo=1, routed)           0.399     2.385    RD_OBUF[1]
    K15                  OBUF (Prop_obuf_I_O)         1.304     3.689 r  RD_OBUF[1]_inst/O
                         net (fo=0)                   0.000     3.689    RD[1]
    K15                                                               r  RD[1] (OUT)
  -------------------------------------------------------------------    -------------------

Slack:                    inf
  Source:                 MEMORIA_reg_0_255_4_4/RAMS64E_B/CLK
                            (rising edge-triggered cell RAMS64E clocked by sys_clk_pin  {rise@0.000ns fall@5.000ns period=10.000ns})
  Destination:            RD[4]
                            (output port)
  Path Group:             (none)
  Path Type:              Min at Fast Process Corner
  Data Path Delay:        2.504ns  (logic 1.789ns (71.463%)  route 0.715ns (28.537%))
  Logic Levels:           3  (MUXF7=1 MUXF8=1 OBUF=1)
  Clock Uncertainty:      0.025ns  ((TSJ^2 + TIJ^2)^1/2 + DJ) / 2 + PE
    Total System Jitter     (TSJ):    0.050ns
    Total Input Jitter      (TIJ):    0.000ns
    Discrete Jitter          (DJ):    0.000ns
    Phase Error              (PE):    0.000ns

    Location             Delay type                Incr(ns)  Path(ns)    Netlist Resource(s)
  -------------------------------------------------------------------    -------------------
                         (clock sys_clk_pin rise edge)
                                                      0.000     0.000 r  
    E3                                                0.000     0.000 r  CLK (IN)
                         net (fo=0)                   0.000     0.000    CLK
    E3                   IBUF (Prop_ibuf_I_O)         0.250     0.250 r  CLK_IBUF_inst/O
                         net (fo=1, routed)           0.644     0.894    CLK_IBUF
    BUFGCTRL_X0Y16       BUFG (Prop_bufg_I_O)         0.026     0.920 r  CLK_IBUF_BUFG_inst/O
                         net (fo=32, routed)          0.596     1.515    MEMORIA_reg_0_255_4_4/WCLK
    SLICE_X2Y110         RAMS64E                                      r  MEMORIA_reg_0_255_4_4/RAMS64E_B/CLK
  -------------------------------------------------------------------    -------------------
    SLICE_X2Y110         RAMS64E (Prop_rams64e_CLK_O)
                                                      0.388     1.903 r  MEMORIA_reg_0_255_4_4/RAMS64E_B/O
                         net (fo=1, routed)           0.000     1.903    MEMORIA_reg_0_255_4_4/OB
    SLICE_X2Y110         MUXF7 (Prop_muxf7_I0_O)      0.062     1.965 r  MEMORIA_reg_0_255_4_4/F7.A/O
                         net (fo=1, routed)           0.000     1.965    MEMORIA_reg_0_255_4_4/O1
    SLICE_X2Y110         MUXF8 (Prop_muxf8_I1_O)      0.019     1.984 r  MEMORIA_reg_0_255_4_4/F8/O
                         net (fo=1, routed)           0.715     2.699    RD_OBUF[4]
    R18                  OBUF (Prop_obuf_I_O)         1.320     4.019 r  RD_OBUF[4]_inst/O
                         net (fo=0)                   0.000     4.019    RD[4]
    R18                                                               r  RD[4] (OUT)
  -------------------------------------------------------------------    -------------------

Slack:                    inf
  Source:                 MEMORIA_reg_0_255_3_3/RAMS64E_B/CLK
                            (rising edge-triggered cell RAMS64E clocked by sys_clk_pin  {rise@0.000ns fall@5.000ns period=10.000ns})
  Destination:            RD[3]
                            (output port)
  Path Group:             (none)
  Path Type:              Min at Fast Process Corner
  Data Path Delay:        2.508ns  (logic 1.788ns (71.291%)  route 0.720ns (28.709%))
  Logic Levels:           3  (MUXF7=1 MUXF8=1 OBUF=1)
  Clock Uncertainty:      0.025ns  ((TSJ^2 + TIJ^2)^1/2 + DJ) / 2 + PE
    Total System Jitter     (TSJ):    0.050ns
    Total Input Jitter      (TIJ):    0.000ns
    Discrete Jitter          (DJ):    0.000ns
    Phase Error              (PE):    0.000ns

    Location             Delay type                Incr(ns)  Path(ns)    Netlist Resource(s)
  -------------------------------------------------------------------    -------------------
                         (clock sys_clk_pin rise edge)
                                                      0.000     0.000 r  
    E3                                                0.000     0.000 r  CLK (IN)
                         net (fo=0)                   0.000     0.000    CLK
    E3                   IBUF (Prop_ibuf_I_O)         0.250     0.250 r  CLK_IBUF_inst/O
                         net (fo=1, routed)           0.644     0.894    CLK_IBUF
    BUFGCTRL_X0Y16       BUFG (Prop_bufg_I_O)         0.026     0.920 r  CLK_IBUF_BUFG_inst/O
                         net (fo=32, routed)          0.597     1.516    MEMORIA_reg_0_255_3_3/WCLK
    SLICE_X2Y109         RAMS64E                                      r  MEMORIA_reg_0_255_3_3/RAMS64E_B/CLK
  -------------------------------------------------------------------    -------------------
    SLICE_X2Y109         RAMS64E (Prop_rams64e_CLK_O)
                                                      0.388     1.904 r  MEMORIA_reg_0_255_3_3/RAMS64E_B/O
                         net (fo=1, routed)           0.000     1.904    MEMORIA_reg_0_255_3_3/OB
    SLICE_X2Y109         MUXF7 (Prop_muxf7_I0_O)      0.062     1.966 r  MEMORIA_reg_0_255_3_3/F7.A/O
                         net (fo=1, routed)           0.000     1.966    MEMORIA_reg_0_255_3_3/O1
    SLICE_X2Y109         MUXF8 (Prop_muxf8_I1_O)      0.019     1.985 r  MEMORIA_reg_0_255_3_3/F8/O
                         net (fo=1, routed)           0.720     2.706    RD_OBUF[3]
    N14                  OBUF (Prop_obuf_I_O)         1.319     4.025 r  RD_OBUF[3]_inst/O
                         net (fo=0)                   0.000     4.025    RD[3]
    N14                                                               r  RD[3] (OUT)
  -------------------------------------------------------------------    -------------------

Slack:                    inf
  Source:                 MEMORIA_reg_0_255_6_6/RAMS64E_B/CLK
                            (rising edge-triggered cell RAMS64E clocked by sys_clk_pin  {rise@0.000ns fall@5.000ns period=10.000ns})
  Destination:            RD[6]
                            (output port)
  Path Group:             (none)
  Path Type:              Min at Fast Process Corner
  Data Path Delay:        2.750ns  (logic 1.793ns (65.196%)  route 0.957ns (34.804%))
  Logic Levels:           3  (MUXF7=1 MUXF8=1 OBUF=1)
  Clock Uncertainty:      0.025ns  ((TSJ^2 + TIJ^2)^1/2 + DJ) / 2 + PE
    Total System Jitter     (TSJ):    0.050ns
    Total Input Jitter      (TIJ):    0.000ns
    Discrete Jitter          (DJ):    0.000ns
    Phase Error              (PE):    0.000ns

    Location             Delay type                Incr(ns)  Path(ns)    Netlist Resource(s)
  -------------------------------------------------------------------    -------------------
                         (clock sys_clk_pin rise edge)
                                                      0.000     0.000 r  
    E3                                                0.000     0.000 r  CLK (IN)
                         net (fo=0)                   0.000     0.000    CLK
    E3                   IBUF (Prop_ibuf_I_O)         0.250     0.250 r  CLK_IBUF_inst/O
                         net (fo=1, routed)           0.644     0.894    CLK_IBUF
    BUFGCTRL_X0Y16       BUFG (Prop_bufg_I_O)         0.026     0.920 r  CLK_IBUF_BUFG_inst/O
                         net (fo=32, routed)          0.598     1.517    MEMORIA_reg_0_255_6_6/WCLK
    SLICE_X2Y105         RAMS64E                                      r  MEMORIA_reg_0_255_6_6/RAMS64E_B/CLK
  -------------------------------------------------------------------    -------------------
    SLICE_X2Y105         RAMS64E (Prop_rams64e_CLK_O)
                                                      0.388     1.905 r  MEMORIA_reg_0_255_6_6/RAMS64E_B/O
                         net (fo=1, routed)           0.000     1.905    MEMORIA_reg_0_255_6_6/OB
    SLICE_X2Y105         MUXF7 (Prop_muxf7_I0_O)      0.062     1.967 r  MEMORIA_reg_0_255_6_6/F7.A/O
                         net (fo=1, routed)           0.000     1.967    MEMORIA_reg_0_255_6_6/O1
    SLICE_X2Y105         MUXF8 (Prop_muxf8_I1_O)      0.019     1.986 r  MEMORIA_reg_0_255_6_6/F8/O
                         net (fo=1, routed)           0.957     2.943    RD_OBUF[6]
    U17                  OBUF (Prop_obuf_I_O)         1.324     4.267 r  RD_OBUF[6]_inst/O
                         net (fo=0)                   0.000     4.267    RD[6]
    U17                                                               r  RD[6] (OUT)
  -------------------------------------------------------------------    -------------------

Slack:                    inf
  Source:                 MEMORIA_reg_0_255_7_7/RAMS64E_B/CLK
                            (rising edge-triggered cell RAMS64E clocked by sys_clk_pin  {rise@0.000ns fall@5.000ns period=10.000ns})
  Destination:            RD[7]
                            (output port)
  Path Group:             (none)
  Path Type:              Min at Fast Process Corner
  Data Path Delay:        2.781ns  (logic 1.793ns (64.459%)  route 0.989ns (35.541%))
  Logic Levels:           3  (MUXF7=1 MUXF8=1 OBUF=1)
  Clock Uncertainty:      0.025ns  ((TSJ^2 + TIJ^2)^1/2 + DJ) / 2 + PE
    Total System Jitter     (TSJ):    0.050ns
    Total Input Jitter      (TIJ):    0.000ns
    Discrete Jitter          (DJ):    0.000ns
    Phase Error              (PE):    0.000ns

    Location             Delay type                Incr(ns)  Path(ns)    Netlist Resource(s)
  -------------------------------------------------------------------    -------------------
                         (clock sys_clk_pin rise edge)
                                                      0.000     0.000 r  
    E3                                                0.000     0.000 r  CLK (IN)
                         net (fo=0)                   0.000     0.000    CLK
    E3                   IBUF (Prop_ibuf_I_O)         0.250     0.250 r  CLK_IBUF_inst/O
                         net (fo=1, routed)           0.644     0.894    CLK_IBUF
    BUFGCTRL_X0Y16       BUFG (Prop_bufg_I_O)         0.026     0.920 r  CLK_IBUF_BUFG_inst/O
                         net (fo=32, routed)          0.597     1.516    MEMORIA_reg_0_255_7_7/WCLK
    SLICE_X2Y108         RAMS64E                                      r  MEMORIA_reg_0_255_7_7/RAMS64E_B/CLK
  -------------------------------------------------------------------    -------------------
    SLICE_X2Y108         RAMS64E (Prop_rams64e_CLK_O)
                                                      0.388     1.904 r  MEMORIA_reg_0_255_7_7/RAMS64E_B/O
                         net (fo=1, routed)           0.000     1.904    MEMORIA_reg_0_255_7_7/OB
    SLICE_X2Y108         MUXF7 (Prop_muxf7_I0_O)      0.062     1.966 r  MEMORIA_reg_0_255_7_7/F7.A/O
                         net (fo=1, routed)           0.000     1.966    MEMORIA_reg_0_255_7_7/O1
    SLICE_X2Y108         MUXF8 (Prop_muxf8_I1_O)      0.019     1.985 r  MEMORIA_reg_0_255_7_7/F8/O
                         net (fo=1, routed)           0.989     2.974    RD_OBUF[7]
    U16                  OBUF (Prop_obuf_I_O)         1.324     4.298 r  RD_OBUF[7]_inst/O
                         net (fo=0)                   0.000     4.298    RD[7]
    U16                                                               r  RD[7] (OUT)
  -------------------------------------------------------------------    -------------------

Slack:                    inf
  Source:                 MEMORIA_reg_0_255_5_5/RAMS64E_B/CLK
                            (rising edge-triggered cell RAMS64E clocked by sys_clk_pin  {rise@0.000ns fall@5.000ns period=10.000ns})
  Destination:            RD[5]
                            (output port)
  Path Group:             (none)
  Path Type:              Min at Fast Process Corner
  Data Path Delay:        2.795ns  (logic 1.789ns (64.034%)  route 1.005ns (35.966%))
  Logic Levels:           3  (MUXF7=1 MUXF8=1 OBUF=1)
  Clock Uncertainty:      0.025ns  ((TSJ^2 + TIJ^2)^1/2 + DJ) / 2 + PE
    Total System Jitter     (TSJ):    0.050ns
    Total Input Jitter      (TIJ):    0.000ns
    Discrete Jitter          (DJ):    0.000ns
    Phase Error              (PE):    0.000ns

    Location             Delay type                Incr(ns)  Path(ns)    Netlist Resource(s)
  -------------------------------------------------------------------    -------------------
                         (clock sys_clk_pin rise edge)
                                                      0.000     0.000 r  
    E3                                                0.000     0.000 r  CLK (IN)
                         net (fo=0)                   0.000     0.000    CLK
    E3                   IBUF (Prop_ibuf_I_O)         0.250     0.250 r  CLK_IBUF_inst/O
                         net (fo=1, routed)           0.644     0.894    CLK_IBUF
    BUFGCTRL_X0Y16       BUFG (Prop_bufg_I_O)         0.026     0.920 r  CLK_IBUF_BUFG_inst/O
                         net (fo=32, routed)          0.598     1.517    MEMORIA_reg_0_255_5_5/WCLK
    SLICE_X2Y106         RAMS64E                                      r  MEMORIA_reg_0_255_5_5/RAMS64E_B/CLK
  -------------------------------------------------------------------    -------------------
    SLICE_X2Y106         RAMS64E (Prop_rams64e_CLK_O)
                                                      0.388     1.905 r  MEMORIA_reg_0_255_5_5/RAMS64E_B/O
                         net (fo=1, routed)           0.000     1.905    MEMORIA_reg_0_255_5_5/OB
    SLICE_X2Y106         MUXF7 (Prop_muxf7_I0_O)      0.062     1.967 r  MEMORIA_reg_0_255_5_5/F7.A/O
                         net (fo=1, routed)           0.000     1.967    MEMORIA_reg_0_255_5_5/O1
    SLICE_X2Y106         MUXF8 (Prop_muxf8_I1_O)      0.019     1.986 r  MEMORIA_reg_0_255_5_5/F8/O
                         net (fo=1, routed)           1.005     2.992    RD_OBUF[5]
    V17                  OBUF (Prop_obuf_I_O)         1.320     4.312 r  RD_OBUF[5]_inst/O
                         net (fo=0)                   0.000     4.312    RD[5]
    V17                                                               r  RD[5] (OUT)
  -------------------------------------------------------------------    -------------------





--------------------------------------------------------------------------------------
Path Group:  (none)
From Clock:  
  To Clock:  sys_clk_pin

Max Delay           320 Endpoints
Min Delay           320 Endpoints
--------------------------------------------------------------------------------------


Max Delay Paths
--------------------------------------------------------------------------------------
Slack:                    inf
  Source:                 A[2]
                            (input port)
  Destination:            MEMORIA_reg_0_255_6_6/RAMS64E_A/ADR2
                            (rising edge-triggered cell RAMS64E clocked by sys_clk_pin  {rise@0.000ns fall@5.000ns period=10.000ns})
  Path Group:             (none)
  Path Type:              Setup (Max at Slow Process Corner)
  Data Path Delay:        4.317ns  (logic 1.414ns (32.751%)  route 2.903ns (67.249%))
  Logic Levels:           1  (IBUF=1)
  Clock Path Skew:        4.383ns (DCD - SCD + CPR)
    Destination Clock Delay (DCD):    4.383ns
    Source Clock Delay      (SCD):    0.000ns
    Clock Pessimism Removal (CPR):    0.000ns
  Clock Uncertainty:      0.025ns  ((TSJ^2 + TIJ^2)^1/2 + DJ) / 2 + PE
    Total System Jitter     (TSJ):    0.050ns
    Total Input Jitter      (TIJ):    0.000ns
    Discrete Jitter          (DJ):    0.000ns
    Phase Error              (PE):    0.000ns

    Location             Delay type                Incr(ns)  Path(ns)    Netlist Resource(s)
  -------------------------------------------------------------------    -------------------
    D14                                               0.000     0.000 r  A[2] (IN)
                         net (fo=0)                   0.000     0.000    A[2]
    D14                  IBUF (Prop_ibuf_I_O)         1.414     1.414 r  A_IBUF[2]_inst/O
                         net (fo=32, routed)          2.903     4.317    MEMORIA_reg_0_255_6_6/A2
    SLICE_X2Y105         RAMS64E                                      r  MEMORIA_reg_0_255_6_6/RAMS64E_A/ADR2
  -------------------------------------------------------------------    -------------------

                         (clock sys_clk_pin rise edge)
                                                      0.000     0.000 r  
    E3                                                0.000     0.000 r  CLK (IN)
                         net (fo=0)                   0.000     0.000    CLK
    E3                   IBUF (Prop_ibuf_I_O)         1.347     1.347 r  CLK_IBUF_inst/O
                         net (fo=1, routed)           1.628     2.975    CLK_IBUF
    BUFGCTRL_X0Y16       BUFG (Prop_bufg_I_O)         0.077     3.052 r  CLK_IBUF_BUFG_inst/O
                         net (fo=32, routed)          1.331     4.383    MEMORIA_reg_0_255_6_6/WCLK
    SLICE_X2Y105         RAMS64E                                      r  MEMORIA_reg_0_255_6_6/RAMS64E_A/CLK

Slack:                    inf
  Source:                 A[2]
                            (input port)
  Destination:            MEMORIA_reg_0_255_6_6/RAMS64E_B/ADR2
                            (rising edge-triggered cell RAMS64E clocked by sys_clk_pin  {rise@0.000ns fall@5.000ns period=10.000ns})
  Path Group:             (none)
  Path Type:              Setup (Max at Slow Process Corner)
  Data Path Delay:        4.317ns  (logic 1.414ns (32.751%)  route 2.903ns (67.249%))
  Logic Levels:           1  (IBUF=1)
  Clock Path Skew:        4.383ns (DCD - SCD + CPR)
    Destination Clock Delay (DCD):    4.383ns
    Source Clock Delay      (SCD):    0.000ns
    Clock Pessimism Removal (CPR):    0.000ns
  Clock Uncertainty:      0.025ns  ((TSJ^2 + TIJ^2)^1/2 + DJ) / 2 + PE
    Total System Jitter     (TSJ):    0.050ns
    Total Input Jitter      (TIJ):    0.000ns
    Discrete Jitter          (DJ):    0.000ns
    Phase Error              (PE):    0.000ns

    Location             Delay type                Incr(ns)  Path(ns)    Netlist Resource(s)
  -------------------------------------------------------------------    -------------------
    D14                                               0.000     0.000 r  A[2] (IN)
                         net (fo=0)                   0.000     0.000    A[2]
    D14                  IBUF (Prop_ibuf_I_O)         1.414     1.414 r  A_IBUF[2]_inst/O
                         net (fo=32, routed)          2.903     4.317    MEMORIA_reg_0_255_6_6/A2
    SLICE_X2Y105         RAMS64E                                      r  MEMORIA_reg_0_255_6_6/RAMS64E_B/ADR2
  -------------------------------------------------------------------    -------------------

                         (clock sys_clk_pin rise edge)
                                                      0.000     0.000 r  
    E3                                                0.000     0.000 r  CLK (IN)
                         net (fo=0)                   0.000     0.000    CLK
    E3                   IBUF (Prop_ibuf_I_O)         1.347     1.347 r  CLK_IBUF_inst/O
                         net (fo=1, routed)           1.628     2.975    CLK_IBUF
    BUFGCTRL_X0Y16       BUFG (Prop_bufg_I_O)         0.077     3.052 r  CLK_IBUF_BUFG_inst/O
                         net (fo=32, routed)          1.331     4.383    MEMORIA_reg_0_255_6_6/WCLK
    SLICE_X2Y105         RAMS64E                                      r  MEMORIA_reg_0_255_6_6/RAMS64E_B/CLK

Slack:                    inf
  Source:                 A[2]
                            (input port)
  Destination:            MEMORIA_reg_0_255_6_6/RAMS64E_C/ADR2
                            (rising edge-triggered cell RAMS64E clocked by sys_clk_pin  {rise@0.000ns fall@5.000ns period=10.000ns})
  Path Group:             (none)
  Path Type:              Setup (Max at Slow Process Corner)
  Data Path Delay:        4.317ns  (logic 1.414ns (32.751%)  route 2.903ns (67.249%))
  Logic Levels:           1  (IBUF=1)
  Clock Path Skew:        4.383ns (DCD - SCD + CPR)
    Destination Clock Delay (DCD):    4.383ns
    Source Clock Delay      (SCD):    0.000ns
    Clock Pessimism Removal (CPR):    0.000ns
  Clock Uncertainty:      0.025ns  ((TSJ^2 + TIJ^2)^1/2 + DJ) / 2 + PE
    Total System Jitter     (TSJ):    0.050ns
    Total Input Jitter      (TIJ):    0.000ns
    Discrete Jitter          (DJ):    0.000ns
    Phase Error              (PE):    0.000ns

    Location             Delay type                Incr(ns)  Path(ns)    Netlist Resource(s)
  -------------------------------------------------------------------    -------------------
    D14                                               0.000     0.000 r  A[2] (IN)
                         net (fo=0)                   0.000     0.000    A[2]
    D14                  IBUF (Prop_ibuf_I_O)         1.414     1.414 r  A_IBUF[2]_inst/O
                         net (fo=32, routed)          2.903     4.317    MEMORIA_reg_0_255_6_6/A2
    SLICE_X2Y105         RAMS64E                                      r  MEMORIA_reg_0_255_6_6/RAMS64E_C/ADR2
  -------------------------------------------------------------------    -------------------

                         (clock sys_clk_pin rise edge)
                                                      0.000     0.000 r  
    E3                                                0.000     0.000 r  CLK (IN)
                         net (fo=0)                   0.000     0.000    CLK
    E3                   IBUF (Prop_ibuf_I_O)         1.347     1.347 r  CLK_IBUF_inst/O
                         net (fo=1, routed)           1.628     2.975    CLK_IBUF
    BUFGCTRL_X0Y16       BUFG (Prop_bufg_I_O)         0.077     3.052 r  CLK_IBUF_BUFG_inst/O
                         net (fo=32, routed)          1.331     4.383    MEMORIA_reg_0_255_6_6/WCLK
    SLICE_X2Y105         RAMS64E                                      r  MEMORIA_reg_0_255_6_6/RAMS64E_C/CLK

Slack:                    inf
  Source:                 A[2]
                            (input port)
  Destination:            MEMORIA_reg_0_255_6_6/RAMS64E_D/ADR2
                            (rising edge-triggered cell RAMS64E clocked by sys_clk_pin  {rise@0.000ns fall@5.000ns period=10.000ns})
  Path Group:             (none)
  Path Type:              Setup (Max at Slow Process Corner)
  Data Path Delay:        4.317ns  (logic 1.414ns (32.751%)  route 2.903ns (67.249%))
  Logic Levels:           1  (IBUF=1)
  Clock Path Skew:        4.383ns (DCD - SCD + CPR)
    Destination Clock Delay (DCD):    4.383ns
    Source Clock Delay      (SCD):    0.000ns
    Clock Pessimism Removal (CPR):    0.000ns
  Clock Uncertainty:      0.025ns  ((TSJ^2 + TIJ^2)^1/2 + DJ) / 2 + PE
    Total System Jitter     (TSJ):    0.050ns
    Total Input Jitter      (TIJ):    0.000ns
    Discrete Jitter          (DJ):    0.000ns
    Phase Error              (PE):    0.000ns

    Location             Delay type                Incr(ns)  Path(ns)    Netlist Resource(s)
  -------------------------------------------------------------------    -------------------
    D14                                               0.000     0.000 r  A[2] (IN)
                         net (fo=0)                   0.000     0.000    A[2]
    D14                  IBUF (Prop_ibuf_I_O)         1.414     1.414 r  A_IBUF[2]_inst/O
                         net (fo=32, routed)          2.903     4.317    MEMORIA_reg_0_255_6_6/A2
    SLICE_X2Y105         RAMS64E                                      r  MEMORIA_reg_0_255_6_6/RAMS64E_D/ADR2
  -------------------------------------------------------------------    -------------------

                         (clock sys_clk_pin rise edge)
                                                      0.000     0.000 r  
    E3                                                0.000     0.000 r  CLK (IN)
                         net (fo=0)                   0.000     0.000    CLK
    E3                   IBUF (Prop_ibuf_I_O)         1.347     1.347 r  CLK_IBUF_inst/O
                         net (fo=1, routed)           1.628     2.975    CLK_IBUF
    BUFGCTRL_X0Y16       BUFG (Prop_bufg_I_O)         0.077     3.052 r  CLK_IBUF_BUFG_inst/O
                         net (fo=32, routed)          1.331     4.383    MEMORIA_reg_0_255_6_6/WCLK
    SLICE_X2Y105         RAMS64E                                      r  MEMORIA_reg_0_255_6_6/RAMS64E_D/CLK

Slack:                    inf
  Source:                 A[3]
                            (input port)
  Destination:            MEMORIA_reg_0_255_6_6/RAMS64E_A/ADR3
                            (rising edge-triggered cell RAMS64E clocked by sys_clk_pin  {rise@0.000ns fall@5.000ns period=10.000ns})
  Path Group:             (none)
  Path Type:              Setup (Max at Slow Process Corner)
  Data Path Delay:        4.185ns  (logic 1.427ns (34.100%)  route 2.758ns (65.900%))
  Logic Levels:           1  (IBUF=1)
  Clock Path Skew:        4.383ns (DCD - SCD + CPR)
    Destination Clock Delay (DCD):    4.383ns
    Source Clock Delay      (SCD):    0.000ns
    Clock Pessimism Removal (CPR):    0.000ns
  Clock Uncertainty:      0.025ns  ((TSJ^2 + TIJ^2)^1/2 + DJ) / 2 + PE
    Total System Jitter     (TSJ):    0.050ns
    Total Input Jitter      (TIJ):    0.000ns
    Discrete Jitter          (DJ):    0.000ns
    Phase Error              (PE):    0.000ns

    Location             Delay type                Incr(ns)  Path(ns)    Netlist Resource(s)
  -------------------------------------------------------------------    -------------------
    F13                                               0.000     0.000 r  A[3] (IN)
                         net (fo=0)                   0.000     0.000    A[3]
    F13                  IBUF (Prop_ibuf_I_O)         1.427     1.427 r  A_IBUF[3]_inst/O
                         net (fo=32, routed)          2.758     4.185    MEMORIA_reg_0_255_6_6/A3
    SLICE_X2Y105         RAMS64E                                      r  MEMORIA_reg_0_255_6_6/RAMS64E_A/ADR3
  -------------------------------------------------------------------    -------------------

                         (clock sys_clk_pin rise edge)
                                                      0.000     0.000 r  
    E3                                                0.000     0.000 r  CLK (IN)
                         net (fo=0)                   0.000     0.000    CLK
    E3                   IBUF (Prop_ibuf_I_O)         1.347     1.347 r  CLK_IBUF_inst/O
                         net (fo=1, routed)           1.628     2.975    CLK_IBUF
    BUFGCTRL_X0Y16       BUFG (Prop_bufg_I_O)         0.077     3.052 r  CLK_IBUF_BUFG_inst/O
                         net (fo=32, routed)          1.331     4.383    MEMORIA_reg_0_255_6_6/WCLK
    SLICE_X2Y105         RAMS64E                                      r  MEMORIA_reg_0_255_6_6/RAMS64E_A/CLK

Slack:                    inf
  Source:                 A[3]
                            (input port)
  Destination:            MEMORIA_reg_0_255_6_6/RAMS64E_B/ADR3
                            (rising edge-triggered cell RAMS64E clocked by sys_clk_pin  {rise@0.000ns fall@5.000ns period=10.000ns})
  Path Group:             (none)
  Path Type:              Setup (Max at Slow Process Corner)
  Data Path Delay:        4.185ns  (logic 1.427ns (34.100%)  route 2.758ns (65.900%))
  Logic Levels:           1  (IBUF=1)
  Clock Path Skew:        4.383ns (DCD - SCD + CPR)
    Destination Clock Delay (DCD):    4.383ns
    Source Clock Delay      (SCD):    0.000ns
    Clock Pessimism Removal (CPR):    0.000ns
  Clock Uncertainty:      0.025ns  ((TSJ^2 + TIJ^2)^1/2 + DJ) / 2 + PE
    Total System Jitter     (TSJ):    0.050ns
    Total Input Jitter      (TIJ):    0.000ns
    Discrete Jitter          (DJ):    0.000ns
    Phase Error              (PE):    0.000ns

    Location             Delay type                Incr(ns)  Path(ns)    Netlist Resource(s)
  -------------------------------------------------------------------    -------------------
    F13                                               0.000     0.000 r  A[3] (IN)
                         net (fo=0)                   0.000     0.000    A[3]
    F13                  IBUF (Prop_ibuf_I_O)         1.427     1.427 r  A_IBUF[3]_inst/O
                         net (fo=32, routed)          2.758     4.185    MEMORIA_reg_0_255_6_6/A3
    SLICE_X2Y105         RAMS64E                                      r  MEMORIA_reg_0_255_6_6/RAMS64E_B/ADR3
  -------------------------------------------------------------------    -------------------

                         (clock sys_clk_pin rise edge)
                                                      0.000     0.000 r  
    E3                                                0.000     0.000 r  CLK (IN)
                         net (fo=0)                   0.000     0.000    CLK
    E3                   IBUF (Prop_ibuf_I_O)         1.347     1.347 r  CLK_IBUF_inst/O
                         net (fo=1, routed)           1.628     2.975    CLK_IBUF
    BUFGCTRL_X0Y16       BUFG (Prop_bufg_I_O)         0.077     3.052 r  CLK_IBUF_BUFG_inst/O
                         net (fo=32, routed)          1.331     4.383    MEMORIA_reg_0_255_6_6/WCLK
    SLICE_X2Y105         RAMS64E                                      r  MEMORIA_reg_0_255_6_6/RAMS64E_B/CLK

Slack:                    inf
  Source:                 A[3]
                            (input port)
  Destination:            MEMORIA_reg_0_255_6_6/RAMS64E_C/ADR3
                            (rising edge-triggered cell RAMS64E clocked by sys_clk_pin  {rise@0.000ns fall@5.000ns period=10.000ns})
  Path Group:             (none)
  Path Type:              Setup (Max at Slow Process Corner)
  Data Path Delay:        4.185ns  (logic 1.427ns (34.100%)  route 2.758ns (65.900%))
  Logic Levels:           1  (IBUF=1)
  Clock Path Skew:        4.383ns (DCD - SCD + CPR)
    Destination Clock Delay (DCD):    4.383ns
    Source Clock Delay      (SCD):    0.000ns
    Clock Pessimism Removal (CPR):    0.000ns
  Clock Uncertainty:      0.025ns  ((TSJ^2 + TIJ^2)^1/2 + DJ) / 2 + PE
    Total System Jitter     (TSJ):    0.050ns
    Total Input Jitter      (TIJ):    0.000ns
    Discrete Jitter          (DJ):    0.000ns
    Phase Error              (PE):    0.000ns

    Location             Delay type                Incr(ns)  Path(ns)    Netlist Resource(s)
  -------------------------------------------------------------------    -------------------
    F13                                               0.000     0.000 r  A[3] (IN)
                         net (fo=0)                   0.000     0.000    A[3]
    F13                  IBUF (Prop_ibuf_I_O)         1.427     1.427 r  A_IBUF[3]_inst/O
                         net (fo=32, routed)          2.758     4.185    MEMORIA_reg_0_255_6_6/A3
    SLICE_X2Y105         RAMS64E                                      r  MEMORIA_reg_0_255_6_6/RAMS64E_C/ADR3
  -------------------------------------------------------------------    -------------------

                         (clock sys_clk_pin rise edge)
                                                      0.000     0.000 r  
    E3                                                0.000     0.000 r  CLK (IN)
                         net (fo=0)                   0.000     0.000    CLK
    E3                   IBUF (Prop_ibuf_I_O)         1.347     1.347 r  CLK_IBUF_inst/O
                         net (fo=1, routed)           1.628     2.975    CLK_IBUF
    BUFGCTRL_X0Y16       BUFG (Prop_bufg_I_O)         0.077     3.052 r  CLK_IBUF_BUFG_inst/O
                         net (fo=32, routed)          1.331     4.383    MEMORIA_reg_0_255_6_6/WCLK
    SLICE_X2Y105         RAMS64E                                      r  MEMORIA_reg_0_255_6_6/RAMS64E_C/CLK

Slack:                    inf
  Source:                 A[3]
                            (input port)
  Destination:            MEMORIA_reg_0_255_6_6/RAMS64E_D/ADR3
                            (rising edge-triggered cell RAMS64E clocked by sys_clk_pin  {rise@0.000ns fall@5.000ns period=10.000ns})
  Path Group:             (none)
  Path Type:              Setup (Max at Slow Process Corner)
  Data Path Delay:        4.185ns  (logic 1.427ns (34.100%)  route 2.758ns (65.900%))
  Logic Levels:           1  (IBUF=1)
  Clock Path Skew:        4.383ns (DCD - SCD + CPR)
    Destination Clock Delay (DCD):    4.383ns
    Source Clock Delay      (SCD):    0.000ns
    Clock Pessimism Removal (CPR):    0.000ns
  Clock Uncertainty:      0.025ns  ((TSJ^2 + TIJ^2)^1/2 + DJ) / 2 + PE
    Total System Jitter     (TSJ):    0.050ns
    Total Input Jitter      (TIJ):    0.000ns
    Discrete Jitter          (DJ):    0.000ns
    Phase Error              (PE):    0.000ns

    Location             Delay type                Incr(ns)  Path(ns)    Netlist Resource(s)
  -------------------------------------------------------------------    -------------------
    F13                                               0.000     0.000 r  A[3] (IN)
                         net (fo=0)                   0.000     0.000    A[3]
    F13                  IBUF (Prop_ibuf_I_O)         1.427     1.427 r  A_IBUF[3]_inst/O
                         net (fo=32, routed)          2.758     4.185    MEMORIA_reg_0_255_6_6/A3
    SLICE_X2Y105         RAMS64E                                      r  MEMORIA_reg_0_255_6_6/RAMS64E_D/ADR3
  -------------------------------------------------------------------    -------------------

                         (clock sys_clk_pin rise edge)
                                                      0.000     0.000 r  
    E3                                                0.000     0.000 r  CLK (IN)
                         net (fo=0)                   0.000     0.000    CLK
    E3                   IBUF (Prop_ibuf_I_O)         1.347     1.347 r  CLK_IBUF_inst/O
                         net (fo=1, routed)           1.628     2.975    CLK_IBUF
    BUFGCTRL_X0Y16       BUFG (Prop_bufg_I_O)         0.077     3.052 r  CLK_IBUF_BUFG_inst/O
                         net (fo=32, routed)          1.331     4.383    MEMORIA_reg_0_255_6_6/WCLK
    SLICE_X2Y105         RAMS64E                                      r  MEMORIA_reg_0_255_6_6/RAMS64E_D/CLK

Slack:                    inf
  Source:                 A[2]
                            (input port)
  Destination:            MEMORIA_reg_0_255_5_5/RAMS64E_A/ADR2
                            (rising edge-triggered cell RAMS64E clocked by sys_clk_pin  {rise@0.000ns fall@5.000ns period=10.000ns})
  Path Group:             (none)
  Path Type:              Setup (Max at Slow Process Corner)
  Data Path Delay:        4.147ns  (logic 1.414ns (34.093%)  route 2.733ns (65.907%))
  Logic Levels:           1  (IBUF=1)
  Clock Path Skew:        4.383ns (DCD - SCD + CPR)
    Destination Clock Delay (DCD):    4.383ns
    Source Clock Delay      (SCD):    0.000ns
    Clock Pessimism Removal (CPR):    0.000ns
  Clock Uncertainty:      0.025ns  ((TSJ^2 + TIJ^2)^1/2 + DJ) / 2 + PE
    Total System Jitter     (TSJ):    0.050ns
    Total Input Jitter      (TIJ):    0.000ns
    Discrete Jitter          (DJ):    0.000ns
    Phase Error              (PE):    0.000ns

    Location             Delay type                Incr(ns)  Path(ns)    Netlist Resource(s)
  -------------------------------------------------------------------    -------------------
    D14                                               0.000     0.000 r  A[2] (IN)
                         net (fo=0)                   0.000     0.000    A[2]
    D14                  IBUF (Prop_ibuf_I_O)         1.414     1.414 r  A_IBUF[2]_inst/O
                         net (fo=32, routed)          2.733     4.147    MEMORIA_reg_0_255_5_5/A2
    SLICE_X2Y106         RAMS64E                                      r  MEMORIA_reg_0_255_5_5/RAMS64E_A/ADR2
  -------------------------------------------------------------------    -------------------

                         (clock sys_clk_pin rise edge)
                                                      0.000     0.000 r  
    E3                                                0.000     0.000 r  CLK (IN)
                         net (fo=0)                   0.000     0.000    CLK
    E3                   IBUF (Prop_ibuf_I_O)         1.347     1.347 r  CLK_IBUF_inst/O
                         net (fo=1, routed)           1.628     2.975    CLK_IBUF
    BUFGCTRL_X0Y16       BUFG (Prop_bufg_I_O)         0.077     3.052 r  CLK_IBUF_BUFG_inst/O
                         net (fo=32, routed)          1.331     4.383    MEMORIA_reg_0_255_5_5/WCLK
    SLICE_X2Y106         RAMS64E                                      r  MEMORIA_reg_0_255_5_5/RAMS64E_A/CLK

Slack:                    inf
  Source:                 A[2]
                            (input port)
  Destination:            MEMORIA_reg_0_255_5_5/RAMS64E_B/ADR2
                            (rising edge-triggered cell RAMS64E clocked by sys_clk_pin  {rise@0.000ns fall@5.000ns period=10.000ns})
  Path Group:             (none)
  Path Type:              Setup (Max at Slow Process Corner)
  Data Path Delay:        4.147ns  (logic 1.414ns (34.093%)  route 2.733ns (65.907%))
  Logic Levels:           1  (IBUF=1)
  Clock Path Skew:        4.383ns (DCD - SCD + CPR)
    Destination Clock Delay (DCD):    4.383ns
    Source Clock Delay      (SCD):    0.000ns
    Clock Pessimism Removal (CPR):    0.000ns
  Clock Uncertainty:      0.025ns  ((TSJ^2 + TIJ^2)^1/2 + DJ) / 2 + PE
    Total System Jitter     (TSJ):    0.050ns
    Total Input Jitter      (TIJ):    0.000ns
    Discrete Jitter          (DJ):    0.000ns
    Phase Error              (PE):    0.000ns

    Location             Delay type                Incr(ns)  Path(ns)    Netlist Resource(s)
  -------------------------------------------------------------------    -------------------
    D14                                               0.000     0.000 r  A[2] (IN)
                         net (fo=0)                   0.000     0.000    A[2]
    D14                  IBUF (Prop_ibuf_I_O)         1.414     1.414 r  A_IBUF[2]_inst/O
                         net (fo=32, routed)          2.733     4.147    MEMORIA_reg_0_255_5_5/A2
    SLICE_X2Y106         RAMS64E                                      r  MEMORIA_reg_0_255_5_5/RAMS64E_B/ADR2
  -------------------------------------------------------------------    -------------------

                         (clock sys_clk_pin rise edge)
                                                      0.000     0.000 r  
    E3                                                0.000     0.000 r  CLK (IN)
                         net (fo=0)                   0.000     0.000    CLK
    E3                   IBUF (Prop_ibuf_I_O)         1.347     1.347 r  CLK_IBUF_inst/O
                         net (fo=1, routed)           1.628     2.975    CLK_IBUF
    BUFGCTRL_X0Y16       BUFG (Prop_bufg_I_O)         0.077     3.052 r  CLK_IBUF_BUFG_inst/O
                         net (fo=32, routed)          1.331     4.383    MEMORIA_reg_0_255_5_5/WCLK
    SLICE_X2Y106         RAMS64E                                      r  MEMORIA_reg_0_255_5_5/RAMS64E_B/CLK





Min Delay Paths
--------------------------------------------------------------------------------------
Slack:                    inf
  Source:                 WD[5]
                            (input port)
  Destination:            MEMORIA_reg_0_255_5_5/RAMS64E_A/I
                            (rising edge-triggered cell RAMS64E clocked by sys_clk_pin  {rise@0.000ns fall@5.000ns period=10.000ns})
  Path Group:             (none)
  Path Type:              Hold (Min at Fast Process Corner)
  Data Path Delay:        0.598ns  (logic 0.268ns (44.792%)  route 0.330ns (55.208%))
  Logic Levels:           1  (IBUF=1)
  Clock Path Skew:        2.036ns (DCD - SCD - CPR)
    Destination Clock Delay (DCD):    2.036ns
    Source Clock Delay      (SCD):    0.000ns
    Clock Pessimism Removal (CPR):    -0.000ns

    Location             Delay type                Incr(ns)  Path(ns)    Netlist Resource(s)
  -------------------------------------------------------------------    -------------------
    D18                                               0.000     0.000 r  WD[5] (IN)
                         net (fo=0)                   0.000     0.000    WD[5]
    D18                  IBUF (Prop_ibuf_I_O)         0.268     0.268 r  WD_IBUF[5]_inst/O
                         net (fo=4, routed)           0.330     0.598    MEMORIA_reg_0_255_5_5/D
    SLICE_X2Y106         RAMS64E                                      r  MEMORIA_reg_0_255_5_5/RAMS64E_A/I
  -------------------------------------------------------------------    -------------------

                         (clock sys_clk_pin rise edge)
                                                      0.000     0.000 r  
    E3                                                0.000     0.000 r  CLK (IN)
                         net (fo=0)                   0.000     0.000    CLK
    E3                   IBUF (Prop_ibuf_I_O)         0.438     0.438 r  CLK_IBUF_inst/O
                         net (fo=1, routed)           0.699     1.136    CLK_IBUF
    BUFGCTRL_X0Y16       BUFG (Prop_bufg_I_O)         0.029     1.165 r  CLK_IBUF_BUFG_inst/O
                         net (fo=32, routed)          0.871     2.036    MEMORIA_reg_0_255_5_5/WCLK
    SLICE_X2Y106         RAMS64E                                      r  MEMORIA_reg_0_255_5_5/RAMS64E_A/CLK

Slack:                    inf
  Source:                 WD[5]
                            (input port)
  Destination:            MEMORIA_reg_0_255_5_5/RAMS64E_B/I
                            (rising edge-triggered cell RAMS64E clocked by sys_clk_pin  {rise@0.000ns fall@5.000ns period=10.000ns})
  Path Group:             (none)
  Path Type:              Hold (Min at Fast Process Corner)
  Data Path Delay:        0.598ns  (logic 0.268ns (44.792%)  route 0.330ns (55.208%))
  Logic Levels:           1  (IBUF=1)
  Clock Path Skew:        2.036ns (DCD - SCD - CPR)
    Destination Clock Delay (DCD):    2.036ns
    Source Clock Delay      (SCD):    0.000ns
    Clock Pessimism Removal (CPR):    -0.000ns

    Location             Delay type                Incr(ns)  Path(ns)    Netlist Resource(s)
  -------------------------------------------------------------------    -------------------
    D18                                               0.000     0.000 r  WD[5] (IN)
                         net (fo=0)                   0.000     0.000    WD[5]
    D18                  IBUF (Prop_ibuf_I_O)         0.268     0.268 r  WD_IBUF[5]_inst/O
                         net (fo=4, routed)           0.330     0.598    MEMORIA_reg_0_255_5_5/D
    SLICE_X2Y106         RAMS64E                                      r  MEMORIA_reg_0_255_5_5/RAMS64E_B/I
  -------------------------------------------------------------------    -------------------

                         (clock sys_clk_pin rise edge)
                                                      0.000     0.000 r  
    E3                                                0.000     0.000 r  CLK (IN)
                         net (fo=0)                   0.000     0.000    CLK
    E3                   IBUF (Prop_ibuf_I_O)         0.438     0.438 r  CLK_IBUF_inst/O
                         net (fo=1, routed)           0.699     1.136    CLK_IBUF
    BUFGCTRL_X0Y16       BUFG (Prop_bufg_I_O)         0.029     1.165 r  CLK_IBUF_BUFG_inst/O
                         net (fo=32, routed)          0.871     2.036    MEMORIA_reg_0_255_5_5/WCLK
    SLICE_X2Y106         RAMS64E                                      r  MEMORIA_reg_0_255_5_5/RAMS64E_B/CLK

Slack:                    inf
  Source:                 WD[5]
                            (input port)
  Destination:            MEMORIA_reg_0_255_5_5/RAMS64E_C/I
                            (rising edge-triggered cell RAMS64E clocked by sys_clk_pin  {rise@0.000ns fall@5.000ns period=10.000ns})
  Path Group:             (none)
  Path Type:              Hold (Min at Fast Process Corner)
  Data Path Delay:        0.598ns  (logic 0.268ns (44.792%)  route 0.330ns (55.208%))
  Logic Levels:           1  (IBUF=1)
  Clock Path Skew:        2.036ns (DCD - SCD - CPR)
    Destination Clock Delay (DCD):    2.036ns
    Source Clock Delay      (SCD):    0.000ns
    Clock Pessimism Removal (CPR):    -0.000ns

    Location             Delay type                Incr(ns)  Path(ns)    Netlist Resource(s)
  -------------------------------------------------------------------    -------------------
    D18                                               0.000     0.000 r  WD[5] (IN)
                         net (fo=0)                   0.000     0.000    WD[5]
    D18                  IBUF (Prop_ibuf_I_O)         0.268     0.268 r  WD_IBUF[5]_inst/O
                         net (fo=4, routed)           0.330     0.598    MEMORIA_reg_0_255_5_5/D
    SLICE_X2Y106         RAMS64E                                      r  MEMORIA_reg_0_255_5_5/RAMS64E_C/I
  -------------------------------------------------------------------    -------------------

                         (clock sys_clk_pin rise edge)
                                                      0.000     0.000 r  
    E3                                                0.000     0.000 r  CLK (IN)
                         net (fo=0)                   0.000     0.000    CLK
    E3                   IBUF (Prop_ibuf_I_O)         0.438     0.438 r  CLK_IBUF_inst/O
                         net (fo=1, routed)           0.699     1.136    CLK_IBUF
    BUFGCTRL_X0Y16       BUFG (Prop_bufg_I_O)         0.029     1.165 r  CLK_IBUF_BUFG_inst/O
                         net (fo=32, routed)          0.871     2.036    MEMORIA_reg_0_255_5_5/WCLK
    SLICE_X2Y106         RAMS64E                                      r  MEMORIA_reg_0_255_5_5/RAMS64E_C/CLK

Slack:                    inf
  Source:                 WD[5]
                            (input port)
  Destination:            MEMORIA_reg_0_255_5_5/RAMS64E_D/I
                            (rising edge-triggered cell RAMS64E clocked by sys_clk_pin  {rise@0.000ns fall@5.000ns period=10.000ns})
  Path Group:             (none)
  Path Type:              Hold (Min at Fast Process Corner)
  Data Path Delay:        0.598ns  (logic 0.268ns (44.792%)  route 0.330ns (55.208%))
  Logic Levels:           1  (IBUF=1)
  Clock Path Skew:        2.036ns (DCD - SCD - CPR)
    Destination Clock Delay (DCD):    2.036ns
    Source Clock Delay      (SCD):    0.000ns
    Clock Pessimism Removal (CPR):    -0.000ns

    Location             Delay type                Incr(ns)  Path(ns)    Netlist Resource(s)
  -------------------------------------------------------------------    -------------------
    D18                                               0.000     0.000 r  WD[5] (IN)
                         net (fo=0)                   0.000     0.000    WD[5]
    D18                  IBUF (Prop_ibuf_I_O)         0.268     0.268 r  WD_IBUF[5]_inst/O
                         net (fo=4, routed)           0.330     0.598    MEMORIA_reg_0_255_5_5/D
    SLICE_X2Y106         RAMS64E                                      r  MEMORIA_reg_0_255_5_5/RAMS64E_D/I
  -------------------------------------------------------------------    -------------------

                         (clock sys_clk_pin rise edge)
                                                      0.000     0.000 r  
    E3                                                0.000     0.000 r  CLK (IN)
                         net (fo=0)                   0.000     0.000    CLK
    E3                   IBUF (Prop_ibuf_I_O)         0.438     0.438 r  CLK_IBUF_inst/O
                         net (fo=1, routed)           0.699     1.136    CLK_IBUF
    BUFGCTRL_X0Y16       BUFG (Prop_bufg_I_O)         0.029     1.165 r  CLK_IBUF_BUFG_inst/O
                         net (fo=32, routed)          0.871     2.036    MEMORIA_reg_0_255_5_5/WCLK
    SLICE_X2Y106         RAMS64E                                      r  MEMORIA_reg_0_255_5_5/RAMS64E_D/CLK

Slack:                    inf
  Source:                 WD[2]
                            (input port)
  Destination:            MEMORIA_reg_0_255_2_2/RAMS64E_A/I
                            (rising edge-triggered cell RAMS64E clocked by sys_clk_pin  {rise@0.000ns fall@5.000ns period=10.000ns})
  Path Group:             (none)
  Path Type:              Hold (Min at Fast Process Corner)
  Data Path Delay:        0.627ns  (logic 0.249ns (39.734%)  route 0.378ns (60.266%))
  Logic Levels:           1  (IBUF=1)
  Clock Path Skew:        2.030ns (DCD - SCD - CPR)
    Destination Clock Delay (DCD):    2.030ns
    Source Clock Delay      (SCD):    0.000ns
    Clock Pessimism Removal (CPR):    -0.000ns

    Location             Delay type                Incr(ns)  Path(ns)    Netlist Resource(s)
  -------------------------------------------------------------------    -------------------
    D17                                               0.000     0.000 r  WD[2] (IN)
                         net (fo=0)                   0.000     0.000    WD[2]
    D17                  IBUF (Prop_ibuf_I_O)         0.249     0.249 r  WD_IBUF[2]_inst/O
                         net (fo=4, routed)           0.378     0.627    MEMORIA_reg_0_255_2_2/D
    SLICE_X2Y115         RAMS64E                                      r  MEMORIA_reg_0_255_2_2/RAMS64E_A/I
  -------------------------------------------------------------------    -------------------

                         (clock sys_clk_pin rise edge)
                                                      0.000     0.000 r  
    E3                                                0.000     0.000 r  CLK (IN)
                         net (fo=0)                   0.000     0.000    CLK
    E3                   IBUF (Prop_ibuf_I_O)         0.438     0.438 r  CLK_IBUF_inst/O
                         net (fo=1, routed)           0.699     1.136    CLK_IBUF
    BUFGCTRL_X0Y16       BUFG (Prop_bufg_I_O)         0.029     1.165 r  CLK_IBUF_BUFG_inst/O
                         net (fo=32, routed)          0.865     2.030    MEMORIA_reg_0_255_2_2/WCLK
    SLICE_X2Y115         RAMS64E                                      r  MEMORIA_reg_0_255_2_2/RAMS64E_A/CLK

Slack:                    inf
  Source:                 WD[2]
                            (input port)
  Destination:            MEMORIA_reg_0_255_2_2/RAMS64E_B/I
                            (rising edge-triggered cell RAMS64E clocked by sys_clk_pin  {rise@0.000ns fall@5.000ns period=10.000ns})
  Path Group:             (none)
  Path Type:              Hold (Min at Fast Process Corner)
  Data Path Delay:        0.627ns  (logic 0.249ns (39.734%)  route 0.378ns (60.266%))
  Logic Levels:           1  (IBUF=1)
  Clock Path Skew:        2.030ns (DCD - SCD - CPR)
    Destination Clock Delay (DCD):    2.030ns
    Source Clock Delay      (SCD):    0.000ns
    Clock Pessimism Removal (CPR):    -0.000ns

    Location             Delay type                Incr(ns)  Path(ns)    Netlist Resource(s)
  -------------------------------------------------------------------    -------------------
    D17                                               0.000     0.000 r  WD[2] (IN)
                         net (fo=0)                   0.000     0.000    WD[2]
    D17                  IBUF (Prop_ibuf_I_O)         0.249     0.249 r  WD_IBUF[2]_inst/O
                         net (fo=4, routed)           0.378     0.627    MEMORIA_reg_0_255_2_2/D
    SLICE_X2Y115         RAMS64E                                      r  MEMORIA_reg_0_255_2_2/RAMS64E_B/I
  -------------------------------------------------------------------    -------------------

                         (clock sys_clk_pin rise edge)
                                                      0.000     0.000 r  
    E3                                                0.000     0.000 r  CLK (IN)
                         net (fo=0)                   0.000     0.000    CLK
    E3                   IBUF (Prop_ibuf_I_O)         0.438     0.438 r  CLK_IBUF_inst/O
                         net (fo=1, routed)           0.699     1.136    CLK_IBUF
    BUFGCTRL_X0Y16       BUFG (Prop_bufg_I_O)         0.029     1.165 r  CLK_IBUF_BUFG_inst/O
                         net (fo=32, routed)          0.865     2.030    MEMORIA_reg_0_255_2_2/WCLK
    SLICE_X2Y115         RAMS64E                                      r  MEMORIA_reg_0_255_2_2/RAMS64E_B/CLK

Slack:                    inf
  Source:                 WD[2]
                            (input port)
  Destination:            MEMORIA_reg_0_255_2_2/RAMS64E_C/I
                            (rising edge-triggered cell RAMS64E clocked by sys_clk_pin  {rise@0.000ns fall@5.000ns period=10.000ns})
  Path Group:             (none)
  Path Type:              Hold (Min at Fast Process Corner)
  Data Path Delay:        0.627ns  (logic 0.249ns (39.734%)  route 0.378ns (60.266%))
  Logic Levels:           1  (IBUF=1)
  Clock Path Skew:        2.030ns (DCD - SCD - CPR)
    Destination Clock Delay (DCD):    2.030ns
    Source Clock Delay      (SCD):    0.000ns
    Clock Pessimism Removal (CPR):    -0.000ns

    Location             Delay type                Incr(ns)  Path(ns)    Netlist Resource(s)
  -------------------------------------------------------------------    -------------------
    D17                                               0.000     0.000 r  WD[2] (IN)
                         net (fo=0)                   0.000     0.000    WD[2]
    D17                  IBUF (Prop_ibuf_I_O)         0.249     0.249 r  WD_IBUF[2]_inst/O
                         net (fo=4, routed)           0.378     0.627    MEMORIA_reg_0_255_2_2/D
    SLICE_X2Y115         RAMS64E                                      r  MEMORIA_reg_0_255_2_2/RAMS64E_C/I
  -------------------------------------------------------------------    -------------------

                         (clock sys_clk_pin rise edge)
                                                      0.000     0.000 r  
    E3                                                0.000     0.000 r  CLK (IN)
                         net (fo=0)                   0.000     0.000    CLK
    E3                   IBUF (Prop_ibuf_I_O)         0.438     0.438 r  CLK_IBUF_inst/O
                         net (fo=1, routed)           0.699     1.136    CLK_IBUF
    BUFGCTRL_X0Y16       BUFG (Prop_bufg_I_O)         0.029     1.165 r  CLK_IBUF_BUFG_inst/O
                         net (fo=32, routed)          0.865     2.030    MEMORIA_reg_0_255_2_2/WCLK
    SLICE_X2Y115         RAMS64E                                      r  MEMORIA_reg_0_255_2_2/RAMS64E_C/CLK

Slack:                    inf
  Source:                 WD[2]
                            (input port)
  Destination:            MEMORIA_reg_0_255_2_2/RAMS64E_D/I
                            (rising edge-triggered cell RAMS64E clocked by sys_clk_pin  {rise@0.000ns fall@5.000ns period=10.000ns})
  Path Group:             (none)
  Path Type:              Hold (Min at Fast Process Corner)
  Data Path Delay:        0.627ns  (logic 0.249ns (39.734%)  route 0.378ns (60.266%))
  Logic Levels:           1  (IBUF=1)
  Clock Path Skew:        2.030ns (DCD - SCD - CPR)
    Destination Clock Delay (DCD):    2.030ns
    Source Clock Delay      (SCD):    0.000ns
    Clock Pessimism Removal (CPR):    -0.000ns

    Location             Delay type                Incr(ns)  Path(ns)    Netlist Resource(s)
  -------------------------------------------------------------------    -------------------
    D17                                               0.000     0.000 r  WD[2] (IN)
                         net (fo=0)                   0.000     0.000    WD[2]
    D17                  IBUF (Prop_ibuf_I_O)         0.249     0.249 r  WD_IBUF[2]_inst/O
                         net (fo=4, routed)           0.378     0.627    MEMORIA_reg_0_255_2_2/D
    SLICE_X2Y115         RAMS64E                                      r  MEMORIA_reg_0_255_2_2/RAMS64E_D/I
  -------------------------------------------------------------------    -------------------

                         (clock sys_clk_pin rise edge)
                                                      0.000     0.000 r  
    E3                                                0.000     0.000 r  CLK (IN)
                         net (fo=0)                   0.000     0.000    CLK
    E3                   IBUF (Prop_ibuf_I_O)         0.438     0.438 r  CLK_IBUF_inst/O
                         net (fo=1, routed)           0.699     1.136    CLK_IBUF
    BUFGCTRL_X0Y16       BUFG (Prop_bufg_I_O)         0.029     1.165 r  CLK_IBUF_BUFG_inst/O
                         net (fo=32, routed)          0.865     2.030    MEMORIA_reg_0_255_2_2/WCLK
    SLICE_X2Y115         RAMS64E                                      r  MEMORIA_reg_0_255_2_2/RAMS64E_D/CLK

Slack:                    inf
  Source:                 WD[6]
                            (input port)
  Destination:            MEMORIA_reg_0_255_6_6/RAMS64E_A/I
                            (rising edge-triggered cell RAMS64E clocked by sys_clk_pin  {rise@0.000ns fall@5.000ns period=10.000ns})
  Path Group:             (none)
  Path Type:              Hold (Min at Fast Process Corner)
  Data Path Delay:        0.631ns  (logic 0.251ns (39.720%)  route 0.380ns (60.280%))
  Logic Levels:           1  (IBUF=1)
  Clock Path Skew:        2.036ns (DCD - SCD - CPR)
    Destination Clock Delay (DCD):    2.036ns
    Source Clock Delay      (SCD):    0.000ns
    Clock Pessimism Removal (CPR):    -0.000ns

    Location             Delay type                Incr(ns)  Path(ns)    Netlist Resource(s)
  -------------------------------------------------------------------    -------------------
    F18                                               0.000     0.000 r  WD[6] (IN)
                         net (fo=0)                   0.000     0.000    WD[6]
    F18                  IBUF (Prop_ibuf_I_O)         0.251     0.251 r  WD_IBUF[6]_inst/O
                         net (fo=4, routed)           0.380     0.631    MEMORIA_reg_0_255_6_6/D
    SLICE_X2Y105         RAMS64E                                      r  MEMORIA_reg_0_255_6_6/RAMS64E_A/I
  -------------------------------------------------------------------    -------------------

                         (clock sys_clk_pin rise edge)
                                                      0.000     0.000 r  
    E3                                                0.000     0.000 r  CLK (IN)
                         net (fo=0)                   0.000     0.000    CLK
    E3                   IBUF (Prop_ibuf_I_O)         0.438     0.438 r  CLK_IBUF_inst/O
                         net (fo=1, routed)           0.699     1.136    CLK_IBUF
    BUFGCTRL_X0Y16       BUFG (Prop_bufg_I_O)         0.029     1.165 r  CLK_IBUF_BUFG_inst/O
                         net (fo=32, routed)          0.871     2.036    MEMORIA_reg_0_255_6_6/WCLK
    SLICE_X2Y105         RAMS64E                                      r  MEMORIA_reg_0_255_6_6/RAMS64E_A/CLK

Slack:                    inf
  Source:                 WD[6]
                            (input port)
  Destination:            MEMORIA_reg_0_255_6_6/RAMS64E_B/I
                            (rising edge-triggered cell RAMS64E clocked by sys_clk_pin  {rise@0.000ns fall@5.000ns period=10.000ns})
  Path Group:             (none)
  Path Type:              Hold (Min at Fast Process Corner)
  Data Path Delay:        0.631ns  (logic 0.251ns (39.720%)  route 0.380ns (60.280%))
  Logic Levels:           1  (IBUF=1)
  Clock Path Skew:        2.036ns (DCD - SCD - CPR)
    Destination Clock Delay (DCD):    2.036ns
    Source Clock Delay      (SCD):    0.000ns
    Clock Pessimism Removal (CPR):    -0.000ns

    Location             Delay type                Incr(ns)  Path(ns)    Netlist Resource(s)
  -------------------------------------------------------------------    -------------------
    F18                                               0.000     0.000 r  WD[6] (IN)
                         net (fo=0)                   0.000     0.000    WD[6]
    F18                  IBUF (Prop_ibuf_I_O)         0.251     0.251 r  WD_IBUF[6]_inst/O
                         net (fo=4, routed)           0.380     0.631    MEMORIA_reg_0_255_6_6/D
    SLICE_X2Y105         RAMS64E                                      r  MEMORIA_reg_0_255_6_6/RAMS64E_B/I
  -------------------------------------------------------------------    -------------------

                         (clock sys_clk_pin rise edge)
                                                      0.000     0.000 r  
    E3                                                0.000     0.000 r  CLK (IN)
                         net (fo=0)                   0.000     0.000    CLK
    E3                   IBUF (Prop_ibuf_I_O)         0.438     0.438 r  CLK_IBUF_inst/O
                         net (fo=1, routed)           0.699     1.136    CLK_IBUF
    BUFGCTRL_X0Y16       BUFG (Prop_bufg_I_O)         0.029     1.165 r  CLK_IBUF_BUFG_inst/O
                         net (fo=32, routed)          0.871     2.036    MEMORIA_reg_0_255_6_6/WCLK
    SLICE_X2Y105         RAMS64E                                      r  MEMORIA_reg_0_255_6_6/RAMS64E_B/CLK





