Copyright 1986-2022 Xilinx, Inc. All Rights Reserved. Copyright 2022-2025 Advanced Micro Devices, Inc. All Rights Reserved.
------------------------------------------------------------------------------------------------------------------------------------------------------------------------------------------------------------------------------------------
| Tool Version : Vivado v.2025.2 (lin64) Build 6299465 Fri Nov 14 12:34:56 MST 2025
| Date         : Fri May 15 14:38:36 2026
| Host         : pop-os running 64-bit Pop!_OS 22.04 LTS
| Command      : report_timing_summary -max_paths 10 -routable_nets -report_unconstrained -file Procesador_timing_summary_routed.rpt -pb Procesador_timing_summary_routed.pb -rpx Procesador_timing_summary_routed.rpx -warn_on_violation
| Design       : Procesador
| Device       : 7a100t-csg324
| Speed File   : -2  PRODUCTION 1.23 2018-06-13
| Design State : Routed
------------------------------------------------------------------------------------------------------------------------------------------------------------------------------------------------------------------------------------------

Timing Summary Report

------------------------------------------------------------------------------------------------
| Timer Settings
| --------------
------------------------------------------------------------------------------------------------

  Enable Multi Corner Analysis               :  Yes
  Enable Pessimism Removal                   :  Yes
  Pessimism Removal Resolution               :  Nearest Common Node
  Enable Input Delay Default Clock           :  No
  Enable Preset / Clear Arcs                 :  No
  Disable Flight Delays                      :  No
  Ignore I/O Paths                           :  No
  Timing Early Launch at Borrowing Latches   :  No
  Borrow Time for Max Delay Exceptions       :  Yes
  Merge Timing Exceptions                    :  Yes
  Inter-SLR Compensation                     :  Conservative

  Corner  Analyze    Analyze    
  Name    Max Paths  Min Paths  
  ------  ---------  ---------  
  Slow    Yes        Yes        
  Fast    Yes        Yes        


------------------------------------------------------------------------------------------------
| Report Methodology
| ------------------
------------------------------------------------------------------------------------------------

Rule       Severity          Description                    Violations  
---------  ----------------  -----------------------------  ----------  
TIMING-17  Critical Warning  Non-clocked sequential cell    33          
TIMING-18  Warning           Missing input or output delay  16          

Note: This report is based on the most recent report_methodology run and may not be up-to-date. Run report_methodology on the current design for the latest report.



check_timing report

Table of Contents
-----------------
1. checking no_clock (33)
2. checking constant_clock (0)
3. checking pulse_width_clock (0)
4. checking unconstrained_internal_endpoints (133)
5. checking no_input_delay (1)
6. checking no_output_delay (16)
7. checking multiple_clock (0)
8. checking generated_clocks (0)
9. checking loops (0)
10. checking partial_input_delay (0)
11. checking partial_output_delay (0)
12. checking latch_loops (0)

1. checking no_clock (33)
-------------------------
 There are 33 register/latch pins with no clock driven by root clock pin: DivFrecuencia/CLK_reg/Q (HIGH)


2. checking constant_clock (0)
------------------------------
 There are 0 register/latch pins with constant_clock.


3. checking pulse_width_clock (0)
---------------------------------
 There are 0 register/latch pins which need pulse_width check


4. checking unconstrained_internal_endpoints (133)
--------------------------------------------------
 There are 133 pins that are not constrained for maximum delay. (HIGH)

 There are 0 pins that are not constrained for maximum delay due to constant clock.


5. checking no_input_delay (1)
------------------------------
 There is 1 input port with no input delay specified. (HIGH)

 There are 0 input ports with no input delay but user has a false path constraint.


6. checking no_output_delay (16)
--------------------------------
 There are 16 ports with no output delay specified. (HIGH)

 There are 0 ports with no output delay but user has a false path constraint

 There are 0 ports with no output delay but with a timing clock defined on it or propagating through it


7. checking multiple_clock (0)
------------------------------
 There are 0 register/latch pins with multiple clocks.


8. checking generated_clocks (0)
--------------------------------
 There are 0 generated clocks that are not connected to a clock source.


9. checking loops (0)
---------------------
 There are 0 combinational loops in the design.


10. checking partial_input_delay (0)
------------------------------------
 There are 0 input ports with partial input delay specified.


11. checking partial_output_delay (0)
-------------------------------------
 There are 0 ports with partial output delay specified.


12. checking latch_loops (0)
----------------------------
 There are 0 combinational latch loops in the design through latch input



------------------------------------------------------------------------------------------------
| Design Timing Summary
| ---------------------
------------------------------------------------------------------------------------------------

    WNS(ns)      TNS(ns)  TNS Failing Endpoints  TNS Total Endpoints      WHS(ns)      THS(ns)  THS Failing Endpoints  THS Total Endpoints     WPWS(ns)     TPWS(ns)  TPWS Failing Endpoints  TPWS Total Endpoints  
    -------      -------  ---------------------  -------------------      -------      -------  ---------------------  -------------------     --------     --------  ----------------------  --------------------  
      6.899        0.000                      0                   75        0.114        0.000                      0                   75        4.500        0.000                       0                    49  


All user specified timing constraints are met.


------------------------------------------------------------------------------------------------
| Clock Summary
| -------------
------------------------------------------------------------------------------------------------

Clock        Waveform(ns)       Period(ns)      Frequency(MHz)
-----        ------------       ----------      --------------
sys_clk_pin  {0.000 5.000}      10.000          100.000         


------------------------------------------------------------------------------------------------
| Intra Clock Table
| -----------------
------------------------------------------------------------------------------------------------

Clock             WNS(ns)      TNS(ns)  TNS Failing Endpoints  TNS Total Endpoints      WHS(ns)      THS(ns)  THS Failing Endpoints  THS Total Endpoints     WPWS(ns)     TPWS(ns)  TPWS Failing Endpoints  TPWS Total Endpoints  
-----             -------      -------  ---------------------  -------------------      -------      -------  ---------------------  -------------------     --------     --------  ----------------------  --------------------  
sys_clk_pin         6.899        0.000                      0                   47        0.114        0.000                      0                   47        4.500        0.000                       0                    49  


------------------------------------------------------------------------------------------------
| Inter Clock Table
| -----------------
------------------------------------------------------------------------------------------------

From Clock    To Clock          WNS(ns)      TNS(ns)  TNS Failing Endpoints  TNS Total Endpoints      WHS(ns)      THS(ns)  THS Failing Endpoints  THS Total Endpoints  
----------    --------          -------      -------  ---------------------  -------------------      -------      -------  ---------------------  -------------------  


------------------------------------------------------------------------------------------------
| Other Path Groups Table
| -----------------------
------------------------------------------------------------------------------------------------

Path Group         From Clock         To Clock               WNS(ns)      TNS(ns)  TNS Failing Endpoints  TNS Total Endpoints      WHS(ns)      THS(ns)  THS Failing Endpoints  THS Total Endpoints  
----------         ----------         --------               -------      -------  ---------------------  -------------------      -------      -------  ---------------------  -------------------  
**async_default**  sys_clk_pin        sys_clk_pin              7.868        0.000                      0                   28        0.282        0.000                      0                   28  


------------------------------------------------------------------------------------------------
| User Ignored Path Table
| -----------------------
------------------------------------------------------------------------------------------------

Path Group    From Clock    To Clock    
----------    ----------    --------    


------------------------------------------------------------------------------------------------
| Unconstrained Path Table
| ------------------------
------------------------------------------------------------------------------------------------

Path Group    From Clock    To Clock    
----------    ----------    --------    
(none)                                    
(none)        sys_clk_pin                 
(none)                      sys_clk_pin   


------------------------------------------------------------------------------------------------
| Timing Details
| --------------
------------------------------------------------------------------------------------------------


---------------------------------------------------------------------------------------------------
From Clock:  sys_clk_pin
  To Clock:  sys_clk_pin

Setup :            0  Failing Endpoints,  Worst Slack        6.899ns,  Total Violation        0.000ns
Hold  :            0  Failing Endpoints,  Worst Slack        0.114ns,  Total Violation        0.000ns
PW    :            0  Failing Endpoints,  Worst Slack        4.500ns,  Total Violation        0.000ns
---------------------------------------------------------------------------------------------------


Max Delay Paths
--------------------------------------------------------------------------------------
Slack (MET) :             6.899ns  (required time - arrival time)
  Source:                 BCDTo7SegC/clk_counter_reg[11]/C
                            (rising edge-triggered cell FDRE clocked by sys_clk_pin  {rise@0.000ns fall@5.000ns period=10.000ns})
  Destination:            BCDTo7SegC/counter_reg[0]/D
                            (rising edge-triggered cell FDRE clocked by sys_clk_pin  {rise@0.000ns fall@5.000ns period=10.000ns})
  Path Group:             sys_clk_pin
  Path Type:              Setup (Max at Slow Process Corner)
  Requirement:            10.000ns  (sys_clk_pin rise@10.000ns - sys_clk_pin rise@0.000ns)
  Data Path Delay:        3.083ns  (logic 0.820ns (26.597%)  route 2.263ns (73.403%))
  Logic Levels:           4  (LUT2=1 LUT4=1 LUT5=1 LUT6=1)
  Clock Path Skew:        -0.028ns (DCD - SCD + CPR)
    Destination Clock Delay (DCD):    4.322ns = ( 14.322 - 10.000 ) 
    Source Clock Delay      (SCD):    4.592ns
    Clock Pessimism Removal (CPR):    0.243ns
  Clock Uncertainty:      0.035ns  ((TSJ^2 + TIJ^2)^1/2 + DJ) / 2 + PE
    Total System Jitter     (TSJ):    0.071ns
    Total Input Jitter      (TIJ):    0.000ns
    Discrete Jitter          (DJ):    0.000ns
    Phase Error              (PE):    0.000ns

    Location             Delay type                Incr(ns)  Path(ns)    Netlist Resource(s)
  -------------------------------------------------------------------    -------------------
                         (clock sys_clk_pin rise edge)
                                                      0.000     0.000 r  
    E3                                                0.000     0.000 r  OSC_CLK (IN)
                         net (fo=0)                   0.000     0.000    OSC_CLK
    E3                   IBUF (Prop_ibuf_I_O)         1.413     1.413 r  OSC_CLK_IBUF_inst/O
                         net (fo=1, routed)           1.717     3.130    OSC_CLK_IBUF
    BUFGCTRL_X0Y16       BUFG (Prop_bufg_I_O)         0.081     3.211 r  OSC_CLK_IBUF_BUFG_inst/O
                         net (fo=48, routed)          1.382     4.592    BCDTo7SegC/OSC_CLK_IBUF_BUFG
    SLICE_X44Y99         FDRE                                         r  BCDTo7SegC/clk_counter_reg[11]/C
  -------------------------------------------------------------------    -------------------
    SLICE_X44Y99         FDRE (Prop_fdre_C_Q)         0.379     4.971 f  BCDTo7SegC/clk_counter_reg[11]/Q
                         net (fo=2, routed)           0.562     5.533    BCDTo7SegC/clk_counter_reg[11]
    SLICE_X45Y99         LUT4 (Prop_lut4_I0_O)        0.105     5.638 r  BCDTo7SegC/counter[2]_i_5/O
                         net (fo=1, routed)           0.611     6.249    BCDTo7SegC/counter[2]_i_5_n_0
    SLICE_X45Y100        LUT5 (Prop_lut5_I4_O)        0.105     6.354 r  BCDTo7SegC/counter[2]_i_4/O
                         net (fo=1, routed)           0.629     6.984    BCDTo7SegC/counter[2]_i_4_n_0
    SLICE_X45Y97         LUT6 (Prop_lut6_I5_O)        0.105     7.089 r  BCDTo7SegC/counter[2]_i_2/O
                         net (fo=3, routed)           0.461     7.549    BCDTo7SegC/counter[2]_i_2_n_0
    SLICE_X43Y97         LUT2 (Prop_lut2_I0_O)        0.126     7.675 r  BCDTo7SegC/counter[0]_i_1/O
                         net (fo=1, routed)           0.000     7.675    BCDTo7SegC/counter[0]_i_1_n_0
    SLICE_X43Y97         FDRE                                         r  BCDTo7SegC/counter_reg[0]/D
  -------------------------------------------------------------------    -------------------

                         (clock sys_clk_pin rise edge)
                                                     10.000    10.000 r  
    E3                                                0.000    10.000 r  OSC_CLK (IN)
                         net (fo=0)                   0.000    10.000    OSC_CLK
    E3                   IBUF (Prop_ibuf_I_O)         1.347    11.347 r  OSC_CLK_IBUF_inst/O
                         net (fo=1, routed)           1.628    12.975    OSC_CLK_IBUF
    BUFGCTRL_X0Y16       BUFG (Prop_bufg_I_O)         0.077    13.052 r  OSC_CLK_IBUF_BUFG_inst/O
                         net (fo=48, routed)          1.270    14.322    BCDTo7SegC/OSC_CLK_IBUF_BUFG
    SLICE_X43Y97         FDRE                                         r  BCDTo7SegC/counter_reg[0]/C
                         clock pessimism              0.243    14.564    
                         clock uncertainty           -0.035    14.529    
    SLICE_X43Y97         FDRE (Setup_fdre_C_D)        0.045    14.574    BCDTo7SegC/counter_reg[0]
  -------------------------------------------------------------------
                         required time                         14.574    
                         arrival time                          -7.675    
  -------------------------------------------------------------------
                         slack                                  6.899    

Slack (MET) :             7.038ns  (required time - arrival time)
  Source:                 DivFrecuencia/CLK_reg/C
                            (rising edge-triggered cell FDCE clocked by sys_clk_pin  {rise@0.000ns fall@5.000ns period=10.000ns})
  Destination:            DivFrecuencia/CLK_reg/D
                            (rising edge-triggered cell FDCE clocked by sys_clk_pin  {rise@0.000ns fall@5.000ns period=10.000ns})
  Path Group:             sys_clk_pin
  Path Type:              Setup (Max at Slow Process Corner)
  Requirement:            10.000ns  (sys_clk_pin rise@10.000ns - sys_clk_pin rise@0.000ns)
  Data Path Delay:        2.957ns  (logic 0.565ns (19.107%)  route 2.392ns (80.893%))
  Logic Levels:           2  (BUFG=1 LUT6=1)
  Clock Path Skew:        0.000ns (DCD - SCD + CPR)
    Destination Clock Delay (DCD):    4.312ns = ( 14.312 - 10.000 ) 
    Source Clock Delay      (SCD):    4.582ns
    Clock Pessimism Removal (CPR):    0.271ns
  Clock Uncertainty:      0.035ns  ((TSJ^2 + TIJ^2)^1/2 + DJ) / 2 + PE
    Total System Jitter     (TSJ):    0.071ns
    Total Input Jitter      (TIJ):    0.000ns
    Discrete Jitter          (DJ):    0.000ns
    Phase Error              (PE):    0.000ns

    Location             Delay type                Incr(ns)  Path(ns)    Netlist Resource(s)
  -------------------------------------------------------------------    -------------------
                         (clock sys_clk_pin rise edge)
                                                      0.000     0.000 r  
    E3                                                0.000     0.000 r  OSC_CLK (IN)
                         net (fo=0)                   0.000     0.000    OSC_CLK
    E3                   IBUF (Prop_ibuf_I_O)         1.413     1.413 r  OSC_CLK_IBUF_inst/O
                         net (fo=1, routed)           1.717     3.130    OSC_CLK_IBUF
    BUFGCTRL_X0Y16       BUFG (Prop_bufg_I_O)         0.081     3.211 r  OSC_CLK_IBUF_BUFG_inst/O
                         net (fo=48, routed)          1.372     4.582    DivFrecuencia/OSC_CLK_IBUF_BUFG
    SLICE_X53Y95         FDCE                                         r  DivFrecuencia/CLK_reg/C
  -------------------------------------------------------------------    -------------------
    SLICE_X53Y95         FDCE (Prop_fdce_C_Q)         0.379     4.961 r  DivFrecuencia/CLK_reg/Q
                         net (fo=1, routed)           0.479     5.440    DivFrecuencia/CLK
    BUFGCTRL_X0Y0        BUFG (Prop_bufg_I_O)         0.081     5.521 r  DivFrecuencia/CLK_BUFG_inst/O
                         net (fo=34, routed)          1.913     7.434    DivFrecuencia/CLK_BUFG
    SLICE_X53Y95         LUT6 (Prop_lut6_I5_O)        0.105     7.539 r  DivFrecuencia/CLK_i_1/O
                         net (fo=1, routed)           0.000     7.539    DivFrecuencia/CLK_i_1_n_0
    SLICE_X53Y95         FDCE                                         r  DivFrecuencia/CLK_reg/D
  -------------------------------------------------------------------    -------------------

                         (clock sys_clk_pin rise edge)
                                                     10.000    10.000 r  
    E3                                                0.000    10.000 r  OSC_CLK (IN)
                         net (fo=0)                   0.000    10.000    OSC_CLK
    E3                   IBUF (Prop_ibuf_I_O)         1.347    11.347 r  OSC_CLK_IBUF_inst/O
                         net (fo=1, routed)           1.628    12.975    OSC_CLK_IBUF
    BUFGCTRL_X0Y16       BUFG (Prop_bufg_I_O)         0.077    13.052 r  OSC_CLK_IBUF_BUFG_inst/O
                         net (fo=48, routed)          1.260    14.312    DivFrecuencia/OSC_CLK_IBUF_BUFG
    SLICE_X53Y95         FDCE                                         r  DivFrecuencia/CLK_reg/C
                         clock pessimism              0.271    14.582    
                         clock uncertainty           -0.035    14.547    
    SLICE_X53Y95         FDCE (Setup_fdce_C_D)        0.030    14.577    DivFrecuencia/CLK_reg
  -------------------------------------------------------------------
                         required time                         14.577    
                         arrival time                          -7.539    
  -------------------------------------------------------------------
                         slack                                  7.038    

Slack (MET) :             7.044ns  (required time - arrival time)
  Source:                 BCDTo7SegC/clk_counter_reg[11]/C
                            (rising edge-triggered cell FDRE clocked by sys_clk_pin  {rise@0.000ns fall@5.000ns period=10.000ns})
  Destination:            BCDTo7SegC/counter_reg[1]/D
                            (rising edge-triggered cell FDRE clocked by sys_clk_pin  {rise@0.000ns fall@5.000ns period=10.000ns})
  Path Group:             sys_clk_pin
  Path Type:              Setup (Max at Slow Process Corner)
  Requirement:            10.000ns  (sys_clk_pin rise@10.000ns - sys_clk_pin rise@0.000ns)
  Data Path Delay:        2.925ns  (logic 0.799ns (27.316%)  route 2.126ns (72.684%))
  Logic Levels:           4  (LUT3=1 LUT4=1 LUT5=1 LUT6=1)
  Clock Path Skew:        -0.028ns (DCD - SCD + CPR)
    Destination Clock Delay (DCD):    4.322ns = ( 14.322 - 10.000 ) 
    Source Clock Delay      (SCD):    4.592ns
    Clock Pessimism Removal (CPR):    0.243ns
  Clock Uncertainty:      0.035ns  ((TSJ^2 + TIJ^2)^1/2 + DJ) / 2 + PE
    Total System Jitter     (TSJ):    0.071ns
    Total Input Jitter      (TIJ):    0.000ns
    Discrete Jitter          (DJ):    0.000ns
    Phase Error              (PE):    0.000ns

    Location             Delay type                Incr(ns)  Path(ns)    Netlist Resource(s)
  -------------------------------------------------------------------    -------------------
                         (clock sys_clk_pin rise edge)
                                                      0.000     0.000 r  
    E3                                                0.000     0.000 r  OSC_CLK (IN)
                         net (fo=0)                   0.000     0.000    OSC_CLK
    E3                   IBUF (Prop_ibuf_I_O)         1.413     1.413 r  OSC_CLK_IBUF_inst/O
                         net (fo=1, routed)           1.717     3.130    OSC_CLK_IBUF
    BUFGCTRL_X0Y16       BUFG (Prop_bufg_I_O)         0.081     3.211 r  OSC_CLK_IBUF_BUFG_inst/O
                         net (fo=48, routed)          1.382     4.592    BCDTo7SegC/OSC_CLK_IBUF_BUFG
    SLICE_X44Y99         FDRE                                         r  BCDTo7SegC/clk_counter_reg[11]/C
  -------------------------------------------------------------------    -------------------
    SLICE_X44Y99         FDRE (Prop_fdre_C_Q)         0.379     4.971 f  BCDTo7SegC/clk_counter_reg[11]/Q
                         net (fo=2, routed)           0.562     5.533    BCDTo7SegC/clk_counter_reg[11]
    SLICE_X45Y99         LUT4 (Prop_lut4_I0_O)        0.105     5.638 r  BCDTo7SegC/counter[2]_i_5/O
                         net (fo=1, routed)           0.611     6.249    BCDTo7SegC/counter[2]_i_5_n_0
    SLICE_X45Y100        LUT5 (Prop_lut5_I4_O)        0.105     6.354 r  BCDTo7SegC/counter[2]_i_4/O
                         net (fo=1, routed)           0.629     6.984    BCDTo7SegC/counter[2]_i_4_n_0
    SLICE_X45Y97         LUT6 (Prop_lut6_I5_O)        0.105     7.089 r  BCDTo7SegC/counter[2]_i_2/O
                         net (fo=3, routed)           0.324     7.412    BCDTo7SegC/counter[2]_i_2_n_0
    SLICE_X43Y97         LUT3 (Prop_lut3_I1_O)        0.105     7.517 r  BCDTo7SegC/counter[1]_i_1/O
                         net (fo=1, routed)           0.000     7.517    BCDTo7SegC/counter[1]_i_1_n_0
    SLICE_X43Y97         FDRE                                         r  BCDTo7SegC/counter_reg[1]/D
  -------------------------------------------------------------------    -------------------

                         (clock sys_clk_pin rise edge)
                                                     10.000    10.000 r  
    E3                                                0.000    10.000 r  OSC_CLK (IN)
                         net (fo=0)                   0.000    10.000    OSC_CLK
    E3                   IBUF (Prop_ibuf_I_O)         1.347    11.347 r  OSC_CLK_IBUF_inst/O
                         net (fo=1, routed)           1.628    12.975    OSC_CLK_IBUF
    BUFGCTRL_X0Y16       BUFG (Prop_bufg_I_O)         0.077    13.052 r  OSC_CLK_IBUF_BUFG_inst/O
                         net (fo=48, routed)          1.270    14.322    BCDTo7SegC/OSC_CLK_IBUF_BUFG
    SLICE_X43Y97         FDRE                                         r  BCDTo7SegC/counter_reg[1]/C
                         clock pessimism              0.243    14.564    
                         clock uncertainty           -0.035    14.529    
    SLICE_X43Y97         FDRE (Setup_fdre_C_D)        0.032    14.561    BCDTo7SegC/counter_reg[1]
  -------------------------------------------------------------------
                         required time                         14.561    
                         arrival time                          -7.517    
  -------------------------------------------------------------------
                         slack                                  7.044    

Slack (MET) :             7.078ns  (required time - arrival time)
  Source:                 BCDTo7SegC/clk_counter_reg[11]/C
                            (rising edge-triggered cell FDRE clocked by sys_clk_pin  {rise@0.000ns fall@5.000ns period=10.000ns})
  Destination:            BCDTo7SegC/counter_reg[2]/D
                            (rising edge-triggered cell FDRE clocked by sys_clk_pin  {rise@0.000ns fall@5.000ns period=10.000ns})
  Path Group:             sys_clk_pin
  Path Type:              Setup (Max at Slow Process Corner)
  Requirement:            10.000ns  (sys_clk_pin rise@10.000ns - sys_clk_pin rise@0.000ns)
  Data Path Delay:        2.928ns  (logic 0.802ns (27.391%)  route 2.126ns (72.609%))
  Logic Levels:           4  (LUT4=2 LUT5=1 LUT6=1)
  Clock Path Skew:        -0.028ns (DCD - SCD + CPR)
    Destination Clock Delay (DCD):    4.322ns = ( 14.322 - 10.000 ) 
    Source Clock Delay      (SCD):    4.592ns
    Clock Pessimism Removal (CPR):    0.243ns
  Clock Uncertainty:      0.035ns  ((TSJ^2 + TIJ^2)^1/2 + DJ) / 2 + PE
    Total System Jitter     (TSJ):    0.071ns
    Total Input Jitter      (TIJ):    0.000ns
    Discrete Jitter          (DJ):    0.000ns
    Phase Error              (PE):    0.000ns

    Location             Delay type                Incr(ns)  Path(ns)    Netlist Resource(s)
  -------------------------------------------------------------------    -------------------
                         (clock sys_clk_pin rise edge)
                                                      0.000     0.000 r  
    E3                                                0.000     0.000 r  OSC_CLK (IN)
                         net (fo=0)                   0.000     0.000    OSC_CLK
    E3                   IBUF (Prop_ibuf_I_O)         1.413     1.413 r  OSC_CLK_IBUF_inst/O
                         net (fo=1, routed)           1.717     3.130    OSC_CLK_IBUF
    BUFGCTRL_X0Y16       BUFG (Prop_bufg_I_O)         0.081     3.211 r  OSC_CLK_IBUF_BUFG_inst/O
                         net (fo=48, routed)          1.382     4.592    BCDTo7SegC/OSC_CLK_IBUF_BUFG
    SLICE_X44Y99         FDRE                                         r  BCDTo7SegC/clk_counter_reg[11]/C
  -------------------------------------------------------------------    -------------------
    SLICE_X44Y99         FDRE (Prop_fdre_C_Q)         0.379     4.971 f  BCDTo7SegC/clk_counter_reg[11]/Q
                         net (fo=2, routed)           0.562     5.533    BCDTo7SegC/clk_counter_reg[11]
    SLICE_X45Y99         LUT4 (Prop_lut4_I0_O)        0.105     5.638 r  BCDTo7SegC/counter[2]_i_5/O
                         net (fo=1, routed)           0.611     6.249    BCDTo7SegC/counter[2]_i_5_n_0
    SLICE_X45Y100        LUT5 (Prop_lut5_I4_O)        0.105     6.354 r  BCDTo7SegC/counter[2]_i_4/O
                         net (fo=1, routed)           0.629     6.984    BCDTo7SegC/counter[2]_i_4_n_0
    SLICE_X45Y97         LUT6 (Prop_lut6_I5_O)        0.105     7.089 r  BCDTo7SegC/counter[2]_i_2/O
                         net (fo=3, routed)           0.324     7.412    BCDTo7SegC/counter[2]_i_2_n_0
    SLICE_X43Y97         LUT4 (Prop_lut4_I2_O)        0.108     7.520 r  BCDTo7SegC/counter[2]_i_1/O
                         net (fo=1, routed)           0.000     7.520    BCDTo7SegC/counter[2]_i_1_n_0
    SLICE_X43Y97         FDRE                                         r  BCDTo7SegC/counter_reg[2]/D
  -------------------------------------------------------------------    -------------------

                         (clock sys_clk_pin rise edge)
                                                     10.000    10.000 r  
    E3                                                0.000    10.000 r  OSC_CLK (IN)
                         net (fo=0)                   0.000    10.000    OSC_CLK
    E3                   IBUF (Prop_ibuf_I_O)         1.347    11.347 r  OSC_CLK_IBUF_inst/O
                         net (fo=1, routed)           1.628    12.975    OSC_CLK_IBUF
    BUFGCTRL_X0Y16       BUFG (Prop_bufg_I_O)         0.077    13.052 r  OSC_CLK_IBUF_BUFG_inst/O
                         net (fo=48, routed)          1.270    14.322    BCDTo7SegC/OSC_CLK_IBUF_BUFG
    SLICE_X43Y97         FDRE                                         r  BCDTo7SegC/counter_reg[2]/C
                         clock pessimism              0.243    14.564    
                         clock uncertainty           -0.035    14.529    
    SLICE_X43Y97         FDRE (Setup_fdre_C_D)        0.069    14.598    BCDTo7SegC/counter_reg[2]
  -------------------------------------------------------------------
                         required time                         14.598    
                         arrival time                          -7.520    
  -------------------------------------------------------------------
                         slack                                  7.078    

Slack (MET) :             7.797ns  (required time - arrival time)
  Source:                 DivFrecuencia/CONT_reg[0]/C
                            (rising edge-triggered cell FDCE clocked by sys_clk_pin  {rise@0.000ns fall@5.000ns period=10.000ns})
  Destination:            DivFrecuencia/CONT_reg[25]/D
                            (rising edge-triggered cell FDCE clocked by sys_clk_pin  {rise@0.000ns fall@5.000ns period=10.000ns})
  Path Group:             sys_clk_pin
  Path Type:              Setup (Max at Slow Process Corner)
  Requirement:            10.000ns  (sys_clk_pin rise@10.000ns - sys_clk_pin rise@0.000ns)
  Data Path Delay:        2.097ns  (logic 1.679ns (80.053%)  route 0.418ns (19.948%))
  Logic Levels:           8  (CARRY4=7 LUT1=1)
  Clock Path Skew:        -0.130ns (DCD - SCD + CPR)
    Destination Clock Delay (DCD):    4.294ns = ( 14.294 - 10.000 ) 
    Source Clock Delay      (SCD):    4.582ns
    Clock Pessimism Removal (CPR):    0.159ns
  Clock Uncertainty:      0.035ns  ((TSJ^2 + TIJ^2)^1/2 + DJ) / 2 + PE
    Total System Jitter     (TSJ):    0.071ns
    Total Input Jitter      (TIJ):    0.000ns
    Discrete Jitter          (DJ):    0.000ns
    Phase Error              (PE):    0.000ns

    Location             Delay type                Incr(ns)  Path(ns)    Netlist Resource(s)
  -------------------------------------------------------------------    -------------------
                         (clock sys_clk_pin rise edge)
                                                      0.000     0.000 r  
    E3                                                0.000     0.000 r  OSC_CLK (IN)
                         net (fo=0)                   0.000     0.000    OSC_CLK
    E3                   IBUF (Prop_ibuf_I_O)         1.413     1.413 r  OSC_CLK_IBUF_inst/O
                         net (fo=1, routed)           1.717     3.130    OSC_CLK_IBUF
    BUFGCTRL_X0Y16       BUFG (Prop_bufg_I_O)         0.081     3.211 r  OSC_CLK_IBUF_BUFG_inst/O
                         net (fo=48, routed)          1.372     4.582    DivFrecuencia/OSC_CLK_IBUF_BUFG
    SLICE_X52Y94         FDCE                                         r  DivFrecuencia/CONT_reg[0]/C
  -------------------------------------------------------------------    -------------------
    SLICE_X52Y94         FDCE (Prop_fdce_C_Q)         0.379     4.961 f  DivFrecuencia/CONT_reg[0]/Q
                         net (fo=2, routed)           0.418     5.379    DivFrecuencia/CONT_reg[0]
    SLICE_X52Y94         LUT1 (Prop_lut1_I0_O)        0.105     5.484 r  DivFrecuencia/CONT[0]_i_2/O
                         net (fo=1, routed)           0.000     5.484    DivFrecuencia/CONT[0]_i_2_n_0
    SLICE_X52Y94         CARRY4 (Prop_carry4_S[0]_CO[3])
                                                      0.440     5.924 r  DivFrecuencia/CONT_reg[0]_i_1/CO[3]
                         net (fo=1, routed)           0.000     5.924    DivFrecuencia/CONT_reg[0]_i_1_n_0
    SLICE_X52Y95         CARRY4 (Prop_carry4_CI_CO[3])
                                                      0.098     6.022 r  DivFrecuencia/CONT_reg[4]_i_1/CO[3]
                         net (fo=1, routed)           0.000     6.022    DivFrecuencia/CONT_reg[4]_i_1_n_0
    SLICE_X52Y96         CARRY4 (Prop_carry4_CI_CO[3])
                                                      0.098     6.120 r  DivFrecuencia/CONT_reg[8]_i_1/CO[3]
                         net (fo=1, routed)           0.000     6.120    DivFrecuencia/CONT_reg[8]_i_1_n_0
    SLICE_X52Y97         CARRY4 (Prop_carry4_CI_CO[3])
                                                      0.098     6.218 r  DivFrecuencia/CONT_reg[12]_i_1/CO[3]
                         net (fo=1, routed)           0.000     6.218    DivFrecuencia/CONT_reg[12]_i_1_n_0
    SLICE_X52Y98         CARRY4 (Prop_carry4_CI_CO[3])
                                                      0.098     6.316 r  DivFrecuencia/CONT_reg[16]_i_1/CO[3]
                         net (fo=1, routed)           0.000     6.316    DivFrecuencia/CONT_reg[16]_i_1_n_0
    SLICE_X52Y99         CARRY4 (Prop_carry4_CI_CO[3])
                                                      0.098     6.414 r  DivFrecuencia/CONT_reg[20]_i_1/CO[3]
                         net (fo=1, routed)           0.001     6.415    DivFrecuencia/CONT_reg[20]_i_1_n_0
    SLICE_X52Y100        CARRY4 (Prop_carry4_CI_O[1])
                                                      0.265     6.680 r  DivFrecuencia/CONT_reg[24]_i_1/O[1]
                         net (fo=1, routed)           0.000     6.680    DivFrecuencia/CONT_reg[24]_i_1_n_6
    SLICE_X52Y100        FDCE                                         r  DivFrecuencia/CONT_reg[25]/D
  -------------------------------------------------------------------    -------------------

                         (clock sys_clk_pin rise edge)
                                                     10.000    10.000 r  
    E3                                                0.000    10.000 r  OSC_CLK (IN)
                         net (fo=0)                   0.000    10.000    OSC_CLK
    E3                   IBUF (Prop_ibuf_I_O)         1.347    11.347 r  OSC_CLK_IBUF_inst/O
                         net (fo=1, routed)           1.628    12.975    OSC_CLK_IBUF
    BUFGCTRL_X0Y16       BUFG (Prop_bufg_I_O)         0.077    13.052 r  OSC_CLK_IBUF_BUFG_inst/O
                         net (fo=48, routed)          1.242    14.294    DivFrecuencia/OSC_CLK_IBUF_BUFG
    SLICE_X52Y100        FDCE                                         r  DivFrecuencia/CONT_reg[25]/C
                         clock pessimism              0.159    14.453    
                         clock uncertainty           -0.035    14.417    
    SLICE_X52Y100        FDCE (Setup_fdce_C_D)        0.059    14.476    DivFrecuencia/CONT_reg[25]
  -------------------------------------------------------------------
                         required time                         14.476    
                         arrival time                          -6.680    
  -------------------------------------------------------------------
                         slack                                  7.797    

Slack (MET) :             7.862ns  (required time - arrival time)
  Source:                 DivFrecuencia/CONT_reg[0]/C
                            (rising edge-triggered cell FDCE clocked by sys_clk_pin  {rise@0.000ns fall@5.000ns period=10.000ns})
  Destination:            DivFrecuencia/CONT_reg[26]/D
                            (rising edge-triggered cell FDCE clocked by sys_clk_pin  {rise@0.000ns fall@5.000ns period=10.000ns})
  Path Group:             sys_clk_pin
  Path Type:              Setup (Max at Slow Process Corner)
  Requirement:            10.000ns  (sys_clk_pin rise@10.000ns - sys_clk_pin rise@0.000ns)
  Data Path Delay:        2.032ns  (logic 1.614ns (79.415%)  route 0.418ns (20.585%))
  Logic Levels:           8  (CARRY4=7 LUT1=1)
  Clock Path Skew:        -0.130ns (DCD - SCD + CPR)
    Destination Clock Delay (DCD):    4.294ns = ( 14.294 - 10.000 ) 
    Source Clock Delay      (SCD):    4.582ns
    Clock Pessimism Removal (CPR):    0.159ns
  Clock Uncertainty:      0.035ns  ((TSJ^2 + TIJ^2)^1/2 + DJ) / 2 + PE
    Total System Jitter     (TSJ):    0.071ns
    Total Input Jitter      (TIJ):    0.000ns
    Discrete Jitter          (DJ):    0.000ns
    Phase Error              (PE):    0.000ns

    Location             Delay type                Incr(ns)  Path(ns)    Netlist Resource(s)
  -------------------------------------------------------------------    -------------------
                         (clock sys_clk_pin rise edge)
                                                      0.000     0.000 r  
    E3                                                0.000     0.000 r  OSC_CLK (IN)
                         net (fo=0)                   0.000     0.000    OSC_CLK
    E3                   IBUF (Prop_ibuf_I_O)         1.413     1.413 r  OSC_CLK_IBUF_inst/O
                         net (fo=1, routed)           1.717     3.130    OSC_CLK_IBUF
    BUFGCTRL_X0Y16       BUFG (Prop_bufg_I_O)         0.081     3.211 r  OSC_CLK_IBUF_BUFG_inst/O
                         net (fo=48, routed)          1.372     4.582    DivFrecuencia/OSC_CLK_IBUF_BUFG
    SLICE_X52Y94         FDCE                                         r  DivFrecuencia/CONT_reg[0]/C
  -------------------------------------------------------------------    -------------------
    SLICE_X52Y94         FDCE (Prop_fdce_C_Q)         0.379     4.961 f  DivFrecuencia/CONT_reg[0]/Q
                         net (fo=2, routed)           0.418     5.379    DivFrecuencia/CONT_reg[0]
    SLICE_X52Y94         LUT1 (Prop_lut1_I0_O)        0.105     5.484 r  DivFrecuencia/CONT[0]_i_2/O
                         net (fo=1, routed)           0.000     5.484    DivFrecuencia/CONT[0]_i_2_n_0
    SLICE_X52Y94         CARRY4 (Prop_carry4_S[0]_CO[3])
                                                      0.440     5.924 r  DivFrecuencia/CONT_reg[0]_i_1/CO[3]
                         net (fo=1, routed)           0.000     5.924    DivFrecuencia/CONT_reg[0]_i_1_n_0
    SLICE_X52Y95         CARRY4 (Prop_carry4_CI_CO[3])
                                                      0.098     6.022 r  DivFrecuencia/CONT_reg[4]_i_1/CO[3]
                         net (fo=1, routed)           0.000     6.022    DivFrecuencia/CONT_reg[4]_i_1_n_0
    SLICE_X52Y96         CARRY4 (Prop_carry4_CI_CO[3])
                                                      0.098     6.120 r  DivFrecuencia/CONT_reg[8]_i_1/CO[3]
                         net (fo=1, routed)           0.000     6.120    DivFrecuencia/CONT_reg[8]_i_1_n_0
    SLICE_X52Y97         CARRY4 (Prop_carry4_CI_CO[3])
                                                      0.098     6.218 r  DivFrecuencia/CONT_reg[12]_i_1/CO[3]
                         net (fo=1, routed)           0.000     6.218    DivFrecuencia/CONT_reg[12]_i_1_n_0
    SLICE_X52Y98         CARRY4 (Prop_carry4_CI_CO[3])
                                                      0.098     6.316 r  DivFrecuencia/CONT_reg[16]_i_1/CO[3]
                         net (fo=1, routed)           0.000     6.316    DivFrecuencia/CONT_reg[16]_i_1_n_0
    SLICE_X52Y99         CARRY4 (Prop_carry4_CI_CO[3])
                                                      0.098     6.414 r  DivFrecuencia/CONT_reg[20]_i_1/CO[3]
                         net (fo=1, routed)           0.001     6.415    DivFrecuencia/CONT_reg[20]_i_1_n_0
    SLICE_X52Y100        CARRY4 (Prop_carry4_CI_O[2])
                                                      0.200     6.615 r  DivFrecuencia/CONT_reg[24]_i_1/O[2]
                         net (fo=1, routed)           0.000     6.615    DivFrecuencia/CONT_reg[24]_i_1_n_5
    SLICE_X52Y100        FDCE                                         r  DivFrecuencia/CONT_reg[26]/D
  -------------------------------------------------------------------    -------------------

                         (clock sys_clk_pin rise edge)
                                                     10.000    10.000 r  
    E3                                                0.000    10.000 r  OSC_CLK (IN)
                         net (fo=0)                   0.000    10.000    OSC_CLK
    E3                   IBUF (Prop_ibuf_I_O)         1.347    11.347 r  OSC_CLK_IBUF_inst/O
                         net (fo=1, routed)           1.628    12.975    OSC_CLK_IBUF
    BUFGCTRL_X0Y16       BUFG (Prop_bufg_I_O)         0.077    13.052 r  OSC_CLK_IBUF_BUFG_inst/O
                         net (fo=48, routed)          1.242    14.294    DivFrecuencia/OSC_CLK_IBUF_BUFG
    SLICE_X52Y100        FDCE                                         r  DivFrecuencia/CONT_reg[26]/C
                         clock pessimism              0.159    14.453    
                         clock uncertainty           -0.035    14.417    
    SLICE_X52Y100        FDCE (Setup_fdce_C_D)        0.059    14.476    DivFrecuencia/CONT_reg[26]
  -------------------------------------------------------------------
                         required time                         14.476    
                         arrival time                          -6.615    
  -------------------------------------------------------------------
                         slack                                  7.862    

Slack (MET) :             7.881ns  (required time - arrival time)
  Source:                 DivFrecuencia/CONT_reg[0]/C
                            (rising edge-triggered cell FDCE clocked by sys_clk_pin  {rise@0.000ns fall@5.000ns period=10.000ns})
  Destination:            DivFrecuencia/CONT_reg[24]/D
                            (rising edge-triggered cell FDCE clocked by sys_clk_pin  {rise@0.000ns fall@5.000ns period=10.000ns})
  Path Group:             sys_clk_pin
  Path Type:              Setup (Max at Slow Process Corner)
  Requirement:            10.000ns  (sys_clk_pin rise@10.000ns - sys_clk_pin rise@0.000ns)
  Data Path Delay:        2.013ns  (logic 1.595ns (79.220%)  route 0.418ns (20.780%))
  Logic Levels:           8  (CARRY4=7 LUT1=1)
  Clock Path Skew:        -0.130ns (DCD - SCD + CPR)
    Destination Clock Delay (DCD):    4.294ns = ( 14.294 - 10.000 ) 
    Source Clock Delay      (SCD):    4.582ns
    Clock Pessimism Removal (CPR):    0.159ns
  Clock Uncertainty:      0.035ns  ((TSJ^2 + TIJ^2)^1/2 + DJ) / 2 + PE
    Total System Jitter     (TSJ):    0.071ns
    Total Input Jitter      (TIJ):    0.000ns
    Discrete Jitter          (DJ):    0.000ns
    Phase Error              (PE):    0.000ns

    Location             Delay type                Incr(ns)  Path(ns)    Netlist Resource(s)
  -------------------------------------------------------------------    -------------------
                         (clock sys_clk_pin rise edge)
                                                      0.000     0.000 r  
    E3                                                0.000     0.000 r  OSC_CLK (IN)
                         net (fo=0)                   0.000     0.000    OSC_CLK
    E3                   IBUF (Prop_ibuf_I_O)         1.413     1.413 r  OSC_CLK_IBUF_inst/O
                         net (fo=1, routed)           1.717     3.130    OSC_CLK_IBUF
    BUFGCTRL_X0Y16       BUFG (Prop_bufg_I_O)         0.081     3.211 r  OSC_CLK_IBUF_BUFG_inst/O
                         net (fo=48, routed)          1.372     4.582    DivFrecuencia/OSC_CLK_IBUF_BUFG
    SLICE_X52Y94         FDCE                                         r  DivFrecuencia/CONT_reg[0]/C
  -------------------------------------------------------------------    -------------------
    SLICE_X52Y94         FDCE (Prop_fdce_C_Q)         0.379     4.961 f  DivFrecuencia/CONT_reg[0]/Q
                         net (fo=2, routed)           0.418     5.379    DivFrecuencia/CONT_reg[0]
    SLICE_X52Y94         LUT1 (Prop_lut1_I0_O)        0.105     5.484 r  DivFrecuencia/CONT[0]_i_2/O
                         net (fo=1, routed)           0.000     5.484    DivFrecuencia/CONT[0]_i_2_n_0
    SLICE_X52Y94         CARRY4 (Prop_carry4_S[0]_CO[3])
                                                      0.440     5.924 r  DivFrecuencia/CONT_reg[0]_i_1/CO[3]
                         net (fo=1, routed)           0.000     5.924    DivFrecuencia/CONT_reg[0]_i_1_n_0
    SLICE_X52Y95         CARRY4 (Prop_carry4_CI_CO[3])
                                                      0.098     6.022 r  DivFrecuencia/CONT_reg[4]_i_1/CO[3]
                         net (fo=1, routed)           0.000     6.022    DivFrecuencia/CONT_reg[4]_i_1_n_0
    SLICE_X52Y96         CARRY4 (Prop_carry4_CI_CO[3])
                                                      0.098     6.120 r  DivFrecuencia/CONT_reg[8]_i_1/CO[3]
                         net (fo=1, routed)           0.000     6.120    DivFrecuencia/CONT_reg[8]_i_1_n_0
    SLICE_X52Y97         CARRY4 (Prop_carry4_CI_CO[3])
                                                      0.098     6.218 r  DivFrecuencia/CONT_reg[12]_i_1/CO[3]
                         net (fo=1, routed)           0.000     6.218    DivFrecuencia/CONT_reg[12]_i_1_n_0
    SLICE_X52Y98         CARRY4 (Prop_carry4_CI_CO[3])
                                                      0.098     6.316 r  DivFrecuencia/CONT_reg[16]_i_1/CO[3]
                         net (fo=1, routed)           0.000     6.316    DivFrecuencia/CONT_reg[16]_i_1_n_0
    SLICE_X52Y99         CARRY4 (Prop_carry4_CI_CO[3])
                                                      0.098     6.414 r  DivFrecuencia/CONT_reg[20]_i_1/CO[3]
                         net (fo=1, routed)           0.001     6.415    DivFrecuencia/CONT_reg[20]_i_1_n_0
    SLICE_X52Y100        CARRY4 (Prop_carry4_CI_O[0])
                                                      0.181     6.596 r  DivFrecuencia/CONT_reg[24]_i_1/O[0]
                         net (fo=1, routed)           0.000     6.596    DivFrecuencia/CONT_reg[24]_i_1_n_7
    SLICE_X52Y100        FDCE                                         r  DivFrecuencia/CONT_reg[24]/D
  -------------------------------------------------------------------    -------------------

                         (clock sys_clk_pin rise edge)
                                                     10.000    10.000 r  
    E3                                                0.000    10.000 r  OSC_CLK (IN)
                         net (fo=0)                   0.000    10.000    OSC_CLK
    E3                   IBUF (Prop_ibuf_I_O)         1.347    11.347 r  OSC_CLK_IBUF_inst/O
                         net (fo=1, routed)           1.628    12.975    OSC_CLK_IBUF
    BUFGCTRL_X0Y16       BUFG (Prop_bufg_I_O)         0.077    13.052 r  OSC_CLK_IBUF_BUFG_inst/O
                         net (fo=48, routed)          1.242    14.294    DivFrecuencia/OSC_CLK_IBUF_BUFG
    SLICE_X52Y100        FDCE                                         r  DivFrecuencia/CONT_reg[24]/C
                         clock pessimism              0.159    14.453    
                         clock uncertainty           -0.035    14.417    
    SLICE_X52Y100        FDCE (Setup_fdce_C_D)        0.059    14.476    DivFrecuencia/CONT_reg[24]
  -------------------------------------------------------------------
                         required time                         14.476    
                         arrival time                          -6.596    
  -------------------------------------------------------------------
                         slack                                  7.881    

Slack (MET) :             7.997ns  (required time - arrival time)
  Source:                 DivFrecuencia/CONT_reg[0]/C
                            (rising edge-triggered cell FDCE clocked by sys_clk_pin  {rise@0.000ns fall@5.000ns period=10.000ns})
  Destination:            DivFrecuencia/CONT_reg[21]/D
                            (rising edge-triggered cell FDCE clocked by sys_clk_pin  {rise@0.000ns fall@5.000ns period=10.000ns})
  Path Group:             sys_clk_pin
  Path Type:              Setup (Max at Slow Process Corner)
  Requirement:            10.000ns  (sys_clk_pin rise@10.000ns - sys_clk_pin rise@0.000ns)
  Data Path Delay:        1.999ns  (logic 1.581ns (79.102%)  route 0.418ns (20.898%))
  Logic Levels:           7  (CARRY4=6 LUT1=1)
  Clock Path Skew:        -0.028ns (DCD - SCD + CPR)
    Destination Clock Delay (DCD):    4.312ns = ( 14.312 - 10.000 ) 
    Source Clock Delay      (SCD):    4.582ns
    Clock Pessimism Removal (CPR):    0.243ns
  Clock Uncertainty:      0.035ns  ((TSJ^2 + TIJ^2)^1/2 + DJ) / 2 + PE
    Total System Jitter     (TSJ):    0.071ns
    Total Input Jitter      (TIJ):    0.000ns
    Discrete Jitter          (DJ):    0.000ns
    Phase Error              (PE):    0.000ns

    Location             Delay type                Incr(ns)  Path(ns)    Netlist Resource(s)
  -------------------------------------------------------------------    -------------------
                         (clock sys_clk_pin rise edge)
                                                      0.000     0.000 r  
    E3                                                0.000     0.000 r  OSC_CLK (IN)
                         net (fo=0)                   0.000     0.000    OSC_CLK
    E3                   IBUF (Prop_ibuf_I_O)         1.413     1.413 r  OSC_CLK_IBUF_inst/O
                         net (fo=1, routed)           1.717     3.130    OSC_CLK_IBUF
    BUFGCTRL_X0Y16       BUFG (Prop_bufg_I_O)         0.081     3.211 r  OSC_CLK_IBUF_BUFG_inst/O
                         net (fo=48, routed)          1.372     4.582    DivFrecuencia/OSC_CLK_IBUF_BUFG
    SLICE_X52Y94         FDCE                                         r  DivFrecuencia/CONT_reg[0]/C
  -------------------------------------------------------------------    -------------------
    SLICE_X52Y94         FDCE (Prop_fdce_C_Q)         0.379     4.961 f  DivFrecuencia/CONT_reg[0]/Q
                         net (fo=2, routed)           0.418     5.379    DivFrecuencia/CONT_reg[0]
    SLICE_X52Y94         LUT1 (Prop_lut1_I0_O)        0.105     5.484 r  DivFrecuencia/CONT[0]_i_2/O
                         net (fo=1, routed)           0.000     5.484    DivFrecuencia/CONT[0]_i_2_n_0
    SLICE_X52Y94         CARRY4 (Prop_carry4_S[0]_CO[3])
                                                      0.440     5.924 r  DivFrecuencia/CONT_reg[0]_i_1/CO[3]
                         net (fo=1, routed)           0.000     5.924    DivFrecuencia/CONT_reg[0]_i_1_n_0
    SLICE_X52Y95         CARRY4 (Prop_carry4_CI_CO[3])
                                                      0.098     6.022 r  DivFrecuencia/CONT_reg[4]_i_1/CO[3]
                         net (fo=1, routed)           0.000     6.022    DivFrecuencia/CONT_reg[4]_i_1_n_0
    SLICE_X52Y96         CARRY4 (Prop_carry4_CI_CO[3])
                                                      0.098     6.120 r  DivFrecuencia/CONT_reg[8]_i_1/CO[3]
                         net (fo=1, routed)           0.000     6.120    DivFrecuencia/CONT_reg[8]_i_1_n_0
    SLICE_X52Y97         CARRY4 (Prop_carry4_CI_CO[3])
                                                      0.098     6.218 r  DivFrecuencia/CONT_reg[12]_i_1/CO[3]
                         net (fo=1, routed)           0.000     6.218    DivFrecuencia/CONT_reg[12]_i_1_n_0
    SLICE_X52Y98         CARRY4 (Prop_carry4_CI_CO[3])
                                                      0.098     6.316 r  DivFrecuencia/CONT_reg[16]_i_1/CO[3]
                         net (fo=1, routed)           0.000     6.316    DivFrecuencia/CONT_reg[16]_i_1_n_0
    SLICE_X52Y99         CARRY4 (Prop_carry4_CI_O[1])
                                                      0.265     6.581 r  DivFrecuencia/CONT_reg[20]_i_1/O[1]
                         net (fo=1, routed)           0.000     6.581    DivFrecuencia/CONT_reg[20]_i_1_n_6
    SLICE_X52Y99         FDCE                                         r  DivFrecuencia/CONT_reg[21]/D
  -------------------------------------------------------------------    -------------------

                         (clock sys_clk_pin rise edge)
                                                     10.000    10.000 r  
    E3                                                0.000    10.000 r  OSC_CLK (IN)
                         net (fo=0)                   0.000    10.000    OSC_CLK
    E3                   IBUF (Prop_ibuf_I_O)         1.347    11.347 r  OSC_CLK_IBUF_inst/O
                         net (fo=1, routed)           1.628    12.975    OSC_CLK_IBUF
    BUFGCTRL_X0Y16       BUFG (Prop_bufg_I_O)         0.077    13.052 r  OSC_CLK_IBUF_BUFG_inst/O
                         net (fo=48, routed)          1.260    14.312    DivFrecuencia/OSC_CLK_IBUF_BUFG
    SLICE_X52Y99         FDCE                                         r  DivFrecuencia/CONT_reg[21]/C
                         clock pessimism              0.243    14.554    
                         clock uncertainty           -0.035    14.519    
    SLICE_X52Y99         FDCE (Setup_fdce_C_D)        0.059    14.578    DivFrecuencia/CONT_reg[21]
  -------------------------------------------------------------------
                         required time                         14.578    
                         arrival time                          -6.581    
  -------------------------------------------------------------------
                         slack                                  7.997    

Slack (MET) :             8.002ns  (required time - arrival time)
  Source:                 DivFrecuencia/CONT_reg[0]/C
                            (rising edge-triggered cell FDCE clocked by sys_clk_pin  {rise@0.000ns fall@5.000ns period=10.000ns})
  Destination:            DivFrecuencia/CONT_reg[23]/D
                            (rising edge-triggered cell FDCE clocked by sys_clk_pin  {rise@0.000ns fall@5.000ns period=10.000ns})
  Path Group:             sys_clk_pin
  Path Type:              Setup (Max at Slow Process Corner)
  Requirement:            10.000ns  (sys_clk_pin rise@10.000ns - sys_clk_pin rise@0.000ns)
  Data Path Delay:        1.994ns  (logic 1.576ns (79.050%)  route 0.418ns (20.950%))
  Logic Levels:           7  (CARRY4=6 LUT1=1)
  Clock Path Skew:        -0.028ns (DCD - SCD + CPR)
    Destination Clock Delay (DCD):    4.312ns = ( 14.312 - 10.000 ) 
    Source Clock Delay      (SCD):    4.582ns
    Clock Pessimism Removal (CPR):    0.243ns
  Clock Uncertainty:      0.035ns  ((TSJ^2 + TIJ^2)^1/2 + DJ) / 2 + PE
    Total System Jitter     (TSJ):    0.071ns
    Total Input Jitter      (TIJ):    0.000ns
    Discrete Jitter          (DJ):    0.000ns
    Phase Error              (PE):    0.000ns

    Location             Delay type                Incr(ns)  Path(ns)    Netlist Resource(s)
  -------------------------------------------------------------------    -------------------
                         (clock sys_clk_pin rise edge)
                                                      0.000     0.000 r  
    E3                                                0.000     0.000 r  OSC_CLK (IN)
                         net (fo=0)                   0.000     0.000    OSC_CLK
    E3                   IBUF (Prop_ibuf_I_O)         1.413     1.413 r  OSC_CLK_IBUF_inst/O
                         net (fo=1, routed)           1.717     3.130    OSC_CLK_IBUF
    BUFGCTRL_X0Y16       BUFG (Prop_bufg_I_O)         0.081     3.211 r  OSC_CLK_IBUF_BUFG_inst/O
                         net (fo=48, routed)          1.372     4.582    DivFrecuencia/OSC_CLK_IBUF_BUFG
    SLICE_X52Y94         FDCE                                         r  DivFrecuencia/CONT_reg[0]/C
  -------------------------------------------------------------------    -------------------
    SLICE_X52Y94         FDCE (Prop_fdce_C_Q)         0.379     4.961 f  DivFrecuencia/CONT_reg[0]/Q
                         net (fo=2, routed)           0.418     5.379    DivFrecuencia/CONT_reg[0]
    SLICE_X52Y94         LUT1 (Prop_lut1_I0_O)        0.105     5.484 r  DivFrecuencia/CONT[0]_i_2/O
                         net (fo=1, routed)           0.000     5.484    DivFrecuencia/CONT[0]_i_2_n_0
    SLICE_X52Y94         CARRY4 (Prop_carry4_S[0]_CO[3])
                                                      0.440     5.924 r  DivFrecuencia/CONT_reg[0]_i_1/CO[3]
                         net (fo=1, routed)           0.000     5.924    DivFrecuencia/CONT_reg[0]_i_1_n_0
    SLICE_X52Y95         CARRY4 (Prop_carry4_CI_CO[3])
                                                      0.098     6.022 r  DivFrecuencia/CONT_reg[4]_i_1/CO[3]
                         net (fo=1, routed)           0.000     6.022    DivFrecuencia/CONT_reg[4]_i_1_n_0
    SLICE_X52Y96         CARRY4 (Prop_carry4_CI_CO[3])
                                                      0.098     6.120 r  DivFrecuencia/CONT_reg[8]_i_1/CO[3]
                         net (fo=1, routed)           0.000     6.120    DivFrecuencia/CONT_reg[8]_i_1_n_0
    SLICE_X52Y97         CARRY4 (Prop_carry4_CI_CO[3])
                                                      0.098     6.218 r  DivFrecuencia/CONT_reg[12]_i_1/CO[3]
                         net (fo=1, routed)           0.000     6.218    DivFrecuencia/CONT_reg[12]_i_1_n_0
    SLICE_X52Y98         CARRY4 (Prop_carry4_CI_CO[3])
                                                      0.098     6.316 r  DivFrecuencia/CONT_reg[16]_i_1/CO[3]
                         net (fo=1, routed)           0.000     6.316    DivFrecuencia/CONT_reg[16]_i_1_n_0
    SLICE_X52Y99         CARRY4 (Prop_carry4_CI_O[3])
                                                      0.260     6.576 r  DivFrecuencia/CONT_reg[20]_i_1/O[3]
                         net (fo=1, routed)           0.000     6.576    DivFrecuencia/CONT_reg[20]_i_1_n_4
    SLICE_X52Y99         FDCE                                         r  DivFrecuencia/CONT_reg[23]/D
  -------------------------------------------------------------------    -------------------

                         (clock sys_clk_pin rise edge)
                                                     10.000    10.000 r  
    E3                                                0.000    10.000 r  OSC_CLK (IN)
                         net (fo=0)                   0.000    10.000    OSC_CLK
    E3                   IBUF (Prop_ibuf_I_O)         1.347    11.347 r  OSC_CLK_IBUF_inst/O
                         net (fo=1, routed)           1.628    12.975    OSC_CLK_IBUF
    BUFGCTRL_X0Y16       BUFG (Prop_bufg_I_O)         0.077    13.052 r  OSC_CLK_IBUF_BUFG_inst/O
                         net (fo=48, routed)          1.260    14.312    DivFrecuencia/OSC_CLK_IBUF_BUFG
    SLICE_X52Y99         FDCE                                         r  DivFrecuencia/CONT_reg[23]/C
                         clock pessimism              0.243    14.554    
                         clock uncertainty           -0.035    14.519    
    SLICE_X52Y99         FDCE (Setup_fdce_C_D)        0.059    14.578    DivFrecuencia/CONT_reg[23]
  -------------------------------------------------------------------
                         required time                         14.578    
                         arrival time                          -6.576    
  -------------------------------------------------------------------
                         slack                                  8.002    

Slack (MET) :             8.062ns  (required time - arrival time)
  Source:                 DivFrecuencia/CONT_reg[0]/C
                            (rising edge-triggered cell FDCE clocked by sys_clk_pin  {rise@0.000ns fall@5.000ns period=10.000ns})
  Destination:            DivFrecuencia/CONT_reg[22]/D
                            (rising edge-triggered cell FDCE clocked by sys_clk_pin  {rise@0.000ns fall@5.000ns period=10.000ns})
  Path Group:             sys_clk_pin
  Path Type:              Setup (Max at Slow Process Corner)
  Requirement:            10.000ns  (sys_clk_pin rise@10.000ns - sys_clk_pin rise@0.000ns)
  Data Path Delay:        1.934ns  (logic 1.516ns (78.400%)  route 0.418ns (21.600%))
  Logic Levels:           7  (CARRY4=6 LUT1=1)
  Clock Path Skew:        -0.028ns (DCD - SCD + CPR)
    Destination Clock Delay (DCD):    4.312ns = ( 14.312 - 10.000 ) 
    Source Clock Delay      (SCD):    4.582ns
    Clock Pessimism Removal (CPR):    0.243ns
  Clock Uncertainty:      0.035ns  ((TSJ^2 + TIJ^2)^1/2 + DJ) / 2 + PE
    Total System Jitter     (TSJ):    0.071ns
    Total Input Jitter      (TIJ):    0.000ns
    Discrete Jitter          (DJ):    0.000ns
    Phase Error              (PE):    0.000ns

    Location             Delay type                Incr(ns)  Path(ns)    Netlist Resource(s)
  -------------------------------------------------------------------    -------------------
                         (clock sys_clk_pin rise edge)
                                                      0.000     0.000 r  
    E3                                                0.000     0.000 r  OSC_CLK (IN)
                         net (fo=0)                   0.000     0.000    OSC_CLK
    E3                   IBUF (Prop_ibuf_I_O)         1.413     1.413 r  OSC_CLK_IBUF_inst/O
                         net (fo=1, routed)           1.717     3.130    OSC_CLK_IBUF
    BUFGCTRL_X0Y16       BUFG (Prop_bufg_I_O)         0.081     3.211 r  OSC_CLK_IBUF_BUFG_inst/O
                         net (fo=48, routed)          1.372     4.582    DivFrecuencia/OSC_CLK_IBUF_BUFG
    SLICE_X52Y94         FDCE                                         r  DivFrecuencia/CONT_reg[0]/C
  -------------------------------------------------------------------    -------------------
    SLICE_X52Y94         FDCE (Prop_fdce_C_Q)         0.379     4.961 f  DivFrecuencia/CONT_reg[0]/Q
                         net (fo=2, routed)           0.418     5.379    DivFrecuencia/CONT_reg[0]
    SLICE_X52Y94         LUT1 (Prop_lut1_I0_O)        0.105     5.484 r  DivFrecuencia/CONT[0]_i_2/O
                         net (fo=1, routed)           0.000     5.484    DivFrecuencia/CONT[0]_i_2_n_0
    SLICE_X52Y94         CARRY4 (Prop_carry4_S[0]_CO[3])
                                                      0.440     5.924 r  DivFrecuencia/CONT_reg[0]_i_1/CO[3]
                         net (fo=1, routed)           0.000     5.924    DivFrecuencia/CONT_reg[0]_i_1_n_0
    SLICE_X52Y95         CARRY4 (Prop_carry4_CI_CO[3])
                                                      0.098     6.022 r  DivFrecuencia/CONT_reg[4]_i_1/CO[3]
                         net (fo=1, routed)           0.000     6.022    DivFrecuencia/CONT_reg[4]_i_1_n_0
    SLICE_X52Y96         CARRY4 (Prop_carry4_CI_CO[3])
                                                      0.098     6.120 r  DivFrecuencia/CONT_reg[8]_i_1/CO[3]
                         net (fo=1, routed)           0.000     6.120    DivFrecuencia/CONT_reg[8]_i_1_n_0
    SLICE_X52Y97         CARRY4 (Prop_carry4_CI_CO[3])
                                                      0.098     6.218 r  DivFrecuencia/CONT_reg[12]_i_1/CO[3]
                         net (fo=1, routed)           0.000     6.218    DivFrecuencia/CONT_reg[12]_i_1_n_0
    SLICE_X52Y98         CARRY4 (Prop_carry4_CI_CO[3])
                                                      0.098     6.316 r  DivFrecuencia/CONT_reg[16]_i_1/CO[3]
                         net (fo=1, routed)           0.000     6.316    DivFrecuencia/CONT_reg[16]_i_1_n_0
    SLICE_X52Y99         CARRY4 (Prop_carry4_CI_O[2])
                                                      0.200     6.516 r  DivFrecuencia/CONT_reg[20]_i_1/O[2]
                         net (fo=1, routed)           0.000     6.516    DivFrecuencia/CONT_reg[20]_i_1_n_5
    SLICE_X52Y99         FDCE                                         r  DivFrecuencia/CONT_reg[22]/D
  -------------------------------------------------------------------    -------------------

                         (clock sys_clk_pin rise edge)
                                                     10.000    10.000 r  
    E3                                                0.000    10.000 r  OSC_CLK (IN)
                         net (fo=0)                   0.000    10.000    OSC_CLK
    E3                   IBUF (Prop_ibuf_I_O)         1.347    11.347 r  OSC_CLK_IBUF_inst/O
                         net (fo=1, routed)           1.628    12.975    OSC_CLK_IBUF
    BUFGCTRL_X0Y16       BUFG (Prop_bufg_I_O)         0.077    13.052 r  OSC_CLK_IBUF_BUFG_inst/O
                         net (fo=48, routed)          1.260    14.312    DivFrecuencia/OSC_CLK_IBUF_BUFG
    SLICE_X52Y99         FDCE                                         r  DivFrecuencia/CONT_reg[22]/C
                         clock pessimism              0.243    14.554    
                         clock uncertainty           -0.035    14.519    
    SLICE_X52Y99         FDCE (Setup_fdce_C_D)        0.059    14.578    DivFrecuencia/CONT_reg[22]
  -------------------------------------------------------------------
                         required time                         14.578    
                         arrival time                          -6.516    
  -------------------------------------------------------------------
                         slack                                  8.062    





Min Delay Paths
--------------------------------------------------------------------------------------
Slack (MET) :             0.114ns  (arrival time - required time)
  Source:                 DivFrecuencia/CONT_reg[22]/C
                            (rising edge-triggered cell FDCE clocked by sys_clk_pin  {rise@0.000ns fall@5.000ns period=10.000ns})
  Destination:            DivFrecuencia/CONT_reg[24]/D
                            (rising edge-triggered cell FDCE clocked by sys_clk_pin  {rise@0.000ns fall@5.000ns period=10.000ns})
  Path Group:             sys_clk_pin
  Path Type:              Hold (Min at Fast Process Corner)
  Requirement:            0.000ns  (sys_clk_pin rise@0.000ns - sys_clk_pin rise@0.000ns)
  Data Path Delay:        0.483ns  (logic 0.355ns (73.473%)  route 0.128ns (26.527%))
  Logic Levels:           2  (CARRY4=2)
  Clock Path Skew:        0.264ns (DCD - SCD - CPR)
    Destination Clock Delay (DCD):    1.994ns
    Source Clock Delay      (SCD):    1.484ns
    Clock Pessimism Removal (CPR):    0.245ns

    Location             Delay type                Incr(ns)  Path(ns)    Netlist Resource(s)
  -------------------------------------------------------------------    -------------------
                         (clock sys_clk_pin rise edge)
                                                      0.000     0.000 r  
    E3                                                0.000     0.000 r  OSC_CLK (IN)
                         net (fo=0)                   0.000     0.000    OSC_CLK
    E3                   IBUF (Prop_ibuf_I_O)         0.250     0.250 r  OSC_CLK_IBUF_inst/O
                         net (fo=1, routed)           0.644     0.894    OSC_CLK_IBUF
    BUFGCTRL_X0Y16       BUFG (Prop_bufg_I_O)         0.026     0.920 r  OSC_CLK_IBUF_BUFG_inst/O
                         net (fo=48, routed)          0.565     1.484    DivFrecuencia/OSC_CLK_IBUF_BUFG
    SLICE_X52Y99         FDCE                                         r  DivFrecuencia/CONT_reg[22]/C
  -------------------------------------------------------------------    -------------------
    SLICE_X52Y99         FDCE (Prop_fdce_C_Q)         0.141     1.625 r  DivFrecuencia/CONT_reg[22]/Q
                         net (fo=2, routed)           0.127     1.753    DivFrecuencia/CONT_reg[22]
    SLICE_X52Y99         CARRY4 (Prop_carry4_S[2]_CO[3])
                                                      0.160     1.913 r  DivFrecuencia/CONT_reg[20]_i_1/CO[3]
                         net (fo=1, routed)           0.001     1.914    DivFrecuencia/CONT_reg[20]_i_1_n_0
    SLICE_X52Y100        CARRY4 (Prop_carry4_CI_O[0])
                                                      0.054     1.968 r  DivFrecuencia/CONT_reg[24]_i_1/O[0]
                         net (fo=1, routed)           0.000     1.968    DivFrecuencia/CONT_reg[24]_i_1_n_7
    SLICE_X52Y100        FDCE                                         r  DivFrecuencia/CONT_reg[24]/D
  -------------------------------------------------------------------    -------------------

                         (clock sys_clk_pin rise edge)
                                                      0.000     0.000 r  
    E3                                                0.000     0.000 r  OSC_CLK (IN)
                         net (fo=0)                   0.000     0.000    OSC_CLK
    E3                   IBUF (Prop_ibuf_I_O)         0.438     0.438 r  OSC_CLK_IBUF_inst/O
                         net (fo=1, routed)           0.699     1.136    OSC_CLK_IBUF
    BUFGCTRL_X0Y16       BUFG (Prop_bufg_I_O)         0.029     1.165 r  OSC_CLK_IBUF_BUFG_inst/O
                         net (fo=48, routed)          0.828     1.994    DivFrecuencia/OSC_CLK_IBUF_BUFG
    SLICE_X52Y100        FDCE                                         r  DivFrecuencia/CONT_reg[24]/C
                         clock pessimism             -0.245     1.748    
    SLICE_X52Y100        FDCE (Hold_fdce_C_D)         0.105     1.853    DivFrecuencia/CONT_reg[24]
  -------------------------------------------------------------------
                         required time                         -1.853    
                         arrival time                           1.968    
  -------------------------------------------------------------------
                         slack                                  0.114    

Slack (MET) :             0.125ns  (arrival time - required time)
  Source:                 DivFrecuencia/CONT_reg[22]/C
                            (rising edge-triggered cell FDCE clocked by sys_clk_pin  {rise@0.000ns fall@5.000ns period=10.000ns})
  Destination:            DivFrecuencia/CONT_reg[26]/D
                            (rising edge-triggered cell FDCE clocked by sys_clk_pin  {rise@0.000ns fall@5.000ns period=10.000ns})
  Path Group:             sys_clk_pin
  Path Type:              Hold (Min at Fast Process Corner)
  Requirement:            0.000ns  (sys_clk_pin rise@0.000ns - sys_clk_pin rise@0.000ns)
  Data Path Delay:        0.494ns  (logic 0.366ns (74.063%)  route 0.128ns (25.937%))
  Logic Levels:           2  (CARRY4=2)
  Clock Path Skew:        0.264ns (DCD - SCD - CPR)
    Destination Clock Delay (DCD):    1.994ns
    Source Clock Delay      (SCD):    1.484ns
    Clock Pessimism Removal (CPR):    0.245ns

    Location             Delay type                Incr(ns)  Path(ns)    Netlist Resource(s)
  -------------------------------------------------------------------    -------------------
                         (clock sys_clk_pin rise edge)
                                                      0.000     0.000 r  
    E3                                                0.000     0.000 r  OSC_CLK (IN)
                         net (fo=0)                   0.000     0.000    OSC_CLK
    E3                   IBUF (Prop_ibuf_I_O)         0.250     0.250 r  OSC_CLK_IBUF_inst/O
                         net (fo=1, routed)           0.644     0.894    OSC_CLK_IBUF
    BUFGCTRL_X0Y16       BUFG (Prop_bufg_I_O)         0.026     0.920 r  OSC_CLK_IBUF_BUFG_inst/O
                         net (fo=48, routed)          0.565     1.484    DivFrecuencia/OSC_CLK_IBUF_BUFG
    SLICE_X52Y99         FDCE                                         r  DivFrecuencia/CONT_reg[22]/C
  -------------------------------------------------------------------    -------------------
    SLICE_X52Y99         FDCE (Prop_fdce_C_Q)         0.141     1.625 r  DivFrecuencia/CONT_reg[22]/Q
                         net (fo=2, routed)           0.127     1.753    DivFrecuencia/CONT_reg[22]
    SLICE_X52Y99         CARRY4 (Prop_carry4_S[2]_CO[3])
                                                      0.160     1.913 r  DivFrecuencia/CONT_reg[20]_i_1/CO[3]
                         net (fo=1, routed)           0.001     1.914    DivFrecuencia/CONT_reg[20]_i_1_n_0
    SLICE_X52Y100        CARRY4 (Prop_carry4_CI_O[2])
                                                      0.065     1.979 r  DivFrecuencia/CONT_reg[24]_i_1/O[2]
                         net (fo=1, routed)           0.000     1.979    DivFrecuencia/CONT_reg[24]_i_1_n_5
    SLICE_X52Y100        FDCE                                         r  DivFrecuencia/CONT_reg[26]/D
  -------------------------------------------------------------------    -------------------

                         (clock sys_clk_pin rise edge)
                                                      0.000     0.000 r  
    E3                                                0.000     0.000 r  OSC_CLK (IN)
                         net (fo=0)                   0.000     0.000    OSC_CLK
    E3                   IBUF (Prop_ibuf_I_O)         0.438     0.438 r  OSC_CLK_IBUF_inst/O
                         net (fo=1, routed)           0.699     1.136    OSC_CLK_IBUF
    BUFGCTRL_X0Y16       BUFG (Prop_bufg_I_O)         0.029     1.165 r  OSC_CLK_IBUF_BUFG_inst/O
                         net (fo=48, routed)          0.828     1.994    DivFrecuencia/OSC_CLK_IBUF_BUFG
    SLICE_X52Y100        FDCE                                         r  DivFrecuencia/CONT_reg[26]/C
                         clock pessimism             -0.245     1.748    
    SLICE_X52Y100        FDCE (Hold_fdce_C_D)         0.105     1.853    DivFrecuencia/CONT_reg[26]
  -------------------------------------------------------------------
                         required time                         -1.853    
                         arrival time                           1.979    
  -------------------------------------------------------------------
                         slack                                  0.125    

Slack (MET) :             0.150ns  (arrival time - required time)
  Source:                 DivFrecuencia/CONT_reg[22]/C
                            (rising edge-triggered cell FDCE clocked by sys_clk_pin  {rise@0.000ns fall@5.000ns period=10.000ns})
  Destination:            DivFrecuencia/CONT_reg[25]/D
                            (rising edge-triggered cell FDCE clocked by sys_clk_pin  {rise@0.000ns fall@5.000ns period=10.000ns})
  Path Group:             sys_clk_pin
  Path Type:              Hold (Min at Fast Process Corner)
  Requirement:            0.000ns  (sys_clk_pin rise@0.000ns - sys_clk_pin rise@0.000ns)
  Data Path Delay:        0.519ns  (logic 0.391ns (75.312%)  route 0.128ns (24.688%))
  Logic Levels:           2  (CARRY4=2)
  Clock Path Skew:        0.264ns (DCD - SCD - CPR)
    Destination Clock Delay (DCD):    1.994ns
    Source Clock Delay      (SCD):    1.484ns
    Clock Pessimism Removal (CPR):    0.245ns

    Location             Delay type                Incr(ns)  Path(ns)    Netlist Resource(s)
  -------------------------------------------------------------------    -------------------
                         (clock sys_clk_pin rise edge)
                                                      0.000     0.000 r  
    E3                                                0.000     0.000 r  OSC_CLK (IN)
                         net (fo=0)                   0.000     0.000    OSC_CLK
    E3                   IBUF (Prop_ibuf_I_O)         0.250     0.250 r  OSC_CLK_IBUF_inst/O
                         net (fo=1, routed)           0.644     0.894    OSC_CLK_IBUF
    BUFGCTRL_X0Y16       BUFG (Prop_bufg_I_O)         0.026     0.920 r  OSC_CLK_IBUF_BUFG_inst/O
                         net (fo=48, routed)          0.565     1.484    DivFrecuencia/OSC_CLK_IBUF_BUFG
    SLICE_X52Y99         FDCE                                         r  DivFrecuencia/CONT_reg[22]/C
  -------------------------------------------------------------------    -------------------
    SLICE_X52Y99         FDCE (Prop_fdce_C_Q)         0.141     1.625 r  DivFrecuencia/CONT_reg[22]/Q
                         net (fo=2, routed)           0.127     1.753    DivFrecuencia/CONT_reg[22]
    SLICE_X52Y99         CARRY4 (Prop_carry4_S[2]_CO[3])
                                                      0.160     1.913 r  DivFrecuencia/CONT_reg[20]_i_1/CO[3]
                         net (fo=1, routed)           0.001     1.914    DivFrecuencia/CONT_reg[20]_i_1_n_0
    SLICE_X52Y100        CARRY4 (Prop_carry4_CI_O[1])
                                                      0.090     2.004 r  DivFrecuencia/CONT_reg[24]_i_1/O[1]
                         net (fo=1, routed)           0.000     2.004    DivFrecuencia/CONT_reg[24]_i_1_n_6
    SLICE_X52Y100        FDCE                                         r  DivFrecuencia/CONT_reg[25]/D
  -------------------------------------------------------------------    -------------------

                         (clock sys_clk_pin rise edge)
                                                      0.000     0.000 r  
    E3                                                0.000     0.000 r  OSC_CLK (IN)
                         net (fo=0)                   0.000     0.000    OSC_CLK
    E3                   IBUF (Prop_ibuf_I_O)         0.438     0.438 r  OSC_CLK_IBUF_inst/O
                         net (fo=1, routed)           0.699     1.136    OSC_CLK_IBUF
    BUFGCTRL_X0Y16       BUFG (Prop_bufg_I_O)         0.029     1.165 r  OSC_CLK_IBUF_BUFG_inst/O
                         net (fo=48, routed)          0.828     1.994    DivFrecuencia/OSC_CLK_IBUF_BUFG
    SLICE_X52Y100        FDCE                                         r  DivFrecuencia/CONT_reg[25]/C
                         clock pessimism             -0.245     1.748    
    SLICE_X52Y100        FDCE (Hold_fdce_C_D)         0.105     1.853    DivFrecuencia/CONT_reg[25]
  -------------------------------------------------------------------
                         required time                         -1.853    
                         arrival time                           2.004    
  -------------------------------------------------------------------
                         slack                                  0.150    

Slack (MET) :             0.193ns  (arrival time - required time)
  Source:                 BCDTo7SegC/clk_counter_reg[2]/C
                            (rising edge-triggered cell FDRE clocked by sys_clk_pin  {rise@0.000ns fall@5.000ns period=10.000ns})
  Destination:            BCDTo7SegC/clk_counter_reg[12]/D
                            (rising edge-triggered cell FDRE clocked by sys_clk_pin  {rise@0.000ns fall@5.000ns period=10.000ns})
  Path Group:             sys_clk_pin
  Path Type:              Hold (Min at Fast Process Corner)
  Requirement:            0.000ns  (sys_clk_pin rise@0.000ns - sys_clk_pin rise@0.000ns)
  Data Path Delay:        0.562ns  (logic 0.433ns (77.073%)  route 0.129ns (22.927%))
  Logic Levels:           4  (CARRY4=4)
  Clock Path Skew:        0.264ns (DCD - SCD - CPR)
    Destination Clock Delay (DCD):    1.998ns
    Source Clock Delay      (SCD):    1.488ns
    Clock Pessimism Removal (CPR):    0.245ns

    Location             Delay type                Incr(ns)  Path(ns)    Netlist Resource(s)
  -------------------------------------------------------------------    -------------------
                         (clock sys_clk_pin rise edge)
                                                      0.000     0.000 r  
    E3                                                0.000     0.000 r  OSC_CLK (IN)
                         net (fo=0)                   0.000     0.000    OSC_CLK
    E3                   IBUF (Prop_ibuf_I_O)         0.250     0.250 r  OSC_CLK_IBUF_inst/O
                         net (fo=1, routed)           0.644     0.894    OSC_CLK_IBUF
    BUFGCTRL_X0Y16       BUFG (Prop_bufg_I_O)         0.026     0.920 r  OSC_CLK_IBUF_BUFG_inst/O
                         net (fo=48, routed)          0.569     1.488    BCDTo7SegC/OSC_CLK_IBUF_BUFG
    SLICE_X44Y97         FDRE                                         r  BCDTo7SegC/clk_counter_reg[2]/C
  -------------------------------------------------------------------    -------------------
    SLICE_X44Y97         FDRE (Prop_fdre_C_Q)         0.141     1.629 r  BCDTo7SegC/clk_counter_reg[2]/Q
                         net (fo=2, routed)           0.128     1.757    BCDTo7SegC/clk_counter_reg[2]
    SLICE_X44Y97         CARRY4 (Prop_carry4_S[2]_CO[3])
                                                      0.160     1.917 r  BCDTo7SegC/clk_counter_reg[0]_i_1/CO[3]
                         net (fo=1, routed)           0.000     1.917    BCDTo7SegC/clk_counter_reg[0]_i_1_n_0
    SLICE_X44Y98         CARRY4 (Prop_carry4_CI_CO[3])
                                                      0.039     1.956 r  BCDTo7SegC/clk_counter_reg[4]_i_1/CO[3]
                         net (fo=1, routed)           0.000     1.956    BCDTo7SegC/clk_counter_reg[4]_i_1_n_0
    SLICE_X44Y99         CARRY4 (Prop_carry4_CI_CO[3])
                                                      0.039     1.995 r  BCDTo7SegC/clk_counter_reg[8]_i_1/CO[3]
                         net (fo=1, routed)           0.001     1.996    BCDTo7SegC/clk_counter_reg[8]_i_1_n_0
    SLICE_X44Y100        CARRY4 (Prop_carry4_CI_O[0])
                                                      0.054     2.050 r  BCDTo7SegC/clk_counter_reg[12]_i_1/O[0]
                         net (fo=1, routed)           0.000     2.050    BCDTo7SegC/clk_counter_reg[12]_i_1_n_7
    SLICE_X44Y100        FDRE                                         r  BCDTo7SegC/clk_counter_reg[12]/D
  -------------------------------------------------------------------    -------------------

                         (clock sys_clk_pin rise edge)
                                                      0.000     0.000 r  
    E3                                                0.000     0.000 r  OSC_CLK (IN)
                         net (fo=0)                   0.000     0.000    OSC_CLK
    E3                   IBUF (Prop_ibuf_I_O)         0.438     0.438 r  OSC_CLK_IBUF_inst/O
                         net (fo=1, routed)           0.699     1.136    OSC_CLK_IBUF
    BUFGCTRL_X0Y16       BUFG (Prop_bufg_I_O)         0.029     1.165 r  OSC_CLK_IBUF_BUFG_inst/O
                         net (fo=48, routed)          0.833     1.998    BCDTo7SegC/OSC_CLK_IBUF_BUFG
    SLICE_X44Y100        FDRE                                         r  BCDTo7SegC/clk_counter_reg[12]/C
                         clock pessimism             -0.245     1.752    
    SLICE_X44Y100        FDRE (Hold_fdre_C_D)         0.105     1.857    BCDTo7SegC/clk_counter_reg[12]
  -------------------------------------------------------------------
                         required time                         -1.857    
                         arrival time                           2.050    
  -------------------------------------------------------------------
                         slack                                  0.193    

Slack (MET) :             0.198ns  (arrival time - required time)
  Source:                 DivFrecuencia/CONT_reg[2]/C
                            (rising edge-triggered cell FDCE clocked by sys_clk_pin  {rise@0.000ns fall@5.000ns period=10.000ns})
  Destination:            DivFrecuencia/CLK_reg/D
                            (rising edge-triggered cell FDCE clocked by sys_clk_pin  {rise@0.000ns fall@5.000ns period=10.000ns})
  Path Group:             sys_clk_pin
  Path Type:              Hold (Min at Fast Process Corner)
  Requirement:            0.000ns  (sys_clk_pin rise@0.000ns - sys_clk_pin rise@0.000ns)
  Data Path Delay:        0.305ns  (logic 0.186ns (61.066%)  route 0.119ns (38.934%))
  Logic Levels:           1  (LUT6=1)
  Clock Path Skew:        0.016ns (DCD - SCD - CPR)
    Destination Clock Delay (DCD):    1.999ns
    Source Clock Delay      (SCD):    1.483ns
    Clock Pessimism Removal (CPR):    0.499ns

    Location             Delay type                Incr(ns)  Path(ns)    Netlist Resource(s)
  -------------------------------------------------------------------    -------------------
                         (clock sys_clk_pin rise edge)
                                                      0.000     0.000 r  
    E3                                                0.000     0.000 r  OSC_CLK (IN)
                         net (fo=0)                   0.000     0.000    OSC_CLK
    E3                   IBUF (Prop_ibuf_I_O)         0.250     0.250 r  OSC_CLK_IBUF_inst/O
                         net (fo=1, routed)           0.644     0.894    OSC_CLK_IBUF
    BUFGCTRL_X0Y16       BUFG (Prop_bufg_I_O)         0.026     0.920 r  OSC_CLK_IBUF_BUFG_inst/O
                         net (fo=48, routed)          0.564     1.483    DivFrecuencia/OSC_CLK_IBUF_BUFG
    SLICE_X52Y94         FDCE                                         r  DivFrecuencia/CONT_reg[2]/C
  -------------------------------------------------------------------    -------------------
    SLICE_X52Y94         FDCE (Prop_fdce_C_Q)         0.141     1.624 r  DivFrecuencia/CONT_reg[2]/Q
                         net (fo=2, routed)           0.119     1.743    DivFrecuencia/CONT_reg[2]
    SLICE_X53Y95         LUT6 (Prop_lut6_I1_O)        0.045     1.788 r  DivFrecuencia/CLK_i_1/O
                         net (fo=1, routed)           0.000     1.788    DivFrecuencia/CLK_i_1_n_0
    SLICE_X53Y95         FDCE                                         r  DivFrecuencia/CLK_reg/D
  -------------------------------------------------------------------    -------------------

                         (clock sys_clk_pin rise edge)
                                                      0.000     0.000 r  
    E3                                                0.000     0.000 r  OSC_CLK (IN)
                         net (fo=0)                   0.000     0.000    OSC_CLK
    E3                   IBUF (Prop_ibuf_I_O)         0.438     0.438 r  OSC_CLK_IBUF_inst/O
                         net (fo=1, routed)           0.699     1.136    OSC_CLK_IBUF
    BUFGCTRL_X0Y16       BUFG (Prop_bufg_I_O)         0.029     1.165 r  OSC_CLK_IBUF_BUFG_inst/O
                         net (fo=48, routed)          0.834     1.999    DivFrecuencia/OSC_CLK_IBUF_BUFG
    SLICE_X53Y95         FDCE                                         r  DivFrecuencia/CLK_reg/C
                         clock pessimism             -0.499     1.499    
    SLICE_X53Y95         FDCE (Hold_fdce_C_D)         0.091     1.590    DivFrecuencia/CLK_reg
  -------------------------------------------------------------------
                         required time                         -1.590    
                         arrival time                           1.788    
  -------------------------------------------------------------------
                         slack                                  0.198    

Slack (MET) :             0.204ns  (arrival time - required time)
  Source:                 BCDTo7SegC/clk_counter_reg[2]/C
                            (rising edge-triggered cell FDRE clocked by sys_clk_pin  {rise@0.000ns fall@5.000ns period=10.000ns})
  Destination:            BCDTo7SegC/clk_counter_reg[14]/D
                            (rising edge-triggered cell FDRE clocked by sys_clk_pin  {rise@0.000ns fall@5.000ns period=10.000ns})
  Path Group:             sys_clk_pin
  Path Type:              Hold (Min at Fast Process Corner)
  Requirement:            0.000ns  (sys_clk_pin rise@0.000ns - sys_clk_pin rise@0.000ns)
  Data Path Delay:        0.573ns  (logic 0.444ns (77.514%)  route 0.129ns (22.486%))
  Logic Levels:           4  (CARRY4=4)
  Clock Path Skew:        0.264ns (DCD - SCD - CPR)
    Destination Clock Delay (DCD):    1.998ns
    Source Clock Delay      (SCD):    1.488ns
    Clock Pessimism Removal (CPR):    0.245ns

    Location             Delay type                Incr(ns)  Path(ns)    Netlist Resource(s)
  -------------------------------------------------------------------    -------------------
                         (clock sys_clk_pin rise edge)
                                                      0.000     0.000 r  
    E3                                                0.000     0.000 r  OSC_CLK (IN)
                         net (fo=0)                   0.000     0.000    OSC_CLK
    E3                   IBUF (Prop_ibuf_I_O)         0.250     0.250 r  OSC_CLK_IBUF_inst/O
                         net (fo=1, routed)           0.644     0.894    OSC_CLK_IBUF
    BUFGCTRL_X0Y16       BUFG (Prop_bufg_I_O)         0.026     0.920 r  OSC_CLK_IBUF_BUFG_inst/O
                         net (fo=48, routed)          0.569     1.488    BCDTo7SegC/OSC_CLK_IBUF_BUFG
    SLICE_X44Y97         FDRE                                         r  BCDTo7SegC/clk_counter_reg[2]/C
  -------------------------------------------------------------------    -------------------
    SLICE_X44Y97         FDRE (Prop_fdre_C_Q)         0.141     1.629 r  BCDTo7SegC/clk_counter_reg[2]/Q
                         net (fo=2, routed)           0.128     1.757    BCDTo7SegC/clk_counter_reg[2]
    SLICE_X44Y97         CARRY4 (Prop_carry4_S[2]_CO[3])
                                                      0.160     1.917 r  BCDTo7SegC/clk_counter_reg[0]_i_1/CO[3]
                         net (fo=1, routed)           0.000     1.917    BCDTo7SegC/clk_counter_reg[0]_i_1_n_0
    SLICE_X44Y98         CARRY4 (Prop_carry4_CI_CO[3])
                                                      0.039     1.956 r  BCDTo7SegC/clk_counter_reg[4]_i_1/CO[3]
                         net (fo=1, routed)           0.000     1.956    BCDTo7SegC/clk_counter_reg[4]_i_1_n_0
    SLICE_X44Y99         CARRY4 (Prop_carry4_CI_CO[3])
                                                      0.039     1.995 r  BCDTo7SegC/clk_counter_reg[8]_i_1/CO[3]
                         net (fo=1, routed)           0.001     1.996    BCDTo7SegC/clk_counter_reg[8]_i_1_n_0
    SLICE_X44Y100        CARRY4 (Prop_carry4_CI_O[2])
                                                      0.065     2.061 r  BCDTo7SegC/clk_counter_reg[12]_i_1/O[2]
                         net (fo=1, routed)           0.000     2.061    BCDTo7SegC/clk_counter_reg[12]_i_1_n_5
    SLICE_X44Y100        FDRE                                         r  BCDTo7SegC/clk_counter_reg[14]/D
  -------------------------------------------------------------------    -------------------

                         (clock sys_clk_pin rise edge)
                                                      0.000     0.000 r  
    E3                                                0.000     0.000 r  OSC_CLK (IN)
                         net (fo=0)                   0.000     0.000    OSC_CLK
    E3                   IBUF (Prop_ibuf_I_O)         0.438     0.438 r  OSC_CLK_IBUF_inst/O
                         net (fo=1, routed)           0.699     1.136    OSC_CLK_IBUF
    BUFGCTRL_X0Y16       BUFG (Prop_bufg_I_O)         0.029     1.165 r  OSC_CLK_IBUF_BUFG_inst/O
                         net (fo=48, routed)          0.833     1.998    BCDTo7SegC/OSC_CLK_IBUF_BUFG
    SLICE_X44Y100        FDRE                                         r  BCDTo7SegC/clk_counter_reg[14]/C
                         clock pessimism             -0.245     1.752    
    SLICE_X44Y100        FDRE (Hold_fdre_C_D)         0.105     1.857    BCDTo7SegC/clk_counter_reg[14]
  -------------------------------------------------------------------
                         required time                         -1.857    
                         arrival time                           2.061    
  -------------------------------------------------------------------
                         slack                                  0.204    

Slack (MET) :             0.229ns  (arrival time - required time)
  Source:                 BCDTo7SegC/clk_counter_reg[2]/C
                            (rising edge-triggered cell FDRE clocked by sys_clk_pin  {rise@0.000ns fall@5.000ns period=10.000ns})
  Destination:            BCDTo7SegC/clk_counter_reg[13]/D
                            (rising edge-triggered cell FDRE clocked by sys_clk_pin  {rise@0.000ns fall@5.000ns period=10.000ns})
  Path Group:             sys_clk_pin
  Path Type:              Hold (Min at Fast Process Corner)
  Requirement:            0.000ns  (sys_clk_pin rise@0.000ns - sys_clk_pin rise@0.000ns)
  Data Path Delay:        0.598ns  (logic 0.469ns (78.454%)  route 0.129ns (21.546%))
  Logic Levels:           4  (CARRY4=4)
  Clock Path Skew:        0.264ns (DCD - SCD - CPR)
    Destination Clock Delay (DCD):    1.998ns
    Source Clock Delay      (SCD):    1.488ns
    Clock Pessimism Removal (CPR):    0.245ns

    Location             Delay type                Incr(ns)  Path(ns)    Netlist Resource(s)
  -------------------------------------------------------------------    -------------------
                         (clock sys_clk_pin rise edge)
                                                      0.000     0.000 r  
    E3                                                0.000     0.000 r  OSC_CLK (IN)
                         net (fo=0)                   0.000     0.000    OSC_CLK
    E3                   IBUF (Prop_ibuf_I_O)         0.250     0.250 r  OSC_CLK_IBUF_inst/O
                         net (fo=1, routed)           0.644     0.894    OSC_CLK_IBUF
    BUFGCTRL_X0Y16       BUFG (Prop_bufg_I_O)         0.026     0.920 r  OSC_CLK_IBUF_BUFG_inst/O
                         net (fo=48, routed)          0.569     1.488    BCDTo7SegC/OSC_CLK_IBUF_BUFG
    SLICE_X44Y97         FDRE                                         r  BCDTo7SegC/clk_counter_reg[2]/C
  -------------------------------------------------------------------    -------------------
    SLICE_X44Y97         FDRE (Prop_fdre_C_Q)         0.141     1.629 r  BCDTo7SegC/clk_counter_reg[2]/Q
                         net (fo=2, routed)           0.128     1.757    BCDTo7SegC/clk_counter_reg[2]
    SLICE_X44Y97         CARRY4 (Prop_carry4_S[2]_CO[3])
                                                      0.160     1.917 r  BCDTo7SegC/clk_counter_reg[0]_i_1/CO[3]
                         net (fo=1, routed)           0.000     1.917    BCDTo7SegC/clk_counter_reg[0]_i_1_n_0
    SLICE_X44Y98         CARRY4 (Prop_carry4_CI_CO[3])
                                                      0.039     1.956 r  BCDTo7SegC/clk_counter_reg[4]_i_1/CO[3]
                         net (fo=1, routed)           0.000     1.956    BCDTo7SegC/clk_counter_reg[4]_i_1_n_0
    SLICE_X44Y99         CARRY4 (Prop_carry4_CI_CO[3])
                                                      0.039     1.995 r  BCDTo7SegC/clk_counter_reg[8]_i_1/CO[3]
                         net (fo=1, routed)           0.001     1.996    BCDTo7SegC/clk_counter_reg[8]_i_1_n_0
    SLICE_X44Y100        CARRY4 (Prop_carry4_CI_O[1])
                                                      0.090     2.086 r  BCDTo7SegC/clk_counter_reg[12]_i_1/O[1]
                         net (fo=1, routed)           0.000     2.086    BCDTo7SegC/clk_counter_reg[12]_i_1_n_6
    SLICE_X44Y100        FDRE                                         r  BCDTo7SegC/clk_counter_reg[13]/D
  -------------------------------------------------------------------    -------------------

                         (clock sys_clk_pin rise edge)
                                                      0.000     0.000 r  
    E3                                                0.000     0.000 r  OSC_CLK (IN)
                         net (fo=0)                   0.000     0.000    OSC_CLK
    E3                   IBUF (Prop_ibuf_I_O)         0.438     0.438 r  OSC_CLK_IBUF_inst/O
                         net (fo=1, routed)           0.699     1.136    OSC_CLK_IBUF
    BUFGCTRL_X0Y16       BUFG (Prop_bufg_I_O)         0.029     1.165 r  OSC_CLK_IBUF_BUFG_inst/O
                         net (fo=48, routed)          0.833     1.998    BCDTo7SegC/OSC_CLK_IBUF_BUFG
    SLICE_X44Y100        FDRE                                         r  BCDTo7SegC/clk_counter_reg[13]/C
                         clock pessimism             -0.245     1.752    
    SLICE_X44Y100        FDRE (Hold_fdre_C_D)         0.105     1.857    BCDTo7SegC/clk_counter_reg[13]
  -------------------------------------------------------------------
                         required time                         -1.857    
                         arrival time                           2.086    
  -------------------------------------------------------------------
                         slack                                  0.229    

Slack (MET) :             0.229ns  (arrival time - required time)
  Source:                 BCDTo7SegC/clk_counter_reg[2]/C
                            (rising edge-triggered cell FDRE clocked by sys_clk_pin  {rise@0.000ns fall@5.000ns period=10.000ns})
  Destination:            BCDTo7SegC/clk_counter_reg[15]/D
                            (rising edge-triggered cell FDRE clocked by sys_clk_pin  {rise@0.000ns fall@5.000ns period=10.000ns})
  Path Group:             sys_clk_pin
  Path Type:              Hold (Min at Fast Process Corner)
  Requirement:            0.000ns  (sys_clk_pin rise@0.000ns - sys_clk_pin rise@0.000ns)
  Data Path Delay:        0.598ns  (logic 0.469ns (78.454%)  route 0.129ns (21.546%))
  Logic Levels:           4  (CARRY4=4)
  Clock Path Skew:        0.264ns (DCD - SCD - CPR)
    Destination Clock Delay (DCD):    1.998ns
    Source Clock Delay      (SCD):    1.488ns
    Clock Pessimism Removal (CPR):    0.245ns

    Location             Delay type                Incr(ns)  Path(ns)    Netlist Resource(s)
  -------------------------------------------------------------------    -------------------
                         (clock sys_clk_pin rise edge)
                                                      0.000     0.000 r  
    E3                                                0.000     0.000 r  OSC_CLK (IN)
                         net (fo=0)                   0.000     0.000    OSC_CLK
    E3                   IBUF (Prop_ibuf_I_O)         0.250     0.250 r  OSC_CLK_IBUF_inst/O
                         net (fo=1, routed)           0.644     0.894    OSC_CLK_IBUF
    BUFGCTRL_X0Y16       BUFG (Prop_bufg_I_O)         0.026     0.920 r  OSC_CLK_IBUF_BUFG_inst/O
                         net (fo=48, routed)          0.569     1.488    BCDTo7SegC/OSC_CLK_IBUF_BUFG
    SLICE_X44Y97         FDRE                                         r  BCDTo7SegC/clk_counter_reg[2]/C
  -------------------------------------------------------------------    -------------------
    SLICE_X44Y97         FDRE (Prop_fdre_C_Q)         0.141     1.629 r  BCDTo7SegC/clk_counter_reg[2]/Q
                         net (fo=2, routed)           0.128     1.757    BCDTo7SegC/clk_counter_reg[2]
    SLICE_X44Y97         CARRY4 (Prop_carry4_S[2]_CO[3])
                                                      0.160     1.917 r  BCDTo7SegC/clk_counter_reg[0]_i_1/CO[3]
                         net (fo=1, routed)           0.000     1.917    BCDTo7SegC/clk_counter_reg[0]_i_1_n_0
    SLICE_X44Y98         CARRY4 (Prop_carry4_CI_CO[3])
                                                      0.039     1.956 r  BCDTo7SegC/clk_counter_reg[4]_i_1/CO[3]
                         net (fo=1, routed)           0.000     1.956    BCDTo7SegC/clk_counter_reg[4]_i_1_n_0
    SLICE_X44Y99         CARRY4 (Prop_carry4_CI_CO[3])
                                                      0.039     1.995 r  BCDTo7SegC/clk_counter_reg[8]_i_1/CO[3]
                         net (fo=1, routed)           0.001     1.996    BCDTo7SegC/clk_counter_reg[8]_i_1_n_0
    SLICE_X44Y100        CARRY4 (Prop_carry4_CI_O[3])
                                                      0.090     2.086 r  BCDTo7SegC/clk_counter_reg[12]_i_1/O[3]
                         net (fo=1, routed)           0.000     2.086    BCDTo7SegC/clk_counter_reg[12]_i_1_n_4
    SLICE_X44Y100        FDRE                                         r  BCDTo7SegC/clk_counter_reg[15]/D
  -------------------------------------------------------------------    -------------------

                         (clock sys_clk_pin rise edge)
                                                      0.000     0.000 r  
    E3                                                0.000     0.000 r  OSC_CLK (IN)
                         net (fo=0)                   0.000     0.000    OSC_CLK
    E3                   IBUF (Prop_ibuf_I_O)         0.438     0.438 r  OSC_CLK_IBUF_inst/O
                         net (fo=1, routed)           0.699     1.136    OSC_CLK_IBUF
    BUFGCTRL_X0Y16       BUFG (Prop_bufg_I_O)         0.029     1.165 r  OSC_CLK_IBUF_BUFG_inst/O
                         net (fo=48, routed)          0.833     1.998    BCDTo7SegC/OSC_CLK_IBUF_BUFG
    SLICE_X44Y100        FDRE                                         r  BCDTo7SegC/clk_counter_reg[15]/C
                         clock pessimism             -0.245     1.752    
    SLICE_X44Y100        FDRE (Hold_fdre_C_D)         0.105     1.857    BCDTo7SegC/clk_counter_reg[15]
  -------------------------------------------------------------------
                         required time                         -1.857    
                         arrival time                           2.086    
  -------------------------------------------------------------------
                         slack                                  0.229    

Slack (MET) :             0.255ns  (arrival time - required time)
  Source:                 BCDTo7SegC/counter_reg[0]/C
                            (rising edge-triggered cell FDRE clocked by sys_clk_pin  {rise@0.000ns fall@5.000ns period=10.000ns})
  Destination:            BCDTo7SegC/counter_reg[0]/D
                            (rising edge-triggered cell FDRE clocked by sys_clk_pin  {rise@0.000ns fall@5.000ns period=10.000ns})
  Path Group:             sys_clk_pin
  Path Type:              Hold (Min at Fast Process Corner)
  Requirement:            0.000ns  (sys_clk_pin rise@0.000ns - sys_clk_pin rise@0.000ns)
  Data Path Delay:        0.360ns  (logic 0.183ns (50.766%)  route 0.177ns (49.234%))
  Logic Levels:           1  (LUT2=1)
  Clock Path Skew:        0.000ns (DCD - SCD - CPR)
    Destination Clock Delay (DCD):    2.004ns
    Source Clock Delay      (SCD):    1.488ns
    Clock Pessimism Removal (CPR):    0.515ns

    Location             Delay type                Incr(ns)  Path(ns)    Netlist Resource(s)
  -------------------------------------------------------------------    -------------------
                         (clock sys_clk_pin rise edge)
                                                      0.000     0.000 r  
    E3                                                0.000     0.000 r  OSC_CLK (IN)
                         net (fo=0)                   0.000     0.000    OSC_CLK
    E3                   IBUF (Prop_ibuf_I_O)         0.250     0.250 r  OSC_CLK_IBUF_inst/O
                         net (fo=1, routed)           0.644     0.894    OSC_CLK_IBUF
    BUFGCTRL_X0Y16       BUFG (Prop_bufg_I_O)         0.026     0.920 r  OSC_CLK_IBUF_BUFG_inst/O
                         net (fo=48, routed)          0.569     1.488    BCDTo7SegC/OSC_CLK_IBUF_BUFG
    SLICE_X43Y97         FDRE                                         r  BCDTo7SegC/counter_reg[0]/C
  -------------------------------------------------------------------    -------------------
    SLICE_X43Y97         FDRE (Prop_fdre_C_Q)         0.141     1.629 r  BCDTo7SegC/counter_reg[0]/Q
                         net (fo=31, routed)          0.177     1.807    BCDTo7SegC/counter[0]
    SLICE_X43Y97         LUT2 (Prop_lut2_I1_O)        0.042     1.849 r  BCDTo7SegC/counter[0]_i_1/O
                         net (fo=1, routed)           0.000     1.849    BCDTo7SegC/counter[0]_i_1_n_0
    SLICE_X43Y97         FDRE                                         r  BCDTo7SegC/counter_reg[0]/D
  -------------------------------------------------------------------    -------------------

                         (clock sys_clk_pin rise edge)
                                                      0.000     0.000 r  
    E3                                                0.000     0.000 r  OSC_CLK (IN)
                         net (fo=0)                   0.000     0.000    OSC_CLK
    E3                   IBUF (Prop_ibuf_I_O)         0.438     0.438 r  OSC_CLK_IBUF_inst/O
                         net (fo=1, routed)           0.699     1.136    OSC_CLK_IBUF
    BUFGCTRL_X0Y16       BUFG (Prop_bufg_I_O)         0.029     1.165 r  OSC_CLK_IBUF_BUFG_inst/O
                         net (fo=48, routed)          0.839     2.004    BCDTo7SegC/OSC_CLK_IBUF_BUFG
    SLICE_X43Y97         FDRE                                         r  BCDTo7SegC/counter_reg[0]/C
                         clock pessimism             -0.515     1.488    
    SLICE_X43Y97         FDRE (Hold_fdre_C_D)         0.105     1.593    BCDTo7SegC/counter_reg[0]
  -------------------------------------------------------------------
                         required time                         -1.593    
                         arrival time                           1.849    
  -------------------------------------------------------------------
                         slack                                  0.255    

Slack (MET) :             0.256ns  (arrival time - required time)
  Source:                 BCDTo7SegC/counter_reg[0]/C
                            (rising edge-triggered cell FDRE clocked by sys_clk_pin  {rise@0.000ns fall@5.000ns period=10.000ns})
  Destination:            BCDTo7SegC/counter_reg[2]/D
                            (rising edge-triggered cell FDRE clocked by sys_clk_pin  {rise@0.000ns fall@5.000ns period=10.000ns})
  Path Group:             sys_clk_pin
  Path Type:              Hold (Min at Fast Process Corner)
  Requirement:            0.000ns  (sys_clk_pin rise@0.000ns - sys_clk_pin rise@0.000ns)
  Data Path Delay:        0.363ns  (logic 0.184ns (50.622%)  route 0.179ns (49.378%))
  Logic Levels:           1  (LUT4=1)
  Clock Path Skew:        0.000ns (DCD - SCD - CPR)
    Destination Clock Delay (DCD):    2.004ns
    Source Clock Delay      (SCD):    1.488ns
    Clock Pessimism Removal (CPR):    0.515ns

    Location             Delay type                Incr(ns)  Path(ns)    Netlist Resource(s)
  -------------------------------------------------------------------    -------------------
                         (clock sys_clk_pin rise edge)
                                                      0.000     0.000 r  
    E3                                                0.000     0.000 r  OSC_CLK (IN)
                         net (fo=0)                   0.000     0.000    OSC_CLK
    E3                   IBUF (Prop_ibuf_I_O)         0.250     0.250 r  OSC_CLK_IBUF_inst/O
                         net (fo=1, routed)           0.644     0.894    OSC_CLK_IBUF
    BUFGCTRL_X0Y16       BUFG (Prop_bufg_I_O)         0.026     0.920 r  OSC_CLK_IBUF_BUFG_inst/O
                         net (fo=48, routed)          0.569     1.488    BCDTo7SegC/OSC_CLK_IBUF_BUFG
    SLICE_X43Y97         FDRE                                         r  BCDTo7SegC/counter_reg[0]/C
  -------------------------------------------------------------------    -------------------
    SLICE_X43Y97         FDRE (Prop_fdre_C_Q)         0.141     1.629 r  BCDTo7SegC/counter_reg[0]/Q
                         net (fo=31, routed)          0.179     1.809    BCDTo7SegC/counter[0]
    SLICE_X43Y97         LUT4 (Prop_lut4_I0_O)        0.043     1.852 r  BCDTo7SegC/counter[2]_i_1/O
                         net (fo=1, routed)           0.000     1.852    BCDTo7SegC/counter[2]_i_1_n_0
    SLICE_X43Y97         FDRE                                         r  BCDTo7SegC/counter_reg[2]/D
  -------------------------------------------------------------------    -------------------

                         (clock sys_clk_pin rise edge)
                                                      0.000     0.000 r  
    E3                                                0.000     0.000 r  OSC_CLK (IN)
                         net (fo=0)                   0.000     0.000    OSC_CLK
    E3                   IBUF (Prop_ibuf_I_O)         0.438     0.438 r  OSC_CLK_IBUF_inst/O
                         net (fo=1, routed)           0.699     1.136    OSC_CLK_IBUF
    BUFGCTRL_X0Y16       BUFG (Prop_bufg_I_O)         0.029     1.165 r  OSC_CLK_IBUF_BUFG_inst/O
                         net (fo=48, routed)          0.839     2.004    BCDTo7SegC/OSC_CLK_IBUF_BUFG
    SLICE_X43Y97         FDRE                                         r  BCDTo7SegC/counter_reg[2]/C
                         clock pessimism             -0.515     1.488    
    SLICE_X43Y97         FDRE (Hold_fdre_C_D)         0.107     1.595    BCDTo7SegC/counter_reg[2]
  -------------------------------------------------------------------
                         required time                         -1.595    
                         arrival time                           1.852    
  -------------------------------------------------------------------
                         slack                                  0.256    





Pulse Width Checks
--------------------------------------------------------------------------------------
Clock Name:         sys_clk_pin
Waveform(ns):       { 0.000 5.000 }
Period(ns):         10.000
Sources:            { OSC_CLK }

Check Type        Corner  Lib Pin  Reference Pin  Required(ns)  Actual(ns)  Slack(ns)  Location        Pin
Min Period        n/a     BUFG/I   n/a            1.592         10.000      8.408      BUFGCTRL_X0Y16  OSC_CLK_IBUF_BUFG_inst/I
Min Period        n/a     FDRE/C   n/a            1.000         10.000      9.000      SLICE_X50Y103   PCCLR_reg/C
Min Period        n/a     FDRE/C   n/a            1.000         10.000      9.000      SLICE_X44Y97    BCDTo7SegC/clk_counter_reg[0]/C
Min Period        n/a     FDRE/C   n/a            1.000         10.000      9.000      SLICE_X44Y99    BCDTo7SegC/clk_counter_reg[10]/C
Min Period        n/a     FDRE/C   n/a            1.000         10.000      9.000      SLICE_X44Y99    BCDTo7SegC/clk_counter_reg[11]/C
Min Period        n/a     FDRE/C   n/a            1.000         10.000      9.000      SLICE_X44Y100   BCDTo7SegC/clk_counter_reg[12]/C
Min Period        n/a     FDRE/C   n/a            1.000         10.000      9.000      SLICE_X44Y100   BCDTo7SegC/clk_counter_reg[13]/C
Min Period        n/a     FDRE/C   n/a            1.000         10.000      9.000      SLICE_X44Y100   BCDTo7SegC/clk_counter_reg[14]/C
Min Period        n/a     FDRE/C   n/a            1.000         10.000      9.000      SLICE_X44Y100   BCDTo7SegC/clk_counter_reg[15]/C
Min Period        n/a     FDRE/C   n/a            1.000         10.000      9.000      SLICE_X44Y97    BCDTo7SegC/clk_counter_reg[1]/C
Low Pulse Width   Slow    FDRE/C   n/a            0.500         5.000       4.500      SLICE_X50Y103   PCCLR_reg/C
Low Pulse Width   Fast    FDRE/C   n/a            0.500         5.000       4.500      SLICE_X50Y103   PCCLR_reg/C
Low Pulse Width   Slow    FDRE/C   n/a            0.500         5.000       4.500      SLICE_X44Y97    BCDTo7SegC/clk_counter_reg[0]/C
Low Pulse Width   Fast    FDRE/C   n/a            0.500         5.000       4.500      SLICE_X44Y97    BCDTo7SegC/clk_counter_reg[0]/C
Low Pulse Width   Slow    FDRE/C   n/a            0.500         5.000       4.500      SLICE_X44Y99    BCDTo7SegC/clk_counter_reg[10]/C
Low Pulse Width   Fast    FDRE/C   n/a            0.500         5.000       4.500      SLICE_X44Y99    BCDTo7SegC/clk_counter_reg[10]/C
Low Pulse Width   Slow    FDRE/C   n/a            0.500         5.000       4.500      SLICE_X44Y99    BCDTo7SegC/clk_counter_reg[11]/C
Low Pulse Width   Fast    FDRE/C   n/a            0.500         5.000       4.500      SLICE_X44Y99    BCDTo7SegC/clk_counter_reg[11]/C
Low Pulse Width   Slow    FDRE/C   n/a            0.500         5.000       4.500      SLICE_X44Y100   BCDTo7SegC/clk_counter_reg[12]/C
Low Pulse Width   Fast    FDRE/C   n/a            0.500         5.000       4.500      SLICE_X44Y100   BCDTo7SegC/clk_counter_reg[12]/C
High Pulse Width  Slow    FDRE/C   n/a            0.500         5.000       4.500      SLICE_X50Y103   PCCLR_reg/C
High Pulse Width  Fast    FDRE/C   n/a            0.500         5.000       4.500      SLICE_X50Y103   PCCLR_reg/C
High Pulse Width  Slow    FDRE/C   n/a            0.500         5.000       4.500      SLICE_X44Y97    BCDTo7SegC/clk_counter_reg[0]/C
High Pulse Width  Fast    FDRE/C   n/a            0.500         5.000       4.500      SLICE_X44Y97    BCDTo7SegC/clk_counter_reg[0]/C
High Pulse Width  Slow    FDRE/C   n/a            0.500         5.000       4.500      SLICE_X44Y99    BCDTo7SegC/clk_counter_reg[10]/C
High Pulse Width  Fast    FDRE/C   n/a            0.500         5.000       4.500      SLICE_X44Y99    BCDTo7SegC/clk_counter_reg[10]/C
High Pulse Width  Slow    FDRE/C   n/a            0.500         5.000       4.500      SLICE_X44Y99    BCDTo7SegC/clk_counter_reg[11]/C
High Pulse Width  Fast    FDRE/C   n/a            0.500         5.000       4.500      SLICE_X44Y99    BCDTo7SegC/clk_counter_reg[11]/C
High Pulse Width  Slow    FDRE/C   n/a            0.500         5.000       4.500      SLICE_X44Y100   BCDTo7SegC/clk_counter_reg[12]/C
High Pulse Width  Fast    FDRE/C   n/a            0.500         5.000       4.500      SLICE_X44Y100   BCDTo7SegC/clk_counter_reg[12]/C



---------------------------------------------------------------------------------------------------
Path Group:  **async_default**
From Clock:  sys_clk_pin
  To Clock:  sys_clk_pin

Setup :            0  Failing Endpoints,  Worst Slack        7.868ns,  Total Violation        0.000ns
Hold  :            0  Failing Endpoints,  Worst Slack        0.282ns,  Total Violation        0.000ns
---------------------------------------------------------------------------------------------------


Max Delay Paths
--------------------------------------------------------------------------------------
Slack (MET) :             7.868ns  (required time - arrival time)
  Source:                 PCCLR_reg/C
                            (rising edge-triggered cell FDRE clocked by sys_clk_pin  {rise@0.000ns fall@5.000ns period=10.000ns})
  Destination:            DivFrecuencia/CONT_reg[0]/CLR
                            (recovery check against rising-edge clock sys_clk_pin  {rise@0.000ns fall@5.000ns period=10.000ns})
  Path Group:             **async_default**
  Path Type:              Recovery (Max at Slow Process Corner)
  Requirement:            10.000ns  (sys_clk_pin rise@10.000ns - sys_clk_pin rise@0.000ns)
  Data Path Delay:        1.669ns  (logic 0.433ns (25.951%)  route 1.236ns (74.049%))
  Logic Levels:           0  
  Clock Path Skew:        -0.098ns (DCD - SCD + CPR)
    Destination Clock Delay (DCD):    4.312ns = ( 14.312 - 10.000 ) 
    Source Clock Delay      (SCD):    4.568ns
    Clock Pessimism Removal (CPR):    0.159ns
  Clock Uncertainty:      0.035ns  ((TSJ^2 + TIJ^2)^1/2 + DJ) / 2 + PE
    Total System Jitter     (TSJ):    0.071ns
    Total Input Jitter      (TIJ):    0.000ns
    Discrete Jitter          (DJ):    0.000ns
    Phase Error              (PE):    0.000ns

    Location             Delay type                Incr(ns)  Path(ns)    Netlist Resource(s)
  -------------------------------------------------------------------    -------------------
                         (clock sys_clk_pin rise edge)
                                                      0.000     0.000 r  
    E3                                                0.000     0.000 r  OSC_CLK (IN)
                         net (fo=0)                   0.000     0.000    OSC_CLK
    E3                   IBUF (Prop_ibuf_I_O)         1.413     1.413 r  OSC_CLK_IBUF_inst/O
                         net (fo=1, routed)           1.717     3.130    OSC_CLK_IBUF
    BUFGCTRL_X0Y16       BUFG (Prop_bufg_I_O)         0.081     3.211 r  OSC_CLK_IBUF_BUFG_inst/O
                         net (fo=48, routed)          1.357     4.568    OSC_CLK_IBUF_BUFG
    SLICE_X50Y103        FDRE                                         r  PCCLR_reg/C
  -------------------------------------------------------------------    -------------------
    SLICE_X50Y103        FDRE (Prop_fdre_C_Q)         0.433     5.001 f  PCCLR_reg/Q
                         net (fo=39, routed)          1.236     6.236    DivFrecuencia/CONT_reg[26]_0
    SLICE_X52Y94         FDCE                                         f  DivFrecuencia/CONT_reg[0]/CLR
  -------------------------------------------------------------------    -------------------

                         (clock sys_clk_pin rise edge)
                                                     10.000    10.000 r  
    E3                                                0.000    10.000 r  OSC_CLK (IN)
                         net (fo=0)                   0.000    10.000    OSC_CLK
    E3                   IBUF (Prop_ibuf_I_O)         1.347    11.347 r  OSC_CLK_IBUF_inst/O
                         net (fo=1, routed)           1.628    12.975    OSC_CLK_IBUF
    BUFGCTRL_X0Y16       BUFG (Prop_bufg_I_O)         0.077    13.052 r  OSC_CLK_IBUF_BUFG_inst/O
                         net (fo=48, routed)          1.260    14.312    DivFrecuencia/OSC_CLK_IBUF_BUFG
    SLICE_X52Y94         FDCE                                         r  DivFrecuencia/CONT_reg[0]/C
                         clock pessimism              0.159    14.470    
                         clock uncertainty           -0.035    14.435    
    SLICE_X52Y94         FDCE (Recov_fdce_C_CLR)     -0.331    14.104    DivFrecuencia/CONT_reg[0]
  -------------------------------------------------------------------
                         required time                         14.104    
                         arrival time                          -6.236    
  -------------------------------------------------------------------
                         slack                                  7.868    

Slack (MET) :             7.868ns  (required time - arrival time)
  Source:                 PCCLR_reg/C
                            (rising edge-triggered cell FDRE clocked by sys_clk_pin  {rise@0.000ns fall@5.000ns period=10.000ns})
  Destination:            DivFrecuencia/CONT_reg[1]/CLR
                            (recovery check against rising-edge clock sys_clk_pin  {rise@0.000ns fall@5.000ns period=10.000ns})
  Path Group:             **async_default**
  Path Type:              Recovery (Max at Slow Process Corner)
  Requirement:            10.000ns  (sys_clk_pin rise@10.000ns - sys_clk_pin rise@0.000ns)
  Data Path Delay:        1.669ns  (logic 0.433ns (25.951%)  route 1.236ns (74.049%))
  Logic Levels:           0  
  Clock Path Skew:        -0.098ns (DCD - SCD + CPR)
    Destination Clock Delay (DCD):    4.312ns = ( 14.312 - 10.000 ) 
    Source Clock Delay      (SCD):    4.568ns
    Clock Pessimism Removal (CPR):    0.159ns
  Clock Uncertainty:      0.035ns  ((TSJ^2 + TIJ^2)^1/2 + DJ) / 2 + PE
    Total System Jitter     (TSJ):    0.071ns
    Total Input Jitter      (TIJ):    0.000ns
    Discrete Jitter          (DJ):    0.000ns
    Phase Error              (PE):    0.000ns

    Location             Delay type                Incr(ns)  Path(ns)    Netlist Resource(s)
  -------------------------------------------------------------------    -------------------
                         (clock sys_clk_pin rise edge)
                                                      0.000     0.000 r  
    E3                                                0.000     0.000 r  OSC_CLK (IN)
                         net (fo=0)                   0.000     0.000    OSC_CLK
    E3                   IBUF (Prop_ibuf_I_O)         1.413     1.413 r  OSC_CLK_IBUF_inst/O
                         net (fo=1, routed)           1.717     3.130    OSC_CLK_IBUF
    BUFGCTRL_X0Y16       BUFG (Prop_bufg_I_O)         0.081     3.211 r  OSC_CLK_IBUF_BUFG_inst/O
                         net (fo=48, routed)          1.357     4.568    OSC_CLK_IBUF_BUFG
    SLICE_X50Y103        FDRE                                         r  PCCLR_reg/C
  -------------------------------------------------------------------    -------------------
    SLICE_X50Y103        FDRE (Prop_fdre_C_Q)         0.433     5.001 f  PCCLR_reg/Q
                         net (fo=39, routed)          1.236     6.236    DivFrecuencia/CONT_reg[26]_0
    SLICE_X52Y94         FDCE                                         f  DivFrecuencia/CONT_reg[1]/CLR
  -------------------------------------------------------------------    -------------------

                         (clock sys_clk_pin rise edge)
                                                     10.000    10.000 r  
    E3                                                0.000    10.000 r  OSC_CLK (IN)
                         net (fo=0)                   0.000    10.000    OSC_CLK
    E3                   IBUF (Prop_ibuf_I_O)         1.347    11.347 r  OSC_CLK_IBUF_inst/O
                         net (fo=1, routed)           1.628    12.975    OSC_CLK_IBUF
    BUFGCTRL_X0Y16       BUFG (Prop_bufg_I_O)         0.077    13.052 r  OSC_CLK_IBUF_BUFG_inst/O
                         net (fo=48, routed)          1.260    14.312    DivFrecuencia/OSC_CLK_IBUF_BUFG
    SLICE_X52Y94         FDCE                                         r  DivFrecuencia/CONT_reg[1]/C
                         clock pessimism              0.159    14.470    
                         clock uncertainty           -0.035    14.435    
    SLICE_X52Y94         FDCE (Recov_fdce_C_CLR)     -0.331    14.104    DivFrecuencia/CONT_reg[1]
  -------------------------------------------------------------------
                         required time                         14.104    
                         arrival time                          -6.236    
  -------------------------------------------------------------------
                         slack                                  7.868    

Slack (MET) :             7.868ns  (required time - arrival time)
  Source:                 PCCLR_reg/C
                            (rising edge-triggered cell FDRE clocked by sys_clk_pin  {rise@0.000ns fall@5.000ns period=10.000ns})
  Destination:            DivFrecuencia/CONT_reg[2]/CLR
                            (recovery check against rising-edge clock sys_clk_pin  {rise@0.000ns fall@5.000ns period=10.000ns})
  Path Group:             **async_default**
  Path Type:              Recovery (Max at Slow Process Corner)
  Requirement:            10.000ns  (sys_clk_pin rise@10.000ns - sys_clk_pin rise@0.000ns)
  Data Path Delay:        1.669ns  (logic 0.433ns (25.951%)  route 1.236ns (74.049%))
  Logic Levels:           0  
  Clock Path Skew:        -0.098ns (DCD - SCD + CPR)
    Destination Clock Delay (DCD):    4.312ns = ( 14.312 - 10.000 ) 
    Source Clock Delay      (SCD):    4.568ns
    Clock Pessimism Removal (CPR):    0.159ns
  Clock Uncertainty:      0.035ns  ((TSJ^2 + TIJ^2)^1/2 + DJ) / 2 + PE
    Total System Jitter     (TSJ):    0.071ns
    Total Input Jitter      (TIJ):    0.000ns
    Discrete Jitter          (DJ):    0.000ns
    Phase Error              (PE):    0.000ns

    Location             Delay type                Incr(ns)  Path(ns)    Netlist Resource(s)
  -------------------------------------------------------------------    -------------------
                         (clock sys_clk_pin rise edge)
                                                      0.000     0.000 r  
    E3                                                0.000     0.000 r  OSC_CLK (IN)
                         net (fo=0)                   0.000     0.000    OSC_CLK
    E3                   IBUF (Prop_ibuf_I_O)         1.413     1.413 r  OSC_CLK_IBUF_inst/O
                         net (fo=1, routed)           1.717     3.130    OSC_CLK_IBUF
    BUFGCTRL_X0Y16       BUFG (Prop_bufg_I_O)         0.081     3.211 r  OSC_CLK_IBUF_BUFG_inst/O
                         net (fo=48, routed)          1.357     4.568    OSC_CLK_IBUF_BUFG
    SLICE_X50Y103        FDRE                                         r  PCCLR_reg/C
  -------------------------------------------------------------------    -------------------
    SLICE_X50Y103        FDRE (Prop_fdre_C_Q)         0.433     5.001 f  PCCLR_reg/Q
                         net (fo=39, routed)          1.236     6.236    DivFrecuencia/CONT_reg[26]_0
    SLICE_X52Y94         FDCE                                         f  DivFrecuencia/CONT_reg[2]/CLR
  -------------------------------------------------------------------    -------------------

                         (clock sys_clk_pin rise edge)
                                                     10.000    10.000 r  
    E3                                                0.000    10.000 r  OSC_CLK (IN)
                         net (fo=0)                   0.000    10.000    OSC_CLK
    E3                   IBUF (Prop_ibuf_I_O)         1.347    11.347 r  OSC_CLK_IBUF_inst/O
                         net (fo=1, routed)           1.628    12.975    OSC_CLK_IBUF
    BUFGCTRL_X0Y16       BUFG (Prop_bufg_I_O)         0.077    13.052 r  OSC_CLK_IBUF_BUFG_inst/O
                         net (fo=48, routed)          1.260    14.312    DivFrecuencia/OSC_CLK_IBUF_BUFG
    SLICE_X52Y94         FDCE                                         r  DivFrecuencia/CONT_reg[2]/C
                         clock pessimism              0.159    14.470    
                         clock uncertainty           -0.035    14.435    
    SLICE_X52Y94         FDCE (Recov_fdce_C_CLR)     -0.331    14.104    DivFrecuencia/CONT_reg[2]
  -------------------------------------------------------------------
                         required time                         14.104    
                         arrival time                          -6.236    
  -------------------------------------------------------------------
                         slack                                  7.868    

Slack (MET) :             7.868ns  (required time - arrival time)
  Source:                 PCCLR_reg/C
                            (rising edge-triggered cell FDRE clocked by sys_clk_pin  {rise@0.000ns fall@5.000ns period=10.000ns})
  Destination:            DivFrecuencia/CONT_reg[3]/CLR
                            (recovery check against rising-edge clock sys_clk_pin  {rise@0.000ns fall@5.000ns period=10.000ns})
  Path Group:             **async_default**
  Path Type:              Recovery (Max at Slow Process Corner)
  Requirement:            10.000ns  (sys_clk_pin rise@10.000ns - sys_clk_pin rise@0.000ns)
  Data Path Delay:        1.669ns  (logic 0.433ns (25.951%)  route 1.236ns (74.049%))
  Logic Levels:           0  
  Clock Path Skew:        -0.098ns (DCD - SCD + CPR)
    Destination Clock Delay (DCD):    4.312ns = ( 14.312 - 10.000 ) 
    Source Clock Delay      (SCD):    4.568ns
    Clock Pessimism Removal (CPR):    0.159ns
  Clock Uncertainty:      0.035ns  ((TSJ^2 + TIJ^2)^1/2 + DJ) / 2 + PE
    Total System Jitter     (TSJ):    0.071ns
    Total Input Jitter      (TIJ):    0.000ns
    Discrete Jitter          (DJ):    0.000ns
    Phase Error              (PE):    0.000ns

    Location             Delay type                Incr(ns)  Path(ns)    Netlist Resource(s)
  -------------------------------------------------------------------    -------------------
                         (clock sys_clk_pin rise edge)
                                                      0.000     0.000 r  
    E3                                                0.000     0.000 r  OSC_CLK (IN)
                         net (fo=0)                   0.000     0.000    OSC_CLK
    E3                   IBUF (Prop_ibuf_I_O)         1.413     1.413 r  OSC_CLK_IBUF_inst/O
                         net (fo=1, routed)           1.717     3.130    OSC_CLK_IBUF
    BUFGCTRL_X0Y16       BUFG (Prop_bufg_I_O)         0.081     3.211 r  OSC_CLK_IBUF_BUFG_inst/O
                         net (fo=48, routed)          1.357     4.568    OSC_CLK_IBUF_BUFG
    SLICE_X50Y103        FDRE                                         r  PCCLR_reg/C
  -------------------------------------------------------------------    -------------------
    SLICE_X50Y103        FDRE (Prop_fdre_C_Q)         0.433     5.001 f  PCCLR_reg/Q
                         net (fo=39, routed)          1.236     6.236    DivFrecuencia/CONT_reg[26]_0
    SLICE_X52Y94         FDCE                                         f  DivFrecuencia/CONT_reg[3]/CLR
  -------------------------------------------------------------------    -------------------

                         (clock sys_clk_pin rise edge)
                                                     10.000    10.000 r  
    E3                                                0.000    10.000 r  OSC_CLK (IN)
                         net (fo=0)                   0.000    10.000    OSC_CLK
    E3                   IBUF (Prop_ibuf_I_O)         1.347    11.347 r  OSC_CLK_IBUF_inst/O
                         net (fo=1, routed)           1.628    12.975    OSC_CLK_IBUF
    BUFGCTRL_X0Y16       BUFG (Prop_bufg_I_O)         0.077    13.052 r  OSC_CLK_IBUF_BUFG_inst/O
                         net (fo=48, routed)          1.260    14.312    DivFrecuencia/OSC_CLK_IBUF_BUFG
    SLICE_X52Y94         FDCE                                         r  DivFrecuencia/CONT_reg[3]/C
                         clock pessimism              0.159    14.470    
                         clock uncertainty           -0.035    14.435    
    SLICE_X52Y94         FDCE (Recov_fdce_C_CLR)     -0.331    14.104    DivFrecuencia/CONT_reg[3]
  -------------------------------------------------------------------
                         required time                         14.104    
                         arrival time                          -6.236    
  -------------------------------------------------------------------
                         slack                                  7.868    

Slack (MET) :             7.970ns  (required time - arrival time)
  Source:                 PCCLR_reg/C
                            (rising edge-triggered cell FDRE clocked by sys_clk_pin  {rise@0.000ns fall@5.000ns period=10.000ns})
  Destination:            DivFrecuencia/CONT_reg[4]/CLR
                            (recovery check against rising-edge clock sys_clk_pin  {rise@0.000ns fall@5.000ns period=10.000ns})
  Path Group:             **async_default**
  Path Type:              Recovery (Max at Slow Process Corner)
  Requirement:            10.000ns  (sys_clk_pin rise@10.000ns - sys_clk_pin rise@0.000ns)
  Data Path Delay:        1.566ns  (logic 0.433ns (27.641%)  route 1.133ns (72.359%))
  Logic Levels:           0  
  Clock Path Skew:        -0.098ns (DCD - SCD + CPR)
    Destination Clock Delay (DCD):    4.312ns = ( 14.312 - 10.000 ) 
    Source Clock Delay      (SCD):    4.568ns
    Clock Pessimism Removal (CPR):    0.159ns
  Clock Uncertainty:      0.035ns  ((TSJ^2 + TIJ^2)^1/2 + DJ) / 2 + PE
    Total System Jitter     (TSJ):    0.071ns
    Total Input Jitter      (TIJ):    0.000ns
    Discrete Jitter          (DJ):    0.000ns
    Phase Error              (PE):    0.000ns

    Location             Delay type                Incr(ns)  Path(ns)    Netlist Resource(s)
  -------------------------------------------------------------------    -------------------
                         (clock sys_clk_pin rise edge)
                                                      0.000     0.000 r  
    E3                                                0.000     0.000 r  OSC_CLK (IN)
                         net (fo=0)                   0.000     0.000    OSC_CLK
    E3                   IBUF (Prop_ibuf_I_O)         1.413     1.413 r  OSC_CLK_IBUF_inst/O
                         net (fo=1, routed)           1.717     3.130    OSC_CLK_IBUF
    BUFGCTRL_X0Y16       BUFG (Prop_bufg_I_O)         0.081     3.211 r  OSC_CLK_IBUF_BUFG_inst/O
                         net (fo=48, routed)          1.357     4.568    OSC_CLK_IBUF_BUFG
    SLICE_X50Y103        FDRE                                         r  PCCLR_reg/C
  -------------------------------------------------------------------    -------------------
    SLICE_X50Y103        FDRE (Prop_fdre_C_Q)         0.433     5.001 f  PCCLR_reg/Q
                         net (fo=39, routed)          1.133     6.134    DivFrecuencia/CONT_reg[26]_0
    SLICE_X52Y95         FDCE                                         f  DivFrecuencia/CONT_reg[4]/CLR
  -------------------------------------------------------------------    -------------------

                         (clock sys_clk_pin rise edge)
                                                     10.000    10.000 r  
    E3                                                0.000    10.000 r  OSC_CLK (IN)
                         net (fo=0)                   0.000    10.000    OSC_CLK
    E3                   IBUF (Prop_ibuf_I_O)         1.347    11.347 r  OSC_CLK_IBUF_inst/O
                         net (fo=1, routed)           1.628    12.975    OSC_CLK_IBUF
    BUFGCTRL_X0Y16       BUFG (Prop_bufg_I_O)         0.077    13.052 r  OSC_CLK_IBUF_BUFG_inst/O
                         net (fo=48, routed)          1.260    14.312    DivFrecuencia/OSC_CLK_IBUF_BUFG
    SLICE_X52Y95         FDCE                                         r  DivFrecuencia/CONT_reg[4]/C
                         clock pessimism              0.159    14.470    
                         clock uncertainty           -0.035    14.435    
    SLICE_X52Y95         FDCE (Recov_fdce_C_CLR)     -0.331    14.104    DivFrecuencia/CONT_reg[4]
  -------------------------------------------------------------------
                         required time                         14.104    
                         arrival time                          -6.134    
  -------------------------------------------------------------------
                         slack                                  7.970    

Slack (MET) :             7.970ns  (required time - arrival time)
  Source:                 PCCLR_reg/C
                            (rising edge-triggered cell FDRE clocked by sys_clk_pin  {rise@0.000ns fall@5.000ns period=10.000ns})
  Destination:            DivFrecuencia/CONT_reg[5]/CLR
                            (recovery check against rising-edge clock sys_clk_pin  {rise@0.000ns fall@5.000ns period=10.000ns})
  Path Group:             **async_default**
  Path Type:              Recovery (Max at Slow Process Corner)
  Requirement:            10.000ns  (sys_clk_pin rise@10.000ns - sys_clk_pin rise@0.000ns)
  Data Path Delay:        1.566ns  (logic 0.433ns (27.641%)  route 1.133ns (72.359%))
  Logic Levels:           0  
  Clock Path Skew:        -0.098ns (DCD - SCD + CPR)
    Destination Clock Delay (DCD):    4.312ns = ( 14.312 - 10.000 ) 
    Source Clock Delay      (SCD):    4.568ns
    Clock Pessimism Removal (CPR):    0.159ns
  Clock Uncertainty:      0.035ns  ((TSJ^2 + TIJ^2)^1/2 + DJ) / 2 + PE
    Total System Jitter     (TSJ):    0.071ns
    Total Input Jitter      (TIJ):    0.000ns
    Discrete Jitter          (DJ):    0.000ns
    Phase Error              (PE):    0.000ns

    Location             Delay type                Incr(ns)  Path(ns)    Netlist Resource(s)
  -------------------------------------------------------------------    -------------------
                         (clock sys_clk_pin rise edge)
                                                      0.000     0.000 r  
    E3                                                0.000     0.000 r  OSC_CLK (IN)
                         net (fo=0)                   0.000     0.000    OSC_CLK
    E3                   IBUF (Prop_ibuf_I_O)         1.413     1.413 r  OSC_CLK_IBUF_inst/O
                         net (fo=1, routed)           1.717     3.130    OSC_CLK_IBUF
    BUFGCTRL_X0Y16       BUFG (Prop_bufg_I_O)         0.081     3.211 r  OSC_CLK_IBUF_BUFG_inst/O
                         net (fo=48, routed)          1.357     4.568    OSC_CLK_IBUF_BUFG
    SLICE_X50Y103        FDRE                                         r  PCCLR_reg/C
  -------------------------------------------------------------------    -------------------
    SLICE_X50Y103        FDRE (Prop_fdre_C_Q)         0.433     5.001 f  PCCLR_reg/Q
                         net (fo=39, routed)          1.133     6.134    DivFrecuencia/CONT_reg[26]_0
    SLICE_X52Y95         FDCE                                         f  DivFrecuencia/CONT_reg[5]/CLR
  -------------------------------------------------------------------    -------------------

                         (clock sys_clk_pin rise edge)
                                                     10.000    10.000 r  
    E3                                                0.000    10.000 r  OSC_CLK (IN)
                         net (fo=0)                   0.000    10.000    OSC_CLK
    E3                   IBUF (Prop_ibuf_I_O)         1.347    11.347 r  OSC_CLK_IBUF_inst/O
                         net (fo=1, routed)           1.628    12.975    OSC_CLK_IBUF
    BUFGCTRL_X0Y16       BUFG (Prop_bufg_I_O)         0.077    13.052 r  OSC_CLK_IBUF_BUFG_inst/O
                         net (fo=48, routed)          1.260    14.312    DivFrecuencia/OSC_CLK_IBUF_BUFG
    SLICE_X52Y95         FDCE                                         r  DivFrecuencia/CONT_reg[5]/C
                         clock pessimism              0.159    14.470    
                         clock uncertainty           -0.035    14.435    
    SLICE_X52Y95         FDCE (Recov_fdce_C_CLR)     -0.331    14.104    DivFrecuencia/CONT_reg[5]
  -------------------------------------------------------------------
                         required time                         14.104    
                         arrival time                          -6.134    
  -------------------------------------------------------------------
                         slack                                  7.970    

Slack (MET) :             7.970ns  (required time - arrival time)
  Source:                 PCCLR_reg/C
                            (rising edge-triggered cell FDRE clocked by sys_clk_pin  {rise@0.000ns fall@5.000ns period=10.000ns})
  Destination:            DivFrecuencia/CONT_reg[6]/CLR
                            (recovery check against rising-edge clock sys_clk_pin  {rise@0.000ns fall@5.000ns period=10.000ns})
  Path Group:             **async_default**
  Path Type:              Recovery (Max at Slow Process Corner)
  Requirement:            10.000ns  (sys_clk_pin rise@10.000ns - sys_clk_pin rise@0.000ns)
  Data Path Delay:        1.566ns  (logic 0.433ns (27.641%)  route 1.133ns (72.359%))
  Logic Levels:           0  
  Clock Path Skew:        -0.098ns (DCD - SCD + CPR)
    Destination Clock Delay (DCD):    4.312ns = ( 14.312 - 10.000 ) 
    Source Clock Delay      (SCD):    4.568ns
    Clock Pessimism Removal (CPR):    0.159ns
  Clock Uncertainty:      0.035ns  ((TSJ^2 + TIJ^2)^1/2 + DJ) / 2 + PE
    Total System Jitter     (TSJ):    0.071ns
    Total Input Jitter      (TIJ):    0.000ns
    Discrete Jitter          (DJ):    0.000ns
    Phase Error              (PE):    0.000ns

    Location             Delay type                Incr(ns)  Path(ns)    Netlist Resource(s)
  -------------------------------------------------------------------    -------------------
                         (clock sys_clk_pin rise edge)
                                                      0.000     0.000 r  
    E3                                                0.000     0.000 r  OSC_CLK (IN)
                         net (fo=0)                   0.000     0.000    OSC_CLK
    E3                   IBUF (Prop_ibuf_I_O)         1.413     1.413 r  OSC_CLK_IBUF_inst/O
                         net (fo=1, routed)           1.717     3.130    OSC_CLK_IBUF
    BUFGCTRL_X0Y16       BUFG (Prop_bufg_I_O)         0.081     3.211 r  OSC_CLK_IBUF_BUFG_inst/O
                         net (fo=48, routed)          1.357     4.568    OSC_CLK_IBUF_BUFG
    SLICE_X50Y103        FDRE                                         r  PCCLR_reg/C
  -------------------------------------------------------------------    -------------------
    SLICE_X50Y103        FDRE (Prop_fdre_C_Q)         0.433     5.001 f  PCCLR_reg/Q
                         net (fo=39, routed)          1.133     6.134    DivFrecuencia/CONT_reg[26]_0
    SLICE_X52Y95         FDCE                                         f  DivFrecuencia/CONT_reg[6]/CLR
  -------------------------------------------------------------------    -------------------

                         (clock sys_clk_pin rise edge)
                                                     10.000    10.000 r  
    E3                                                0.000    10.000 r  OSC_CLK (IN)
                         net (fo=0)                   0.000    10.000    OSC_CLK
    E3                   IBUF (Prop_ibuf_I_O)         1.347    11.347 r  OSC_CLK_IBUF_inst/O
                         net (fo=1, routed)           1.628    12.975    OSC_CLK_IBUF
    BUFGCTRL_X0Y16       BUFG (Prop_bufg_I_O)         0.077    13.052 r  OSC_CLK_IBUF_BUFG_inst/O
                         net (fo=48, routed)          1.260    14.312    DivFrecuencia/OSC_CLK_IBUF_BUFG
    SLICE_X52Y95         FDCE                                         r  DivFrecuencia/CONT_reg[6]/C
                         clock pessimism              0.159    14.470    
                         clock uncertainty           -0.035    14.435    
    SLICE_X52Y95         FDCE (Recov_fdce_C_CLR)     -0.331    14.104    DivFrecuencia/CONT_reg[6]
  -------------------------------------------------------------------
                         required time                         14.104    
                         arrival time                          -6.134    
  -------------------------------------------------------------------
                         slack                                  7.970    

Slack (MET) :             7.970ns  (required time - arrival time)
  Source:                 PCCLR_reg/C
                            (rising edge-triggered cell FDRE clocked by sys_clk_pin  {rise@0.000ns fall@5.000ns period=10.000ns})
  Destination:            DivFrecuencia/CONT_reg[7]/CLR
                            (recovery check against rising-edge clock sys_clk_pin  {rise@0.000ns fall@5.000ns period=10.000ns})
  Path Group:             **async_default**
  Path Type:              Recovery (Max at Slow Process Corner)
  Requirement:            10.000ns  (sys_clk_pin rise@10.000ns - sys_clk_pin rise@0.000ns)
  Data Path Delay:        1.566ns  (logic 0.433ns (27.641%)  route 1.133ns (72.359%))
  Logic Levels:           0  
  Clock Path Skew:        -0.098ns (DCD - SCD + CPR)
    Destination Clock Delay (DCD):    4.312ns = ( 14.312 - 10.000 ) 
    Source Clock Delay      (SCD):    4.568ns
    Clock Pessimism Removal (CPR):    0.159ns
  Clock Uncertainty:      0.035ns  ((TSJ^2 + TIJ^2)^1/2 + DJ) / 2 + PE
    Total System Jitter     (TSJ):    0.071ns
    Total Input Jitter      (TIJ):    0.000ns
    Discrete Jitter          (DJ):    0.000ns
    Phase Error              (PE):    0.000ns

    Location             Delay type                Incr(ns)  Path(ns)    Netlist Resource(s)
  -------------------------------------------------------------------    -------------------
                         (clock sys_clk_pin rise edge)
                                                      0.000     0.000 r  
    E3                                                0.000     0.000 r  OSC_CLK (IN)
                         net (fo=0)                   0.000     0.000    OSC_CLK
    E3                   IBUF (Prop_ibuf_I_O)         1.413     1.413 r  OSC_CLK_IBUF_inst/O
                         net (fo=1, routed)           1.717     3.130    OSC_CLK_IBUF
    BUFGCTRL_X0Y16       BUFG (Prop_bufg_I_O)         0.081     3.211 r  OSC_CLK_IBUF_BUFG_inst/O
                         net (fo=48, routed)          1.357     4.568    OSC_CLK_IBUF_BUFG
    SLICE_X50Y103        FDRE                                         r  PCCLR_reg/C
  -------------------------------------------------------------------    -------------------
    SLICE_X50Y103        FDRE (Prop_fdre_C_Q)         0.433     5.001 f  PCCLR_reg/Q
                         net (fo=39, routed)          1.133     6.134    DivFrecuencia/CONT_reg[26]_0
    SLICE_X52Y95         FDCE                                         f  DivFrecuencia/CONT_reg[7]/CLR
  -------------------------------------------------------------------    -------------------

                         (clock sys_clk_pin rise edge)
                                                     10.000    10.000 r  
    E3                                                0.000    10.000 r  OSC_CLK (IN)
                         net (fo=0)                   0.000    10.000    OSC_CLK
    E3                   IBUF (Prop_ibuf_I_O)         1.347    11.347 r  OSC_CLK_IBUF_inst/O
                         net (fo=1, routed)           1.628    12.975    OSC_CLK_IBUF
    BUFGCTRL_X0Y16       BUFG (Prop_bufg_I_O)         0.077    13.052 r  OSC_CLK_IBUF_BUFG_inst/O
                         net (fo=48, routed)          1.260    14.312    DivFrecuencia/OSC_CLK_IBUF_BUFG
    SLICE_X52Y95         FDCE                                         r  DivFrecuencia/CONT_reg[7]/C
                         clock pessimism              0.159    14.470    
                         clock uncertainty           -0.035    14.435    
    SLICE_X52Y95         FDCE (Recov_fdce_C_CLR)     -0.331    14.104    DivFrecuencia/CONT_reg[7]
  -------------------------------------------------------------------
                         required time                         14.104    
                         arrival time                          -6.134    
  -------------------------------------------------------------------
                         slack                                  7.970    

Slack (MET) :             7.973ns  (required time - arrival time)
  Source:                 PCCLR_reg/C
                            (rising edge-triggered cell FDRE clocked by sys_clk_pin  {rise@0.000ns fall@5.000ns period=10.000ns})
  Destination:            DivFrecuencia/CLK_reg/CLR
                            (recovery check against rising-edge clock sys_clk_pin  {rise@0.000ns fall@5.000ns period=10.000ns})
  Path Group:             **async_default**
  Path Type:              Recovery (Max at Slow Process Corner)
  Requirement:            10.000ns  (sys_clk_pin rise@10.000ns - sys_clk_pin rise@0.000ns)
  Data Path Delay:        1.563ns  (logic 0.433ns (27.707%)  route 1.130ns (72.293%))
  Logic Levels:           0  
  Clock Path Skew:        -0.098ns (DCD - SCD + CPR)
    Destination Clock Delay (DCD):    4.312ns = ( 14.312 - 10.000 ) 
    Source Clock Delay      (SCD):    4.568ns
    Clock Pessimism Removal (CPR):    0.159ns
  Clock Uncertainty:      0.035ns  ((TSJ^2 + TIJ^2)^1/2 + DJ) / 2 + PE
    Total System Jitter     (TSJ):    0.071ns
    Total Input Jitter      (TIJ):    0.000ns
    Discrete Jitter          (DJ):    0.000ns
    Phase Error              (PE):    0.000ns

    Location             Delay type                Incr(ns)  Path(ns)    Netlist Resource(s)
  -------------------------------------------------------------------    -------------------
                         (clock sys_clk_pin rise edge)
                                                      0.000     0.000 r  
    E3                                                0.000     0.000 r  OSC_CLK (IN)
                         net (fo=0)                   0.000     0.000    OSC_CLK
    E3                   IBUF (Prop_ibuf_I_O)         1.413     1.413 r  OSC_CLK_IBUF_inst/O
                         net (fo=1, routed)           1.717     3.130    OSC_CLK_IBUF
    BUFGCTRL_X0Y16       BUFG (Prop_bufg_I_O)         0.081     3.211 r  OSC_CLK_IBUF_BUFG_inst/O
                         net (fo=48, routed)          1.357     4.568    OSC_CLK_IBUF_BUFG
    SLICE_X50Y103        FDRE                                         r  PCCLR_reg/C
  -------------------------------------------------------------------    -------------------
    SLICE_X50Y103        FDRE (Prop_fdre_C_Q)         0.433     5.001 f  PCCLR_reg/Q
                         net (fo=39, routed)          1.130     6.131    DivFrecuencia/CONT_reg[26]_0
    SLICE_X53Y95         FDCE                                         f  DivFrecuencia/CLK_reg/CLR
  -------------------------------------------------------------------    -------------------

                         (clock sys_clk_pin rise edge)
                                                     10.000    10.000 r  
    E3                                                0.000    10.000 r  OSC_CLK (IN)
                         net (fo=0)                   0.000    10.000    OSC_CLK
    E3                   IBUF (Prop_ibuf_I_O)         1.347    11.347 r  OSC_CLK_IBUF_inst/O
                         net (fo=1, routed)           1.628    12.975    OSC_CLK_IBUF
    BUFGCTRL_X0Y16       BUFG (Prop_bufg_I_O)         0.077    13.052 r  OSC_CLK_IBUF_BUFG_inst/O
                         net (fo=48, routed)          1.260    14.312    DivFrecuencia/OSC_CLK_IBUF_BUFG
    SLICE_X53Y95         FDCE                                         r  DivFrecuencia/CLK_reg/C
                         clock pessimism              0.159    14.470    
                         clock uncertainty           -0.035    14.435    
    SLICE_X53Y95         FDCE (Recov_fdce_C_CLR)     -0.331    14.104    DivFrecuencia/CLK_reg
  -------------------------------------------------------------------
                         required time                         14.104    
                         arrival time                          -6.131    
  -------------------------------------------------------------------
                         slack                                  7.973    

Slack (MET) :             8.094ns  (required time - arrival time)
  Source:                 PCCLR_reg/C
                            (rising edge-triggered cell FDRE clocked by sys_clk_pin  {rise@0.000ns fall@5.000ns period=10.000ns})
  Destination:            DivFrecuencia/CONT_reg[10]/CLR
                            (recovery check against rising-edge clock sys_clk_pin  {rise@0.000ns fall@5.000ns period=10.000ns})
  Path Group:             **async_default**
  Path Type:              Recovery (Max at Slow Process Corner)
  Requirement:            10.000ns  (sys_clk_pin rise@10.000ns - sys_clk_pin rise@0.000ns)
  Data Path Delay:        1.442ns  (logic 0.433ns (30.028%)  route 1.009ns (69.972%))
  Logic Levels:           0  
  Clock Path Skew:        -0.098ns (DCD - SCD + CPR)
    Destination Clock Delay (DCD):    4.312ns = ( 14.312 - 10.000 ) 
    Source Clock Delay      (SCD):    4.568ns
    Clock Pessimism Removal (CPR):    0.159ns
  Clock Uncertainty:      0.035ns  ((TSJ^2 + TIJ^2)^1/2 + DJ) / 2 + PE
    Total System Jitter     (TSJ):    0.071ns
    Total Input Jitter      (TIJ):    0.000ns
    Discrete Jitter          (DJ):    0.000ns
    Phase Error              (PE):    0.000ns

    Location             Delay type                Incr(ns)  Path(ns)    Netlist Resource(s)
  -------------------------------------------------------------------    -------------------
                         (clock sys_clk_pin rise edge)
                                                      0.000     0.000 r  
    E3                                                0.000     0.000 r  OSC_CLK (IN)
                         net (fo=0)                   0.000     0.000    OSC_CLK
    E3                   IBUF (Prop_ibuf_I_O)         1.413     1.413 r  OSC_CLK_IBUF_inst/O
                         net (fo=1, routed)           1.717     3.130    OSC_CLK_IBUF
    BUFGCTRL_X0Y16       BUFG (Prop_bufg_I_O)         0.081     3.211 r  OSC_CLK_IBUF_BUFG_inst/O
                         net (fo=48, routed)          1.357     4.568    OSC_CLK_IBUF_BUFG
    SLICE_X50Y103        FDRE                                         r  PCCLR_reg/C
  -------------------------------------------------------------------    -------------------
    SLICE_X50Y103        FDRE (Prop_fdre_C_Q)         0.433     5.001 f  PCCLR_reg/Q
                         net (fo=39, routed)          1.009     6.010    DivFrecuencia/CONT_reg[26]_0
    SLICE_X52Y96         FDCE                                         f  DivFrecuencia/CONT_reg[10]/CLR
  -------------------------------------------------------------------    -------------------

                         (clock sys_clk_pin rise edge)
                                                     10.000    10.000 r  
    E3                                                0.000    10.000 r  OSC_CLK (IN)
                         net (fo=0)                   0.000    10.000    OSC_CLK
    E3                   IBUF (Prop_ibuf_I_O)         1.347    11.347 r  OSC_CLK_IBUF_inst/O
                         net (fo=1, routed)           1.628    12.975    OSC_CLK_IBUF
    BUFGCTRL_X0Y16       BUFG (Prop_bufg_I_O)         0.077    13.052 r  OSC_CLK_IBUF_BUFG_inst/O
                         net (fo=48, routed)          1.260    14.312    DivFrecuencia/OSC_CLK_IBUF_BUFG
    SLICE_X52Y96         FDCE                                         r  DivFrecuencia/CONT_reg[10]/C
                         clock pessimism              0.159    14.470    
                         clock uncertainty           -0.035    14.435    
    SLICE_X52Y96         FDCE (Recov_fdce_C_CLR)     -0.331    14.104    DivFrecuencia/CONT_reg[10]
  -------------------------------------------------------------------
                         required time                         14.104    
                         arrival time                          -6.010    
  -------------------------------------------------------------------
                         slack                                  8.094    





Min Delay Paths
--------------------------------------------------------------------------------------
Slack (MET) :             0.282ns  (arrival time - required time)
  Source:                 PCCLR_reg/C
                            (rising edge-triggered cell FDRE clocked by sys_clk_pin  {rise@0.000ns fall@5.000ns period=10.000ns})
  Destination:            DivFrecuencia/CONT_reg[24]/CLR
                            (removal check against rising-edge clock sys_clk_pin  {rise@0.000ns fall@5.000ns period=10.000ns})
  Path Group:             **async_default**
  Path Type:              Removal (Min at Fast Process Corner)
  Requirement:            0.000ns  (sys_clk_pin rise@0.000ns - sys_clk_pin rise@0.000ns)
  Data Path Delay:        0.454ns  (logic 0.164ns (36.094%)  route 0.290ns (63.906%))
  Logic Levels:           0  
  Clock Path Skew:        0.265ns (DCD - SCD - CPR)
    Destination Clock Delay (DCD):    1.994ns
    Source Clock Delay      (SCD):    1.478ns
    Clock Pessimism Removal (CPR):    0.250ns

    Location             Delay type                Incr(ns)  Path(ns)    Netlist Resource(s)
  -------------------------------------------------------------------    -------------------
                         (clock sys_clk_pin rise edge)
                                                      0.000     0.000 r  
    E3                                                0.000     0.000 r  OSC_CLK (IN)
                         net (fo=0)                   0.000     0.000    OSC_CLK
    E3                   IBUF (Prop_ibuf_I_O)         0.250     0.250 r  OSC_CLK_IBUF_inst/O
                         net (fo=1, routed)           0.644     0.894    OSC_CLK_IBUF
    BUFGCTRL_X0Y16       BUFG (Prop_bufg_I_O)         0.026     0.920 r  OSC_CLK_IBUF_BUFG_inst/O
                         net (fo=48, routed)          0.559     1.478    OSC_CLK_IBUF_BUFG
    SLICE_X50Y103        FDRE                                         r  PCCLR_reg/C
  -------------------------------------------------------------------    -------------------
    SLICE_X50Y103        FDRE (Prop_fdre_C_Q)         0.164     1.642 f  PCCLR_reg/Q
                         net (fo=39, routed)          0.290     1.933    DivFrecuencia/CONT_reg[26]_0
    SLICE_X52Y100        FDCE                                         f  DivFrecuencia/CONT_reg[24]/CLR
  -------------------------------------------------------------------    -------------------

                         (clock sys_clk_pin rise edge)
                                                      0.000     0.000 r  
    E3                                                0.000     0.000 r  OSC_CLK (IN)
                         net (fo=0)                   0.000     0.000    OSC_CLK
    E3                   IBUF (Prop_ibuf_I_O)         0.438     0.438 r  OSC_CLK_IBUF_inst/O
                         net (fo=1, routed)           0.699     1.136    OSC_CLK_IBUF
    BUFGCTRL_X0Y16       BUFG (Prop_bufg_I_O)         0.029     1.165 r  OSC_CLK_IBUF_BUFG_inst/O
                         net (fo=48, routed)          0.828     1.994    DivFrecuencia/OSC_CLK_IBUF_BUFG
    SLICE_X52Y100        FDCE                                         r  DivFrecuencia/CONT_reg[24]/C
                         clock pessimism             -0.250     1.743    
    SLICE_X52Y100        FDCE (Remov_fdce_C_CLR)     -0.092     1.651    DivFrecuencia/CONT_reg[24]
  -------------------------------------------------------------------
                         required time                         -1.651    
                         arrival time                           1.933    
  -------------------------------------------------------------------
                         slack                                  0.282    

Slack (MET) :             0.282ns  (arrival time - required time)
  Source:                 PCCLR_reg/C
                            (rising edge-triggered cell FDRE clocked by sys_clk_pin  {rise@0.000ns fall@5.000ns period=10.000ns})
  Destination:            DivFrecuencia/CONT_reg[25]/CLR
                            (removal check against rising-edge clock sys_clk_pin  {rise@0.000ns fall@5.000ns period=10.000ns})
  Path Group:             **async_default**
  Path Type:              Removal (Min at Fast Process Corner)
  Requirement:            0.000ns  (sys_clk_pin rise@0.000ns - sys_clk_pin rise@0.000ns)
  Data Path Delay:        0.454ns  (logic 0.164ns (36.094%)  route 0.290ns (63.906%))
  Logic Levels:           0  
  Clock Path Skew:        0.265ns (DCD - SCD - CPR)
    Destination Clock Delay (DCD):    1.994ns
    Source Clock Delay      (SCD):    1.478ns
    Clock Pessimism Removal (CPR):    0.250ns

    Location             Delay type                Incr(ns)  Path(ns)    Netlist Resource(s)
  -------------------------------------------------------------------    -------------------
                         (clock sys_clk_pin rise edge)
                                                      0.000     0.000 r  
    E3                                                0.000     0.000 r  OSC_CLK (IN)
                         net (fo=0)                   0.000     0.000    OSC_CLK
    E3                   IBUF (Prop_ibuf_I_O)         0.250     0.250 r  OSC_CLK_IBUF_inst/O
                         net (fo=1, routed)           0.644     0.894    OSC_CLK_IBUF
    BUFGCTRL_X0Y16       BUFG (Prop_bufg_I_O)         0.026     0.920 r  OSC_CLK_IBUF_BUFG_inst/O
                         net (fo=48, routed)          0.559     1.478    OSC_CLK_IBUF_BUFG
    SLICE_X50Y103        FDRE                                         r  PCCLR_reg/C
  -------------------------------------------------------------------    -------------------
    SLICE_X50Y103        FDRE (Prop_fdre_C_Q)         0.164     1.642 f  PCCLR_reg/Q
                         net (fo=39, routed)          0.290     1.933    DivFrecuencia/CONT_reg[26]_0
    SLICE_X52Y100        FDCE                                         f  DivFrecuencia/CONT_reg[25]/CLR
  -------------------------------------------------------------------    -------------------

                         (clock sys_clk_pin rise edge)
                                                      0.000     0.000 r  
    E3                                                0.000     0.000 r  OSC_CLK (IN)
                         net (fo=0)                   0.000     0.000    OSC_CLK
    E3                   IBUF (Prop_ibuf_I_O)         0.438     0.438 r  OSC_CLK_IBUF_inst/O
                         net (fo=1, routed)           0.699     1.136    OSC_CLK_IBUF
    BUFGCTRL_X0Y16       BUFG (Prop_bufg_I_O)         0.029     1.165 r  OSC_CLK_IBUF_BUFG_inst/O
                         net (fo=48, routed)          0.828     1.994    DivFrecuencia/OSC_CLK_IBUF_BUFG
    SLICE_X52Y100        FDCE                                         r  DivFrecuencia/CONT_reg[25]/C
                         clock pessimism             -0.250     1.743    
    SLICE_X52Y100        FDCE (Remov_fdce_C_CLR)     -0.092     1.651    DivFrecuencia/CONT_reg[25]
  -------------------------------------------------------------------
                         required time                         -1.651    
                         arrival time                           1.933    
  -------------------------------------------------------------------
                         slack                                  0.282    

Slack (MET) :             0.282ns  (arrival time - required time)
  Source:                 PCCLR_reg/C
                            (rising edge-triggered cell FDRE clocked by sys_clk_pin  {rise@0.000ns fall@5.000ns period=10.000ns})
  Destination:            DivFrecuencia/CONT_reg[26]/CLR
                            (removal check against rising-edge clock sys_clk_pin  {rise@0.000ns fall@5.000ns period=10.000ns})
  Path Group:             **async_default**
  Path Type:              Removal (Min at Fast Process Corner)
  Requirement:            0.000ns  (sys_clk_pin rise@0.000ns - sys_clk_pin rise@0.000ns)
  Data Path Delay:        0.454ns  (logic 0.164ns (36.094%)  route 0.290ns (63.906%))
  Logic Levels:           0  
  Clock Path Skew:        0.265ns (DCD - SCD - CPR)
    Destination Clock Delay (DCD):    1.994ns
    Source Clock Delay      (SCD):    1.478ns
    Clock Pessimism Removal (CPR):    0.250ns

    Location             Delay type                Incr(ns)  Path(ns)    Netlist Resource(s)
  -------------------------------------------------------------------    -------------------
                         (clock sys_clk_pin rise edge)
                                                      0.000     0.000 r  
    E3                                                0.000     0.000 r  OSC_CLK (IN)
                         net (fo=0)                   0.000     0.000    OSC_CLK
    E3                   IBUF (Prop_ibuf_I_O)         0.250     0.250 r  OSC_CLK_IBUF_inst/O
                         net (fo=1, routed)           0.644     0.894    OSC_CLK_IBUF
    BUFGCTRL_X0Y16       BUFG (Prop_bufg_I_O)         0.026     0.920 r  OSC_CLK_IBUF_BUFG_inst/O
                         net (fo=48, routed)          0.559     1.478    OSC_CLK_IBUF_BUFG
    SLICE_X50Y103        FDRE                                         r  PCCLR_reg/C
  -------------------------------------------------------------------    -------------------
    SLICE_X50Y103        FDRE (Prop_fdre_C_Q)         0.164     1.642 f  PCCLR_reg/Q
                         net (fo=39, routed)          0.290     1.933    DivFrecuencia/CONT_reg[26]_0
    SLICE_X52Y100        FDCE                                         f  DivFrecuencia/CONT_reg[26]/CLR
  -------------------------------------------------------------------    -------------------

                         (clock sys_clk_pin rise edge)
                                                      0.000     0.000 r  
    E3                                                0.000     0.000 r  OSC_CLK (IN)
                         net (fo=0)                   0.000     0.000    OSC_CLK
    E3                   IBUF (Prop_ibuf_I_O)         0.438     0.438 r  OSC_CLK_IBUF_inst/O
                         net (fo=1, routed)           0.699     1.136    OSC_CLK_IBUF
    BUFGCTRL_X0Y16       BUFG (Prop_bufg_I_O)         0.029     1.165 r  OSC_CLK_IBUF_BUFG_inst/O
                         net (fo=48, routed)          0.828     1.994    DivFrecuencia/OSC_CLK_IBUF_BUFG
    SLICE_X52Y100        FDCE                                         r  DivFrecuencia/CONT_reg[26]/C
                         clock pessimism             -0.250     1.743    
    SLICE_X52Y100        FDCE (Remov_fdce_C_CLR)     -0.092     1.651    DivFrecuencia/CONT_reg[26]
  -------------------------------------------------------------------
                         required time                         -1.651    
                         arrival time                           1.933    
  -------------------------------------------------------------------
                         slack                                  0.282    

Slack (MET) :             0.288ns  (arrival time - required time)
  Source:                 PCCLR_reg/C
                            (rising edge-triggered cell FDRE clocked by sys_clk_pin  {rise@0.000ns fall@5.000ns period=10.000ns})
  Destination:            DivFrecuencia/CONT_reg[20]/CLR
                            (removal check against rising-edge clock sys_clk_pin  {rise@0.000ns fall@5.000ns period=10.000ns})
  Path Group:             **async_default**
  Path Type:              Removal (Min at Fast Process Corner)
  Requirement:            0.000ns  (sys_clk_pin rise@0.000ns - sys_clk_pin rise@0.000ns)
  Data Path Delay:        0.472ns  (logic 0.164ns (34.755%)  route 0.308ns (65.245%))
  Logic Levels:           0  
  Clock Path Skew:        0.276ns (DCD - SCD - CPR)
    Destination Clock Delay (DCD):    2.000ns
    Source Clock Delay      (SCD):    1.478ns
    Clock Pessimism Removal (CPR):    0.245ns

    Location             Delay type                Incr(ns)  Path(ns)    Netlist Resource(s)
  -------------------------------------------------------------------    -------------------
                         (clock sys_clk_pin rise edge)
                                                      0.000     0.000 r  
    E3                                                0.000     0.000 r  OSC_CLK (IN)
                         net (fo=0)                   0.000     0.000    OSC_CLK
    E3                   IBUF (Prop_ibuf_I_O)         0.250     0.250 r  OSC_CLK_IBUF_inst/O
                         net (fo=1, routed)           0.644     0.894    OSC_CLK_IBUF
    BUFGCTRL_X0Y16       BUFG (Prop_bufg_I_O)         0.026     0.920 r  OSC_CLK_IBUF_BUFG_inst/O
                         net (fo=48, routed)          0.559     1.478    OSC_CLK_IBUF_BUFG
    SLICE_X50Y103        FDRE                                         r  PCCLR_reg/C
  -------------------------------------------------------------------    -------------------
    SLICE_X50Y103        FDRE (Prop_fdre_C_Q)         0.164     1.642 f  PCCLR_reg/Q
                         net (fo=39, routed)          0.308     1.950    DivFrecuencia/CONT_reg[26]_0
    SLICE_X52Y99         FDCE                                         f  DivFrecuencia/CONT_reg[20]/CLR
  -------------------------------------------------------------------    -------------------

                         (clock sys_clk_pin rise edge)
                                                      0.000     0.000 r  
    E3                                                0.000     0.000 r  OSC_CLK (IN)
                         net (fo=0)                   0.000     0.000    OSC_CLK
    E3                   IBUF (Prop_ibuf_I_O)         0.438     0.438 r  OSC_CLK_IBUF_inst/O
                         net (fo=1, routed)           0.699     1.136    OSC_CLK_IBUF
    BUFGCTRL_X0Y16       BUFG (Prop_bufg_I_O)         0.029     1.165 r  OSC_CLK_IBUF_BUFG_inst/O
                         net (fo=48, routed)          0.835     2.000    DivFrecuencia/OSC_CLK_IBUF_BUFG
    SLICE_X52Y99         FDCE                                         r  DivFrecuencia/CONT_reg[20]/C
                         clock pessimism             -0.245     1.754    
    SLICE_X52Y99         FDCE (Remov_fdce_C_CLR)     -0.092     1.662    DivFrecuencia/CONT_reg[20]
  -------------------------------------------------------------------
                         required time                         -1.662    
                         arrival time                           1.950    
  -------------------------------------------------------------------
                         slack                                  0.288    

Slack (MET) :             0.288ns  (arrival time - required time)
  Source:                 PCCLR_reg/C
                            (rising edge-triggered cell FDRE clocked by sys_clk_pin  {rise@0.000ns fall@5.000ns period=10.000ns})
  Destination:            DivFrecuencia/CONT_reg[21]/CLR
                            (removal check against rising-edge clock sys_clk_pin  {rise@0.000ns fall@5.000ns period=10.000ns})
  Path Group:             **async_default**
  Path Type:              Removal (Min at Fast Process Corner)
  Requirement:            0.000ns  (sys_clk_pin rise@0.000ns - sys_clk_pin rise@0.000ns)
  Data Path Delay:        0.472ns  (logic 0.164ns (34.755%)  route 0.308ns (65.245%))
  Logic Levels:           0  
  Clock Path Skew:        0.276ns (DCD - SCD - CPR)
    Destination Clock Delay (DCD):    2.000ns
    Source Clock Delay      (SCD):    1.478ns
    Clock Pessimism Removal (CPR):    0.245ns

    Location             Delay type                Incr(ns)  Path(ns)    Netlist Resource(s)
  -------------------------------------------------------------------    -------------------
                         (clock sys_clk_pin rise edge)
                                                      0.000     0.000 r  
    E3                                                0.000     0.000 r  OSC_CLK (IN)
                         net (fo=0)                   0.000     0.000    OSC_CLK
    E3                   IBUF (Prop_ibuf_I_O)         0.250     0.250 r  OSC_CLK_IBUF_inst/O
                         net (fo=1, routed)           0.644     0.894    OSC_CLK_IBUF
    BUFGCTRL_X0Y16       BUFG (Prop_bufg_I_O)         0.026     0.920 r  OSC_CLK_IBUF_BUFG_inst/O
                         net (fo=48, routed)          0.559     1.478    OSC_CLK_IBUF_BUFG
    SLICE_X50Y103        FDRE                                         r  PCCLR_reg/C
  -------------------------------------------------------------------    -------------------
    SLICE_X50Y103        FDRE (Prop_fdre_C_Q)         0.164     1.642 f  PCCLR_reg/Q
                         net (fo=39, routed)          0.308     1.950    DivFrecuencia/CONT_reg[26]_0
    SLICE_X52Y99         FDCE                                         f  DivFrecuencia/CONT_reg[21]/CLR
  -------------------------------------------------------------------    -------------------

                         (clock sys_clk_pin rise edge)
                                                      0.000     0.000 r  
    E3                                                0.000     0.000 r  OSC_CLK (IN)
                         net (fo=0)                   0.000     0.000    OSC_CLK
    E3                   IBUF (Prop_ibuf_I_O)         0.438     0.438 r  OSC_CLK_IBUF_inst/O
                         net (fo=1, routed)           0.699     1.136    OSC_CLK_IBUF
    BUFGCTRL_X0Y16       BUFG (Prop_bufg_I_O)         0.029     1.165 r  OSC_CLK_IBUF_BUFG_inst/O
                         net (fo=48, routed)          0.835     2.000    DivFrecuencia/OSC_CLK_IBUF_BUFG
    SLICE_X52Y99         FDCE                                         r  DivFrecuencia/CONT_reg[21]/C
                         clock pessimism             -0.245     1.754    
    SLICE_X52Y99         FDCE (Remov_fdce_C_CLR)     -0.092     1.662    DivFrecuencia/CONT_reg[21]
  -------------------------------------------------------------------
                         required time                         -1.662    
                         arrival time                           1.950    
  -------------------------------------------------------------------
                         slack                                  0.288    

Slack (MET) :             0.288ns  (arrival time - required time)
  Source:                 PCCLR_reg/C
                            (rising edge-triggered cell FDRE clocked by sys_clk_pin  {rise@0.000ns fall@5.000ns period=10.000ns})
  Destination:            DivFrecuencia/CONT_reg[22]/CLR
                            (removal check against rising-edge clock sys_clk_pin  {rise@0.000ns fall@5.000ns period=10.000ns})
  Path Group:             **async_default**
  Path Type:              Removal (Min at Fast Process Corner)
  Requirement:            0.000ns  (sys_clk_pin rise@0.000ns - sys_clk_pin rise@0.000ns)
  Data Path Delay:        0.472ns  (logic 0.164ns (34.755%)  route 0.308ns (65.245%))
  Logic Levels:           0  
  Clock Path Skew:        0.276ns (DCD - SCD - CPR)
    Destination Clock Delay (DCD):    2.000ns
    Source Clock Delay      (SCD):    1.478ns
    Clock Pessimism Removal (CPR):    0.245ns

    Location             Delay type                Incr(ns)  Path(ns)    Netlist Resource(s)
  -------------------------------------------------------------------    -------------------
                         (clock sys_clk_pin rise edge)
                                                      0.000     0.000 r  
    E3                                                0.000     0.000 r  OSC_CLK (IN)
                         net (fo=0)                   0.000     0.000    OSC_CLK
    E3                   IBUF (Prop_ibuf_I_O)         0.250     0.250 r  OSC_CLK_IBUF_inst/O
                         net (fo=1, routed)           0.644     0.894    OSC_CLK_IBUF
    BUFGCTRL_X0Y16       BUFG (Prop_bufg_I_O)         0.026     0.920 r  OSC_CLK_IBUF_BUFG_inst/O
                         net (fo=48, routed)          0.559     1.478    OSC_CLK_IBUF_BUFG
    SLICE_X50Y103        FDRE                                         r  PCCLR_reg/C
  -------------------------------------------------------------------    -------------------
    SLICE_X50Y103        FDRE (Prop_fdre_C_Q)         0.164     1.642 f  PCCLR_reg/Q
                         net (fo=39, routed)          0.308     1.950    DivFrecuencia/CONT_reg[26]_0
    SLICE_X52Y99         FDCE                                         f  DivFrecuencia/CONT_reg[22]/CLR
  -------------------------------------------------------------------    -------------------

                         (clock sys_clk_pin rise edge)
                                                      0.000     0.000 r  
    E3                                                0.000     0.000 r  OSC_CLK (IN)
                         net (fo=0)                   0.000     0.000    OSC_CLK
    E3                   IBUF (Prop_ibuf_I_O)         0.438     0.438 r  OSC_CLK_IBUF_inst/O
                         net (fo=1, routed)           0.699     1.136    OSC_CLK_IBUF
    BUFGCTRL_X0Y16       BUFG (Prop_bufg_I_O)         0.029     1.165 r  OSC_CLK_IBUF_BUFG_inst/O
                         net (fo=48, routed)          0.835     2.000    DivFrecuencia/OSC_CLK_IBUF_BUFG
    SLICE_X52Y99         FDCE                                         r  DivFrecuencia/CONT_reg[22]/C
                         clock pessimism             -0.245     1.754    
    SLICE_X52Y99         FDCE (Remov_fdce_C_CLR)     -0.092     1.662    DivFrecuencia/CONT_reg[22]
  -------------------------------------------------------------------
                         required time                         -1.662    
                         arrival time                           1.950    
  -------------------------------------------------------------------
                         slack                                  0.288    

Slack (MET) :             0.288ns  (arrival time - required time)
  Source:                 PCCLR_reg/C
                            (rising edge-triggered cell FDRE clocked by sys_clk_pin  {rise@0.000ns fall@5.000ns period=10.000ns})
  Destination:            DivFrecuencia/CONT_reg[23]/CLR
                            (removal check against rising-edge clock sys_clk_pin  {rise@0.000ns fall@5.000ns period=10.000ns})
  Path Group:             **async_default**
  Path Type:              Removal (Min at Fast Process Corner)
  Requirement:            0.000ns  (sys_clk_pin rise@0.000ns - sys_clk_pin rise@0.000ns)
  Data Path Delay:        0.472ns  (logic 0.164ns (34.755%)  route 0.308ns (65.245%))
  Logic Levels:           0  
  Clock Path Skew:        0.276ns (DCD - SCD - CPR)
    Destination Clock Delay (DCD):    2.000ns
    Source Clock Delay      (SCD):    1.478ns
    Clock Pessimism Removal (CPR):    0.245ns

    Location             Delay type                Incr(ns)  Path(ns)    Netlist Resource(s)
  -------------------------------------------------------------------    -------------------
                         (clock sys_clk_pin rise edge)
                                                      0.000     0.000 r  
    E3                                                0.000     0.000 r  OSC_CLK (IN)
                         net (fo=0)                   0.000     0.000    OSC_CLK
    E3                   IBUF (Prop_ibuf_I_O)         0.250     0.250 r  OSC_CLK_IBUF_inst/O
                         net (fo=1, routed)           0.644     0.894    OSC_CLK_IBUF
    BUFGCTRL_X0Y16       BUFG (Prop_bufg_I_O)         0.026     0.920 r  OSC_CLK_IBUF_BUFG_inst/O
                         net (fo=48, routed)          0.559     1.478    OSC_CLK_IBUF_BUFG
    SLICE_X50Y103        FDRE                                         r  PCCLR_reg/C
  -------------------------------------------------------------------    -------------------
    SLICE_X50Y103        FDRE (Prop_fdre_C_Q)         0.164     1.642 f  PCCLR_reg/Q
                         net (fo=39, routed)          0.308     1.950    DivFrecuencia/CONT_reg[26]_0
    SLICE_X52Y99         FDCE                                         f  DivFrecuencia/CONT_reg[23]/CLR
  -------------------------------------------------------------------    -------------------

                         (clock sys_clk_pin rise edge)
                                                      0.000     0.000 r  
    E3                                                0.000     0.000 r  OSC_CLK (IN)
                         net (fo=0)                   0.000     0.000    OSC_CLK
    E3                   IBUF (Prop_ibuf_I_O)         0.438     0.438 r  OSC_CLK_IBUF_inst/O
                         net (fo=1, routed)           0.699     1.136    OSC_CLK_IBUF
    BUFGCTRL_X0Y16       BUFG (Prop_bufg_I_O)         0.029     1.165 r  OSC_CLK_IBUF_BUFG_inst/O
                         net (fo=48, routed)          0.835     2.000    DivFrecuencia/OSC_CLK_IBUF_BUFG
    SLICE_X52Y99         FDCE                                         r  DivFrecuencia/CONT_reg[23]/C
                         clock pessimism             -0.245     1.754    
    SLICE_X52Y99         FDCE (Remov_fdce_C_CLR)     -0.092     1.662    DivFrecuencia/CONT_reg[23]
  -------------------------------------------------------------------
                         required time                         -1.662    
                         arrival time                           1.950    
  -------------------------------------------------------------------
                         slack                                  0.288    

Slack (MET) :             0.350ns  (arrival time - required time)
  Source:                 PCCLR_reg/C
                            (rising edge-triggered cell FDRE clocked by sys_clk_pin  {rise@0.000ns fall@5.000ns period=10.000ns})
  Destination:            DivFrecuencia/CONT_reg[16]/CLR
                            (removal check against rising-edge clock sys_clk_pin  {rise@0.000ns fall@5.000ns period=10.000ns})
  Path Group:             **async_default**
  Path Type:              Removal (Min at Fast Process Corner)
  Requirement:            0.000ns  (sys_clk_pin rise@0.000ns - sys_clk_pin rise@0.000ns)
  Data Path Delay:        0.534ns  (logic 0.164ns (30.736%)  route 0.370ns (69.264%))
  Logic Levels:           0  
  Clock Path Skew:        0.276ns (DCD - SCD - CPR)
    Destination Clock Delay (DCD):    2.000ns
    Source Clock Delay      (SCD):    1.478ns
    Clock Pessimism Removal (CPR):    0.245ns

    Location             Delay type                Incr(ns)  Path(ns)    Netlist Resource(s)
  -------------------------------------------------------------------    -------------------
                         (clock sys_clk_pin rise edge)
                                                      0.000     0.000 r  
    E3                                                0.000     0.000 r  OSC_CLK (IN)
                         net (fo=0)                   0.000     0.000    OSC_CLK
    E3                   IBUF (Prop_ibuf_I_O)         0.250     0.250 r  OSC_CLK_IBUF_inst/O
                         net (fo=1, routed)           0.644     0.894    OSC_CLK_IBUF
    BUFGCTRL_X0Y16       BUFG (Prop_bufg_I_O)         0.026     0.920 r  OSC_CLK_IBUF_BUFG_inst/O
                         net (fo=48, routed)          0.559     1.478    OSC_CLK_IBUF_BUFG
    SLICE_X50Y103        FDRE                                         r  PCCLR_reg/C
  -------------------------------------------------------------------    -------------------
    SLICE_X50Y103        FDRE (Prop_fdre_C_Q)         0.164     1.642 f  PCCLR_reg/Q
                         net (fo=39, routed)          0.370     2.012    DivFrecuencia/CONT_reg[26]_0
    SLICE_X52Y98         FDCE                                         f  DivFrecuencia/CONT_reg[16]/CLR
  -------------------------------------------------------------------    -------------------

                         (clock sys_clk_pin rise edge)
                                                      0.000     0.000 r  
    E3                                                0.000     0.000 r  OSC_CLK (IN)
                         net (fo=0)                   0.000     0.000    OSC_CLK
    E3                   IBUF (Prop_ibuf_I_O)         0.438     0.438 r  OSC_CLK_IBUF_inst/O
                         net (fo=1, routed)           0.699     1.136    OSC_CLK_IBUF
    BUFGCTRL_X0Y16       BUFG (Prop_bufg_I_O)         0.029     1.165 r  OSC_CLK_IBUF_BUFG_inst/O
                         net (fo=48, routed)          0.835     2.000    DivFrecuencia/OSC_CLK_IBUF_BUFG
    SLICE_X52Y98         FDCE                                         r  DivFrecuencia/CONT_reg[16]/C
                         clock pessimism             -0.245     1.754    
    SLICE_X52Y98         FDCE (Remov_fdce_C_CLR)     -0.092     1.662    DivFrecuencia/CONT_reg[16]
  -------------------------------------------------------------------
                         required time                         -1.662    
                         arrival time                           2.012    
  -------------------------------------------------------------------
                         slack                                  0.350    

Slack (MET) :             0.350ns  (arrival time - required time)
  Source:                 PCCLR_reg/C
                            (rising edge-triggered cell FDRE clocked by sys_clk_pin  {rise@0.000ns fall@5.000ns period=10.000ns})
  Destination:            DivFrecuencia/CONT_reg[17]/CLR
                            (removal check against rising-edge clock sys_clk_pin  {rise@0.000ns fall@5.000ns period=10.000ns})
  Path Group:             **async_default**
  Path Type:              Removal (Min at Fast Process Corner)
  Requirement:            0.000ns  (sys_clk_pin rise@0.000ns - sys_clk_pin rise@0.000ns)
  Data Path Delay:        0.534ns  (logic 0.164ns (30.736%)  route 0.370ns (69.264%))
  Logic Levels:           0  
  Clock Path Skew:        0.276ns (DCD - SCD - CPR)
    Destination Clock Delay (DCD):    2.000ns
    Source Clock Delay      (SCD):    1.478ns
    Clock Pessimism Removal (CPR):    0.245ns

    Location             Delay type                Incr(ns)  Path(ns)    Netlist Resource(s)
  -------------------------------------------------------------------    -------------------
                         (clock sys_clk_pin rise edge)
                                                      0.000     0.000 r  
    E3                                                0.000     0.000 r  OSC_CLK (IN)
                         net (fo=0)                   0.000     0.000    OSC_CLK
    E3                   IBUF (Prop_ibuf_I_O)         0.250     0.250 r  OSC_CLK_IBUF_inst/O
                         net (fo=1, routed)           0.644     0.894    OSC_CLK_IBUF
    BUFGCTRL_X0Y16       BUFG (Prop_bufg_I_O)         0.026     0.920 r  OSC_CLK_IBUF_BUFG_inst/O
                         net (fo=48, routed)          0.559     1.478    OSC_CLK_IBUF_BUFG
    SLICE_X50Y103        FDRE                                         r  PCCLR_reg/C
  -------------------------------------------------------------------    -------------------
    SLICE_X50Y103        FDRE (Prop_fdre_C_Q)         0.164     1.642 f  PCCLR_reg/Q
                         net (fo=39, routed)          0.370     2.012    DivFrecuencia/CONT_reg[26]_0
    SLICE_X52Y98         FDCE                                         f  DivFrecuencia/CONT_reg[17]/CLR
  -------------------------------------------------------------------    -------------------

                         (clock sys_clk_pin rise edge)
                                                      0.000     0.000 r  
    E3                                                0.000     0.000 r  OSC_CLK (IN)
                         net (fo=0)                   0.000     0.000    OSC_CLK
    E3                   IBUF (Prop_ibuf_I_O)         0.438     0.438 r  OSC_CLK_IBUF_inst/O
                         net (fo=1, routed)           0.699     1.136    OSC_CLK_IBUF
    BUFGCTRL_X0Y16       BUFG (Prop_bufg_I_O)         0.029     1.165 r  OSC_CLK_IBUF_BUFG_inst/O
                         net (fo=48, routed)          0.835     2.000    DivFrecuencia/OSC_CLK_IBUF_BUFG
    SLICE_X52Y98         FDCE                                         r  DivFrecuencia/CONT_reg[17]/C
                         clock pessimism             -0.245     1.754    
    SLICE_X52Y98         FDCE (Remov_fdce_C_CLR)     -0.092     1.662    DivFrecuencia/CONT_reg[17]
  -------------------------------------------------------------------
                         required time                         -1.662    
                         arrival time                           2.012    
  -------------------------------------------------------------------
                         slack                                  0.350    

Slack (MET) :             0.350ns  (arrival time - required time)
  Source:                 PCCLR_reg/C
                            (rising edge-triggered cell FDRE clocked by sys_clk_pin  {rise@0.000ns fall@5.000ns period=10.000ns})
  Destination:            DivFrecuencia/CONT_reg[18]/CLR
                            (removal check against rising-edge clock sys_clk_pin  {rise@0.000ns fall@5.000ns period=10.000ns})
  Path Group:             **async_default**
  Path Type:              Removal (Min at Fast Process Corner)
  Requirement:            0.000ns  (sys_clk_pin rise@0.000ns - sys_clk_pin rise@0.000ns)
  Data Path Delay:        0.534ns  (logic 0.164ns (30.736%)  route 0.370ns (69.264%))
  Logic Levels:           0  
  Clock Path Skew:        0.276ns (DCD - SCD - CPR)
    Destination Clock Delay (DCD):    2.000ns
    Source Clock Delay      (SCD):    1.478ns
    Clock Pessimism Removal (CPR):    0.245ns

    Location             Delay type                Incr(ns)  Path(ns)    Netlist Resource(s)
  -------------------------------------------------------------------    -------------------
                         (clock sys_clk_pin rise edge)
                                                      0.000     0.000 r  
    E3                                                0.000     0.000 r  OSC_CLK (IN)
                         net (fo=0)                   0.000     0.000    OSC_CLK
    E3                   IBUF (Prop_ibuf_I_O)         0.250     0.250 r  OSC_CLK_IBUF_inst/O
                         net (fo=1, routed)           0.644     0.894    OSC_CLK_IBUF
    BUFGCTRL_X0Y16       BUFG (Prop_bufg_I_O)         0.026     0.920 r  OSC_CLK_IBUF_BUFG_inst/O
                         net (fo=48, routed)          0.559     1.478    OSC_CLK_IBUF_BUFG
    SLICE_X50Y103        FDRE                                         r  PCCLR_reg/C
  -------------------------------------------------------------------    -------------------
    SLICE_X50Y103        FDRE (Prop_fdre_C_Q)         0.164     1.642 f  PCCLR_reg/Q
                         net (fo=39, routed)          0.370     2.012    DivFrecuencia/CONT_reg[26]_0
    SLICE_X52Y98         FDCE                                         f  DivFrecuencia/CONT_reg[18]/CLR
  -------------------------------------------------------------------    -------------------

                         (clock sys_clk_pin rise edge)
                                                      0.000     0.000 r  
    E3                                                0.000     0.000 r  OSC_CLK (IN)
                         net (fo=0)                   0.000     0.000    OSC_CLK
    E3                   IBUF (Prop_ibuf_I_O)         0.438     0.438 r  OSC_CLK_IBUF_inst/O
                         net (fo=1, routed)           0.699     1.136    OSC_CLK_IBUF
    BUFGCTRL_X0Y16       BUFG (Prop_bufg_I_O)         0.029     1.165 r  OSC_CLK_IBUF_BUFG_inst/O
                         net (fo=48, routed)          0.835     2.000    DivFrecuencia/OSC_CLK_IBUF_BUFG
    SLICE_X52Y98         FDCE                                         r  DivFrecuencia/CONT_reg[18]/C
                         clock pessimism             -0.245     1.754    
    SLICE_X52Y98         FDCE (Remov_fdce_C_CLR)     -0.092     1.662    DivFrecuencia/CONT_reg[18]
  -------------------------------------------------------------------
                         required time                         -1.662    
                         arrival time                           2.012    
  -------------------------------------------------------------------
                         slack                                  0.350    





--------------------------------------------------------------------------------------
Path Group:  (none)
From Clock:  
  To Clock:  

Max Delay           132 Endpoints
Min Delay           132 Endpoints
--------------------------------------------------------------------------------------


Max Delay Paths
--------------------------------------------------------------------------------------
Slack:                    inf
  Source:                 PC/PC_out_reg[5]/C
                            (rising edge-triggered cell FDCE)
  Destination:            DISP_VAL[6]
                            (output port)
  Path Group:             (none)
  Path Type:              Max at Slow Process Corner
  Data Path Delay:        15.546ns  (logic 5.183ns (33.338%)  route 10.363ns (66.662%))
  Logic Levels:           11  (FDCE=1 LUT3=2 LUT4=1 LUT5=1 LUT6=4 OBUF=1 RAMD32=1)

    Location             Delay type                Incr(ns)  Path(ns)    Netlist Resource(s)
  -------------------------------------------------------------------    -------------------
    SLICE_X51Y99         FDCE                         0.000     0.000 r  PC/PC_out_reg[5]/C
    SLICE_X51Y99         FDCE (Prop_fdce_C_Q)         0.379     0.379 f  PC/PC_out_reg[5]/Q
                         net (fo=4, routed)           0.922     1.301    PC/PC_out[5]
    SLICE_X53Y100        LUT5 (Prop_lut5_I2_O)        0.105     1.406 f  PC/REGISTROS_reg_r1_0_7_0_5_i_13/O
                         net (fo=6, routed)           0.603     2.009    PC/REGISTROS_reg_r1_0_7_0_5_i_13_n_0
    SLICE_X51Y99         LUT4 (Prop_lut4_I3_O)        0.126     2.135 f  PC/PC_out[1]_i_2/O
                         net (fo=16, routed)          0.743     2.878    PC/PC_out[1]_i_2_n_0
    SLICE_X51Y94         LUT3 (Prop_lut3_I2_O)        0.275     3.153 r  PC/REGISTROS_reg_r1_0_7_0_5_i_9/O
                         net (fo=8, routed)           0.945     4.097    ArchivoRegistros/REGISTROS_reg_r1_0_7_0_5/ADDRA1
    SLICE_X50Y96         RAMD32 (Prop_ramd32_RADR1_O)
                                                      0.115     4.212 r  ArchivoRegistros/REGISTROS_reg_r1_0_7_0_5/RAMA/O
                         net (fo=19, routed)          0.750     4.962    ArchivoRegistros/RD1[0]
    SLICE_X49Y95         LUT6 (Prop_lut6_I3_O)        0.264     5.226 r  ArchivoRegistros/DISP_VAL_OBUF[6]_inst_i_18/O
                         net (fo=2, routed)           0.555     5.782    ArchivoRegistros/DISP_VAL_OBUF[6]_inst_i_18_n_0
    SLICE_X49Y95         LUT3 (Prop_lut3_I2_O)        0.119     5.901 f  ArchivoRegistros/DISP_VAL_OBUF[6]_inst_i_7/O
                         net (fo=11, routed)          0.821     6.722    ArchivoRegistros/CLK_reg
    SLICE_X47Y96         LUT6 (Prop_lut6_I5_O)        0.267     6.989 r  ArchivoRegistros/DISP_VAL_OBUF[5]_inst_i_6/O
                         net (fo=7, routed)           0.719     7.708    ArchivoRegistros/DISP_VAL_OBUF[5]_inst_i_6_n_0
    SLICE_X47Y95         LUT6 (Prop_lut6_I4_O)        0.105     7.813 f  ArchivoRegistros/DISP_VAL_OBUF[6]_inst_i_5/O
                         net (fo=2, routed)           0.897     8.710    ArchivoRegistros/DISP_VAL_OBUF[6]_inst_i_5_n_0
    SLICE_X43Y96         LUT6 (Prop_lut6_I4_O)        0.105     8.815 r  ArchivoRegistros/DISP_VAL_OBUF[6]_inst_i_1/O
                         net (fo=1, routed)           3.408    12.223    DISP_VAL_OBUF[6]
    T10                  OBUF (Prop_obuf_I_O)         3.323    15.546 r  DISP_VAL_OBUF[6]_inst/O
                         net (fo=0)                   0.000    15.546    DISP_VAL[6]
    T10                                                               r  DISP_VAL[6] (OUT)
  -------------------------------------------------------------------    -------------------

Slack:                    inf
  Source:                 PC/PC_out_reg[5]/C
                            (rising edge-triggered cell FDCE)
  Destination:            DISP_VAL[5]
                            (output port)
  Path Group:             (none)
  Path Type:              Max at Slow Process Corner
  Data Path Delay:        15.113ns  (logic 4.985ns (32.986%)  route 10.128ns (67.014%))
  Logic Levels:           11  (FDCE=1 LUT3=2 LUT4=1 LUT5=2 LUT6=3 OBUF=1 RAMD32=1)

    Location             Delay type                Incr(ns)  Path(ns)    Netlist Resource(s)
  -------------------------------------------------------------------    -------------------
    SLICE_X51Y99         FDCE                         0.000     0.000 r  PC/PC_out_reg[5]/C
    SLICE_X51Y99         FDCE (Prop_fdce_C_Q)         0.379     0.379 f  PC/PC_out_reg[5]/Q
                         net (fo=4, routed)           0.922     1.301    PC/PC_out[5]
    SLICE_X53Y100        LUT5 (Prop_lut5_I2_O)        0.105     1.406 f  PC/REGISTROS_reg_r1_0_7_0_5_i_13/O
                         net (fo=6, routed)           0.603     2.009    PC/REGISTROS_reg_r1_0_7_0_5_i_13_n_0
    SLICE_X51Y99         LUT4 (Prop_lut4_I3_O)        0.126     2.135 f  PC/PC_out[1]_i_2/O
                         net (fo=16, routed)          0.743     2.878    PC/PC_out[1]_i_2_n_0
    SLICE_X51Y94         LUT3 (Prop_lut3_I2_O)        0.275     3.153 r  PC/REGISTROS_reg_r1_0_7_0_5_i_9/O
                         net (fo=8, routed)           0.945     4.097    ArchivoRegistros/REGISTROS_reg_r1_0_7_0_5/ADDRA1
    SLICE_X50Y96         RAMD32 (Prop_ramd32_RADR1_O)
                                                      0.115     4.212 r  ArchivoRegistros/REGISTROS_reg_r1_0_7_0_5/RAMA/O
                         net (fo=19, routed)          0.721     4.933    ArchivoRegistros/RD1[0]
    SLICE_X48Y96         LUT3 (Prop_lut3_I1_O)        0.264     5.197 r  ArchivoRegistros/DISP_VAL_OBUF[5]_inst_i_8/O
                         net (fo=5, routed)           0.811     6.008    ArchivoRegistros/DISP_VAL_OBUF[5]_inst_i_8_n_0
    SLICE_X48Y95         LUT6 (Prop_lut6_I2_O)        0.105     6.113 r  ArchivoRegistros/DISP_VAL_OBUF[6]_inst_i_11/O
                         net (fo=6, routed)           0.686     6.799    ArchivoRegistros/DISP_VAL_OBUF[6]_inst_i_11_n_0
    SLICE_X46Y95         LUT6 (Prop_lut6_I4_O)        0.105     6.904 r  ArchivoRegistros/DISP_VAL_OBUF[6]_inst_i_8/O
                         net (fo=9, routed)           0.831     7.735    ArchivoRegistros/DISP_VAL_OBUF[6]_inst_i_14_0
    SLICE_X44Y96         LUT5 (Prop_lut5_I2_O)        0.105     7.840 r  ArchivoRegistros/DISP_VAL_OBUF[5]_inst_i_3/O
                         net (fo=1, routed)           0.460     8.300    ArchivoRegistros/DISP_VAL_OBUF[5]_inst_i_3_n_0
    SLICE_X44Y95         LUT6 (Prop_lut6_I1_O)        0.105     8.405 r  ArchivoRegistros/DISP_VAL_OBUF[5]_inst_i_1/O
                         net (fo=1, routed)           3.407    11.812    DISP_VAL_OBUF[5]
    R10                  OBUF (Prop_obuf_I_O)         3.301    15.113 r  DISP_VAL_OBUF[5]_inst/O
                         net (fo=0)                   0.000    15.113    DISP_VAL[5]
    R10                                                               r  DISP_VAL[5] (OUT)
  -------------------------------------------------------------------    -------------------

Slack:                    inf
  Source:                 PC/PC_out_reg[5]/C
                            (rising edge-triggered cell FDCE)
  Destination:            DISP_VAL[1]
                            (output port)
  Path Group:             (none)
  Path Type:              Max at Slow Process Corner
  Data Path Delay:        14.872ns  (logic 5.166ns (34.738%)  route 9.706ns (65.262%))
  Logic Levels:           11  (FDCE=1 LUT3=2 LUT4=1 LUT5=2 LUT6=3 OBUF=1 RAMD32=1)

    Location             Delay type                Incr(ns)  Path(ns)    Netlist Resource(s)
  -------------------------------------------------------------------    -------------------
    SLICE_X51Y99         FDCE                         0.000     0.000 r  PC/PC_out_reg[5]/C
    SLICE_X51Y99         FDCE (Prop_fdce_C_Q)         0.379     0.379 f  PC/PC_out_reg[5]/Q
                         net (fo=4, routed)           0.922     1.301    PC/PC_out[5]
    SLICE_X53Y100        LUT5 (Prop_lut5_I2_O)        0.105     1.406 f  PC/REGISTROS_reg_r1_0_7_0_5_i_13/O
                         net (fo=6, routed)           0.603     2.009    PC/REGISTROS_reg_r1_0_7_0_5_i_13_n_0
    SLICE_X51Y99         LUT4 (Prop_lut4_I3_O)        0.126     2.135 f  PC/PC_out[1]_i_2/O
                         net (fo=16, routed)          0.743     2.878    PC/PC_out[1]_i_2_n_0
    SLICE_X51Y94         LUT3 (Prop_lut3_I2_O)        0.275     3.153 r  PC/REGISTROS_reg_r1_0_7_0_5_i_9/O
                         net (fo=8, routed)           0.945     4.097    ArchivoRegistros/REGISTROS_reg_r1_0_7_0_5/ADDRA1
    SLICE_X50Y96         RAMD32 (Prop_ramd32_RADR1_O)
                                                      0.115     4.212 f  ArchivoRegistros/REGISTROS_reg_r1_0_7_0_5/RAMA/O
                         net (fo=19, routed)          0.750     4.962    ArchivoRegistros/RD1[0]
    SLICE_X49Y95         LUT6 (Prop_lut6_I3_O)        0.264     5.226 f  ArchivoRegistros/DISP_VAL_OBUF[6]_inst_i_18/O
                         net (fo=2, routed)           0.555     5.782    ArchivoRegistros/DISP_VAL_OBUF[6]_inst_i_18_n_0
    SLICE_X49Y95         LUT3 (Prop_lut3_I2_O)        0.119     5.901 r  ArchivoRegistros/DISP_VAL_OBUF[6]_inst_i_7/O
                         net (fo=11, routed)          0.821     6.722    ArchivoRegistros/CLK_reg
    SLICE_X47Y96         LUT6 (Prop_lut6_I5_O)        0.267     6.989 f  ArchivoRegistros/DISP_VAL_OBUF[5]_inst_i_6/O
                         net (fo=7, routed)           0.777     7.765    ArchivoRegistros/DISP_VAL_OBUF[5]_inst_i_6_n_0
    SLICE_X45Y95         LUT5 (Prop_lut5_I4_O)        0.105     7.870 r  ArchivoRegistros/DISP_VAL_OBUF[1]_inst_i_5/O
                         net (fo=1, routed)           0.546     8.416    BCDTo7SegC/DISP_VAL[1]
    SLICE_X45Y95         LUT6 (Prop_lut6_I4_O)        0.105     8.521 r  BCDTo7SegC/DISP_VAL_OBUF[1]_inst_i_1/O
                         net (fo=1, routed)           3.045    11.566    DISP_VAL_OBUF[1]
    T11                  OBUF (Prop_obuf_I_O)         3.306    14.872 r  DISP_VAL_OBUF[1]_inst/O
                         net (fo=0)                   0.000    14.872    DISP_VAL[1]
    T11                                                               r  DISP_VAL[1] (OUT)
  -------------------------------------------------------------------    -------------------

Slack:                    inf
  Source:                 PC/PC_out_reg[5]/C
                            (rising edge-triggered cell FDCE)
  Destination:            DISP_VAL[3]
                            (output port)
  Path Group:             (none)
  Path Type:              Max at Slow Process Corner
  Data Path Delay:        14.782ns  (logic 4.980ns (33.688%)  route 9.802ns (66.312%))
  Logic Levels:           11  (FDCE=1 LUT3=2 LUT4=1 LUT5=1 LUT6=4 OBUF=1 RAMD32=1)

    Location             Delay type                Incr(ns)  Path(ns)    Netlist Resource(s)
  -------------------------------------------------------------------    -------------------
    SLICE_X51Y99         FDCE                         0.000     0.000 r  PC/PC_out_reg[5]/C
    SLICE_X51Y99         FDCE (Prop_fdce_C_Q)         0.379     0.379 f  PC/PC_out_reg[5]/Q
                         net (fo=4, routed)           0.922     1.301    PC/PC_out[5]
    SLICE_X53Y100        LUT5 (Prop_lut5_I2_O)        0.105     1.406 f  PC/REGISTROS_reg_r1_0_7_0_5_i_13/O
                         net (fo=6, routed)           0.603     2.009    PC/REGISTROS_reg_r1_0_7_0_5_i_13_n_0
    SLICE_X51Y99         LUT4 (Prop_lut4_I3_O)        0.126     2.135 f  PC/PC_out[1]_i_2/O
                         net (fo=16, routed)          0.743     2.878    PC/PC_out[1]_i_2_n_0
    SLICE_X51Y94         LUT3 (Prop_lut3_I2_O)        0.275     3.153 r  PC/REGISTROS_reg_r1_0_7_0_5_i_9/O
                         net (fo=8, routed)           0.945     4.097    ArchivoRegistros/REGISTROS_reg_r1_0_7_0_5/ADDRA1
    SLICE_X50Y96         RAMD32 (Prop_ramd32_RADR1_O)
                                                      0.115     4.212 r  ArchivoRegistros/REGISTROS_reg_r1_0_7_0_5/RAMA/O
                         net (fo=19, routed)          0.721     4.933    ArchivoRegistros/RD1[0]
    SLICE_X48Y96         LUT3 (Prop_lut3_I1_O)        0.264     5.197 r  ArchivoRegistros/DISP_VAL_OBUF[5]_inst_i_8/O
                         net (fo=5, routed)           0.811     6.008    ArchivoRegistros/DISP_VAL_OBUF[5]_inst_i_8_n_0
    SLICE_X48Y95         LUT6 (Prop_lut6_I2_O)        0.105     6.113 r  ArchivoRegistros/DISP_VAL_OBUF[6]_inst_i_11/O
                         net (fo=6, routed)           0.686     6.799    ArchivoRegistros/DISP_VAL_OBUF[6]_inst_i_11_n_0
    SLICE_X46Y95         LUT6 (Prop_lut6_I4_O)        0.105     6.904 r  ArchivoRegistros/DISP_VAL_OBUF[6]_inst_i_8/O
                         net (fo=9, routed)           1.047     7.951    ArchivoRegistros/DISP_VAL_OBUF[6]_inst_i_14_0
    SLICE_X43Y96         LUT6 (Prop_lut6_I0_O)        0.105     8.056 r  ArchivoRegistros/DISP_VAL_OBUF[6]_inst_i_6/O
                         net (fo=2, routed)           0.668     8.724    ArchivoRegistros/DISP_VAL_OBUF[6]_inst_i_6_n_0
    SLICE_X44Y96         LUT6 (Prop_lut6_I0_O)        0.105     8.829 r  ArchivoRegistros/DISP_VAL_OBUF[3]_inst_i_1/O
                         net (fo=1, routed)           2.658    11.486    DISP_VAL_OBUF[3]
    K13                  OBUF (Prop_obuf_I_O)         3.296    14.782 r  DISP_VAL_OBUF[3]_inst/O
                         net (fo=0)                   0.000    14.782    DISP_VAL[3]
    K13                                                               r  DISP_VAL[3] (OUT)
  -------------------------------------------------------------------    -------------------

Slack:                    inf
  Source:                 PC/PC_out_reg[5]/C
                            (rising edge-triggered cell FDCE)
  Destination:            DISP_VAL[2]
                            (output port)
  Path Group:             (none)
  Path Type:              Max at Slow Process Corner
  Data Path Delay:        14.715ns  (logic 5.139ns (34.924%)  route 9.576ns (65.076%))
  Logic Levels:           11  (FDCE=1 LUT3=2 LUT4=1 LUT5=2 LUT6=3 OBUF=1 RAMD32=1)

    Location             Delay type                Incr(ns)  Path(ns)    Netlist Resource(s)
  -------------------------------------------------------------------    -------------------
    SLICE_X51Y99         FDCE                         0.000     0.000 r  PC/PC_out_reg[5]/C
    SLICE_X51Y99         FDCE (Prop_fdce_C_Q)         0.379     0.379 f  PC/PC_out_reg[5]/Q
                         net (fo=4, routed)           0.922     1.301    PC/PC_out[5]
    SLICE_X53Y100        LUT5 (Prop_lut5_I2_O)        0.105     1.406 f  PC/REGISTROS_reg_r1_0_7_0_5_i_13/O
                         net (fo=6, routed)           0.603     2.009    PC/REGISTROS_reg_r1_0_7_0_5_i_13_n_0
    SLICE_X51Y99         LUT4 (Prop_lut4_I3_O)        0.126     2.135 f  PC/PC_out[1]_i_2/O
                         net (fo=16, routed)          0.743     2.878    PC/PC_out[1]_i_2_n_0
    SLICE_X51Y94         LUT3 (Prop_lut3_I2_O)        0.275     3.153 r  PC/REGISTROS_reg_r1_0_7_0_5_i_9/O
                         net (fo=8, routed)           0.945     4.097    ArchivoRegistros/REGISTROS_reg_r1_0_7_0_5/ADDRA1
    SLICE_X50Y96         RAMD32 (Prop_ramd32_RADR1_O)
                                                      0.115     4.212 f  ArchivoRegistros/REGISTROS_reg_r1_0_7_0_5/RAMA/O
                         net (fo=19, routed)          0.750     4.962    ArchivoRegistros/RD1[0]
    SLICE_X49Y95         LUT6 (Prop_lut6_I3_O)        0.264     5.226 f  ArchivoRegistros/DISP_VAL_OBUF[6]_inst_i_18/O
                         net (fo=2, routed)           0.555     5.782    ArchivoRegistros/DISP_VAL_OBUF[6]_inst_i_18_n_0
    SLICE_X49Y95         LUT3 (Prop_lut3_I2_O)        0.119     5.901 r  ArchivoRegistros/DISP_VAL_OBUF[6]_inst_i_7/O
                         net (fo=11, routed)          0.821     6.722    ArchivoRegistros/CLK_reg
    SLICE_X47Y96         LUT6 (Prop_lut6_I5_O)        0.267     6.989 f  ArchivoRegistros/DISP_VAL_OBUF[5]_inst_i_6/O
                         net (fo=7, routed)           0.636     7.625    ArchivoRegistros/DISP_VAL_OBUF[5]_inst_i_6_n_0
    SLICE_X46Y96         LUT5 (Prop_lut5_I3_O)        0.105     7.730 r  ArchivoRegistros/DISP_VAL_OBUF[2]_inst_i_2/O
                         net (fo=1, routed)           0.635     8.365    ArchivoRegistros/DISP_VAL_OBUF[2]_inst_i_2_n_0
    SLICE_X46Y95         LUT6 (Prop_lut6_I0_O)        0.105     8.470 r  ArchivoRegistros/DISP_VAL_OBUF[2]_inst_i_1/O
                         net (fo=1, routed)           2.966    11.436    DISP_VAL_OBUF[2]
    P15                  OBUF (Prop_obuf_I_O)         3.279    14.715 r  DISP_VAL_OBUF[2]_inst/O
                         net (fo=0)                   0.000    14.715    DISP_VAL[2]
    P15                                                               r  DISP_VAL[2] (OUT)
  -------------------------------------------------------------------    -------------------

Slack:                    inf
  Source:                 PC/PC_out_reg[5]/C
                            (rising edge-triggered cell FDCE)
  Destination:            DISP_VAL[0]
                            (output port)
  Path Group:             (none)
  Path Type:              Max at Slow Process Corner
  Data Path Delay:        13.831ns  (logic 5.143ns (37.185%)  route 8.688ns (62.815%))
  Logic Levels:           11  (FDCE=1 LUT3=3 LUT4=1 LUT5=1 LUT6=3 OBUF=1 RAMD32=1)

    Location             Delay type                Incr(ns)  Path(ns)    Netlist Resource(s)
  -------------------------------------------------------------------    -------------------
    SLICE_X51Y99         FDCE                         0.000     0.000 r  PC/PC_out_reg[5]/C
    SLICE_X51Y99         FDCE (Prop_fdce_C_Q)         0.379     0.379 f  PC/PC_out_reg[5]/Q
                         net (fo=4, routed)           0.922     1.301    PC/PC_out[5]
    SLICE_X53Y100        LUT5 (Prop_lut5_I2_O)        0.105     1.406 f  PC/REGISTROS_reg_r1_0_7_0_5_i_13/O
                         net (fo=6, routed)           0.603     2.009    PC/REGISTROS_reg_r1_0_7_0_5_i_13_n_0
    SLICE_X51Y99         LUT4 (Prop_lut4_I3_O)        0.126     2.135 f  PC/PC_out[1]_i_2/O
                         net (fo=16, routed)          0.743     2.878    PC/PC_out[1]_i_2_n_0
    SLICE_X51Y94         LUT3 (Prop_lut3_I2_O)        0.275     3.153 r  PC/REGISTROS_reg_r1_0_7_0_5_i_9/O
                         net (fo=8, routed)           0.945     4.097    ArchivoRegistros/REGISTROS_reg_r1_0_7_0_5/ADDRA1
    SLICE_X50Y96         RAMD32 (Prop_ramd32_RADR1_O)
                                                      0.115     4.212 r  ArchivoRegistros/REGISTROS_reg_r1_0_7_0_5/RAMA/O
                         net (fo=19, routed)          0.721     4.933    ArchivoRegistros/RD1[0]
    SLICE_X48Y96         LUT3 (Prop_lut3_I1_O)        0.264     5.197 r  ArchivoRegistros/DISP_VAL_OBUF[5]_inst_i_8/O
                         net (fo=5, routed)           0.811     6.008    ArchivoRegistros/DISP_VAL_OBUF[5]_inst_i_8_n_0
    SLICE_X48Y95         LUT6 (Prop_lut6_I2_O)        0.105     6.113 r  ArchivoRegistros/DISP_VAL_OBUF[6]_inst_i_11/O
                         net (fo=6, routed)           0.686     6.799    ArchivoRegistros/DISP_VAL_OBUF[6]_inst_i_11_n_0
    SLICE_X46Y95         LUT6 (Prop_lut6_I4_O)        0.105     6.904 r  ArchivoRegistros/DISP_VAL_OBUF[6]_inst_i_8/O
                         net (fo=9, routed)           0.712     7.616    ArchivoRegistros/DISP_VAL_OBUF[6]_inst_i_14_0
    SLICE_X44Y95         LUT3 (Prop_lut3_I2_O)        0.119     7.735 r  ArchivoRegistros/DISP_VAL_OBUF[0]_inst_i_5/O
                         net (fo=1, routed)           0.348     8.084    BCDTo7SegC/DISP_VAL[0]_0
    SLICE_X44Y95         LUT6 (Prop_lut6_I4_O)        0.267     8.351 r  BCDTo7SegC/DISP_VAL_OBUF[0]_inst_i_1/O
                         net (fo=1, routed)           2.197    10.548    DISP_VAL_OBUF[0]
    L18                  OBUF (Prop_obuf_I_O)         3.283    13.831 r  DISP_VAL_OBUF[0]_inst/O
                         net (fo=0)                   0.000    13.831    DISP_VAL[0]
    L18                                                               r  DISP_VAL[0] (OUT)
  -------------------------------------------------------------------    -------------------

Slack:                    inf
  Source:                 PC/PC_out_reg[5]/C
                            (rising edge-triggered cell FDCE)
  Destination:            DISP_VAL[4]
                            (output port)
  Path Group:             (none)
  Path Type:              Max at Slow Process Corner
  Data Path Delay:        13.620ns  (logic 4.923ns (36.144%)  route 8.697ns (63.856%))
  Logic Levels:           11  (FDCE=1 LUT3=2 LUT4=1 LUT5=1 LUT6=4 OBUF=1 RAMD32=1)

    Location             Delay type                Incr(ns)  Path(ns)    Netlist Resource(s)
  -------------------------------------------------------------------    -------------------
    SLICE_X51Y99         FDCE                         0.000     0.000 r  PC/PC_out_reg[5]/C
    SLICE_X51Y99         FDCE (Prop_fdce_C_Q)         0.379     0.379 f  PC/PC_out_reg[5]/Q
                         net (fo=4, routed)           0.922     1.301    PC/PC_out[5]
    SLICE_X53Y100        LUT5 (Prop_lut5_I2_O)        0.105     1.406 f  PC/REGISTROS_reg_r1_0_7_0_5_i_13/O
                         net (fo=6, routed)           0.603     2.009    PC/REGISTROS_reg_r1_0_7_0_5_i_13_n_0
    SLICE_X51Y99         LUT4 (Prop_lut4_I3_O)        0.126     2.135 f  PC/PC_out[1]_i_2/O
                         net (fo=16, routed)          0.743     2.878    PC/PC_out[1]_i_2_n_0
    SLICE_X51Y94         LUT3 (Prop_lut3_I2_O)        0.275     3.153 r  PC/REGISTROS_reg_r1_0_7_0_5_i_9/O
                         net (fo=8, routed)           0.945     4.097    ArchivoRegistros/REGISTROS_reg_r1_0_7_0_5/ADDRA1
    SLICE_X50Y96         RAMD32 (Prop_ramd32_RADR1_O)
                                                      0.115     4.212 r  ArchivoRegistros/REGISTROS_reg_r1_0_7_0_5/RAMA/O
                         net (fo=19, routed)          0.721     4.933    ArchivoRegistros/RD1[0]
    SLICE_X48Y96         LUT3 (Prop_lut3_I1_O)        0.264     5.197 r  ArchivoRegistros/DISP_VAL_OBUF[5]_inst_i_8/O
                         net (fo=5, routed)           0.811     6.008    ArchivoRegistros/DISP_VAL_OBUF[5]_inst_i_8_n_0
    SLICE_X48Y95         LUT6 (Prop_lut6_I2_O)        0.105     6.113 r  ArchivoRegistros/DISP_VAL_OBUF[6]_inst_i_11/O
                         net (fo=6, routed)           0.686     6.799    ArchivoRegistros/DISP_VAL_OBUF[6]_inst_i_11_n_0
    SLICE_X46Y95         LUT6 (Prop_lut6_I4_O)        0.105     6.904 f  ArchivoRegistros/DISP_VAL_OBUF[6]_inst_i_8/O
                         net (fo=9, routed)           0.673     7.577    ArchivoRegistros/DISP_VAL_OBUF[6]_inst_i_14_0
    SLICE_X44Y96         LUT6 (Prop_lut6_I0_O)        0.105     7.682 r  ArchivoRegistros/DISP_VAL_OBUF[4]_inst_i_5/O
                         net (fo=1, routed)           0.396     8.078    BCDTo7SegC/DISP_VAL[4]_0
    SLICE_X45Y96         LUT6 (Prop_lut6_I4_O)        0.105     8.183 r  BCDTo7SegC/DISP_VAL_OBUF[4]_inst_i_1/O
                         net (fo=1, routed)           2.197    10.381    DISP_VAL_OBUF[4]
    K16                  OBUF (Prop_obuf_I_O)         3.239    13.620 r  DISP_VAL_OBUF[4]_inst/O
                         net (fo=0)                   0.000    13.620    DISP_VAL[4]
    K16                                                               r  DISP_VAL[4] (OUT)
  -------------------------------------------------------------------    -------------------

Slack:                    inf
  Source:                 PC/PC_out_reg[3]/C
                            (rising edge-triggered cell FDCE)
  Destination:            INS_INDICATOR
                            (output port)
  Path Group:             (none)
  Path Type:              Max at Slow Process Corner
  Data Path Delay:        8.668ns  (logic 4.173ns (48.141%)  route 4.495ns (51.859%))
  Logic Levels:           4  (FDCE=1 LUT3=1 LUT6=1 OBUF=1)

    Location             Delay type                Incr(ns)  Path(ns)    Netlist Resource(s)
  -------------------------------------------------------------------    -------------------
    SLICE_X50Y99         FDCE                         0.000     0.000 r  PC/PC_out_reg[3]/C
    SLICE_X50Y99         FDCE (Prop_fdce_C_Q)         0.398     0.398 f  PC/PC_out_reg[3]/Q
                         net (fo=6, routed)           0.818     1.216    PC/PC_out[3]
    SLICE_X53Y100        LUT6 (Prop_lut6_I1_O)        0.232     1.448 r  PC/REGISTROS_reg_r1_0_7_0_5_i_10/O
                         net (fo=30, routed)          0.973     2.422    PC/A1[0]
    SLICE_X49Y97         LUT3 (Prop_lut3_I0_O)        0.115     2.537 r  PC/INS_INDICATOR_OBUF_inst_i_1/O
                         net (fo=29, routed)          2.704     5.240    INS_INDICATOR_OBUF
    H17                  OBUF (Prop_obuf_I_O)         3.428     8.668 r  INS_INDICATOR_OBUF_inst/O
                         net (fo=0)                   0.000     8.668    INS_INDICATOR
    H17                                                               r  INS_INDICATOR (OUT)
  -------------------------------------------------------------------    -------------------

Slack:                    inf
  Source:                 PC/PC_out_reg[5]/C
                            (rising edge-triggered cell FDCE)
  Destination:            ArchivoRegistros/REGISTROS_reg_r2_0_7_0_5/RAMC_D1/I
  Path Group:             (none)
  Path Type:              Max at Slow Process Corner
  Data Path Delay:        7.330ns  (logic 2.131ns (29.074%)  route 5.199ns (70.926%))
  Logic Levels:           9  (CARRY4=2 FDCE=1 LUT3=1 LUT4=1 LUT5=3 RAMD32=1)

    Location             Delay type                Incr(ns)  Path(ns)    Netlist Resource(s)
  -------------------------------------------------------------------    -------------------
    SLICE_X51Y99         FDCE                         0.000     0.000 r  PC/PC_out_reg[5]/C
    SLICE_X51Y99         FDCE (Prop_fdce_C_Q)         0.379     0.379 f  PC/PC_out_reg[5]/Q
                         net (fo=4, routed)           0.922     1.301    PC/PC_out[5]
    SLICE_X53Y100        LUT5 (Prop_lut5_I2_O)        0.105     1.406 f  PC/REGISTROS_reg_r1_0_7_0_5_i_13/O
                         net (fo=6, routed)           0.603     2.009    PC/REGISTROS_reg_r1_0_7_0_5_i_13_n_0
    SLICE_X51Y99         LUT4 (Prop_lut4_I3_O)        0.126     2.135 f  PC/PC_out[1]_i_2/O
                         net (fo=16, routed)          0.743     2.878    PC/PC_out[1]_i_2_n_0
    SLICE_X51Y94         LUT3 (Prop_lut3_I2_O)        0.275     3.153 r  PC/REGISTROS_reg_r1_0_7_0_5_i_9/O
                         net (fo=8, routed)           0.939     4.091    ArchivoRegistros/REGISTROS_reg_r1_0_7_0_5/ADDRB1
    SLICE_X50Y96         RAMD32 (Prop_ramd32_RADR1_O)
                                                      0.116     4.207 r  ArchivoRegistros/REGISTROS_reg_r1_0_7_0_5/RAMB/O
                         net (fo=9, routed)           0.955     5.163    PC/RD1[2]
    SLICE_X51Y95         LUT5 (Prop_lut5_I3_O)        0.283     5.446 r  PC/ALURes0_carry_i_2/O
                         net (fo=1, routed)           0.000     5.446    ALU/S[2]
    SLICE_X51Y95         CARRY4 (Prop_carry4_S[2]_CO[3])
                                                      0.332     5.778 r  ALU/ALURes0_carry/CO[3]
                         net (fo=1, routed)           0.000     5.778    ALU/ALURes0_carry_n_0
    SLICE_X51Y96         CARRY4 (Prop_carry4_CI_O[1])
                                                      0.265     6.043 r  ALU/ALURes0_carry__0/O[1]
                         net (fo=1, routed)           0.661     6.703    PC/data0[5]
    SLICE_X51Y97         LUT5 (Prop_lut5_I0_O)        0.250     6.953 r  PC/REGISTROS_reg_r1_0_7_0_5_i_6/O
                         net (fo=2, routed)           0.376     7.330    ArchivoRegistros/REGISTROS_reg_r2_0_7_0_5/DIC1
    SLICE_X50Y95         RAMD32                                       r  ArchivoRegistros/REGISTROS_reg_r2_0_7_0_5/RAMC_D1/I
  -------------------------------------------------------------------    -------------------

Slack:                    inf
  Source:                 PC/PC_out_reg[5]/C
                            (rising edge-triggered cell FDCE)
  Destination:            ArchivoRegistros/REGISTROS_reg_r1_0_7_0_5/RAMC_D1/I
  Path Group:             (none)
  Path Type:              Max at Slow Process Corner
  Data Path Delay:        7.222ns  (logic 2.131ns (29.508%)  route 5.091ns (70.492%))
  Logic Levels:           9  (CARRY4=2 FDCE=1 LUT3=1 LUT4=1 LUT5=3 RAMD32=1)

    Location             Delay type                Incr(ns)  Path(ns)    Netlist Resource(s)
  -------------------------------------------------------------------    -------------------
    SLICE_X51Y99         FDCE                         0.000     0.000 r  PC/PC_out_reg[5]/C
    SLICE_X51Y99         FDCE (Prop_fdce_C_Q)         0.379     0.379 f  PC/PC_out_reg[5]/Q
                         net (fo=4, routed)           0.922     1.301    PC/PC_out[5]
    SLICE_X53Y100        LUT5 (Prop_lut5_I2_O)        0.105     1.406 f  PC/REGISTROS_reg_r1_0_7_0_5_i_13/O
                         net (fo=6, routed)           0.603     2.009    PC/REGISTROS_reg_r1_0_7_0_5_i_13_n_0
    SLICE_X51Y99         LUT4 (Prop_lut4_I3_O)        0.126     2.135 f  PC/PC_out[1]_i_2/O
                         net (fo=16, routed)          0.743     2.878    PC/PC_out[1]_i_2_n_0
    SLICE_X51Y94         LUT3 (Prop_lut3_I2_O)        0.275     3.153 r  PC/REGISTROS_reg_r1_0_7_0_5_i_9/O
                         net (fo=8, routed)           0.939     4.091    ArchivoRegistros/REGISTROS_reg_r1_0_7_0_5/ADDRB1
    SLICE_X50Y96         RAMD32 (Prop_ramd32_RADR1_O)
                                                      0.116     4.207 r  ArchivoRegistros/REGISTROS_reg_r1_0_7_0_5/RAMB/O
                         net (fo=9, routed)           0.955     5.163    PC/RD1[2]
    SLICE_X51Y95         LUT5 (Prop_lut5_I3_O)        0.283     5.446 r  PC/ALURes0_carry_i_2/O
                         net (fo=1, routed)           0.000     5.446    ALU/S[2]
    SLICE_X51Y95         CARRY4 (Prop_carry4_S[2]_CO[3])
                                                      0.332     5.778 r  ALU/ALURes0_carry/CO[3]
                         net (fo=1, routed)           0.000     5.778    ALU/ALURes0_carry_n_0
    SLICE_X51Y96         CARRY4 (Prop_carry4_CI_O[1])
                                                      0.265     6.043 r  ALU/ALURes0_carry__0/O[1]
                         net (fo=1, routed)           0.661     6.703    PC/data0[5]
    SLICE_X51Y97         LUT5 (Prop_lut5_I0_O)        0.250     6.953 r  PC/REGISTROS_reg_r1_0_7_0_5_i_6/O
                         net (fo=2, routed)           0.268     7.222    ArchivoRegistros/REGISTROS_reg_r1_0_7_0_5/DIC1
    SLICE_X50Y96         RAMD32                                       r  ArchivoRegistros/REGISTROS_reg_r1_0_7_0_5/RAMC_D1/I
  -------------------------------------------------------------------    -------------------





Min Delay Paths
--------------------------------------------------------------------------------------
Slack:                    inf
  Source:                 PC/PC_out_reg[5]/C
                            (rising edge-triggered cell FDCE)
  Destination:            PC/PC_out_reg[5]/D
  Path Group:             (none)
  Path Type:              Min at Fast Process Corner
  Data Path Delay:        0.306ns  (logic 0.186ns (60.704%)  route 0.120ns (39.296%))
  Logic Levels:           2  (FDCE=1 LUT6=1)

    Location             Delay type                Incr(ns)  Path(ns)    Netlist Resource(s)
  -------------------------------------------------------------------    -------------------
    SLICE_X51Y99         FDCE                         0.000     0.000 r  PC/PC_out_reg[5]/C
    SLICE_X51Y99         FDCE (Prop_fdce_C_Q)         0.141     0.141 r  PC/PC_out_reg[5]/Q
                         net (fo=4, routed)           0.120     0.261    PC/PC_out[5]
    SLICE_X51Y99         LUT6 (Prop_lut6_I5_O)        0.045     0.306 r  PC/PC_out[5]_i_1/O
                         net (fo=1, routed)           0.000     0.306    PC/PC_out[5]_i_1_n_0
    SLICE_X51Y99         FDCE                                         r  PC/PC_out_reg[5]/D
  -------------------------------------------------------------------    -------------------

Slack:                    inf
  Source:                 PC/PC_out_reg[4]/C
                            (rising edge-triggered cell FDCE)
  Destination:            PC/PC_out_reg[4]/D
  Path Group:             (none)
  Path Type:              Min at Fast Process Corner
  Data Path Delay:        0.359ns  (logic 0.186ns (51.776%)  route 0.173ns (48.224%))
  Logic Levels:           2  (FDCE=1 LUT6=1)

    Location             Delay type                Incr(ns)  Path(ns)    Netlist Resource(s)
  -------------------------------------------------------------------    -------------------
    SLICE_X51Y99         FDCE                         0.000     0.000 r  PC/PC_out_reg[4]/C
    SLICE_X51Y99         FDCE (Prop_fdce_C_Q)         0.141     0.141 r  PC/PC_out_reg[4]/Q
                         net (fo=5, routed)           0.173     0.314    PC/PC_out[4]
    SLICE_X51Y99         LUT6 (Prop_lut6_I5_O)        0.045     0.359 r  PC/PC_out[4]_i_1/O
                         net (fo=1, routed)           0.000     0.359    PC/PC_out[4]_i_1_n_0
    SLICE_X51Y99         FDCE                                         r  PC/PC_out_reg[4]/D
  -------------------------------------------------------------------    -------------------

Slack:                    inf
  Source:                 PC/PC_out_reg[2]/C
                            (rising edge-triggered cell FDCE)
  Destination:            PC/PC_out_reg[3]/D
  Path Group:             (none)
  Path Type:              Min at Fast Process Corner
  Data Path Delay:        0.434ns  (logic 0.207ns (47.643%)  route 0.227ns (52.357%))
  Logic Levels:           2  (FDCE=1 LUT5=1)

    Location             Delay type                Incr(ns)  Path(ns)    Netlist Resource(s)
  -------------------------------------------------------------------    -------------------
    SLICE_X50Y99         FDCE                         0.000     0.000 r  PC/PC_out_reg[2]/C
    SLICE_X50Y99         FDCE (Prop_fdce_C_Q)         0.164     0.164 r  PC/PC_out_reg[2]/Q
                         net (fo=12, routed)          0.227     0.391    PC/PC_out[2]
    SLICE_X50Y99         LUT5 (Prop_lut5_I1_O)        0.043     0.434 r  PC/PC_out[3]_i_1/O
                         net (fo=1, routed)           0.000     0.434    PC/PC_out[3]_i_1_n_0
    SLICE_X50Y99         FDCE                                         r  PC/PC_out_reg[3]/D
  -------------------------------------------------------------------    -------------------

Slack:                    inf
  Source:                 PC/PC_out_reg[2]/C
                            (rising edge-triggered cell FDCE)
  Destination:            PC/PC_out_reg[2]/D
  Path Group:             (none)
  Path Type:              Min at Fast Process Corner
  Data Path Delay:        0.436ns  (logic 0.209ns (47.883%)  route 0.227ns (52.117%))
  Logic Levels:           2  (FDCE=1 LUT4=1)

    Location             Delay type                Incr(ns)  Path(ns)    Netlist Resource(s)
  -------------------------------------------------------------------    -------------------
    SLICE_X50Y99         FDCE                         0.000     0.000 r  PC/PC_out_reg[2]/C
    SLICE_X50Y99         FDCE (Prop_fdce_C_Q)         0.164     0.164 r  PC/PC_out_reg[2]/Q
                         net (fo=12, routed)          0.227     0.391    PC/PC_out[2]
    SLICE_X50Y99         LUT4 (Prop_lut4_I3_O)        0.045     0.436 r  PC/PC_out[2]_i_1/O
                         net (fo=1, routed)           0.000     0.436    PC/PC_out[2]_i_1_n_0
    SLICE_X50Y99         FDCE                                         r  PC/PC_out_reg[2]/D
  -------------------------------------------------------------------    -------------------

Slack:                    inf
  Source:                 PC/PC_out_reg[0]/C
                            (rising edge-triggered cell FDCE)
  Destination:            PC/PC_out_reg[0]/D
  Path Group:             (none)
  Path Type:              Min at Fast Process Corner
  Data Path Delay:        0.463ns  (logic 0.209ns (45.143%)  route 0.254ns (54.857%))
  Logic Levels:           2  (FDCE=1 LUT2=1)

    Location             Delay type                Incr(ns)  Path(ns)    Netlist Resource(s)
  -------------------------------------------------------------------    -------------------
    SLICE_X50Y99         FDCE                         0.000     0.000 r  PC/PC_out_reg[0]/C
    SLICE_X50Y99         FDCE (Prop_fdce_C_Q)         0.164     0.164 f  PC/PC_out_reg[0]/Q
                         net (fo=22, routed)          0.254     0.418    PC/PC_out_reg[1]_0[0]
    SLICE_X50Y99         LUT2 (Prop_lut2_I1_O)        0.045     0.463 r  PC/PC_out[0]_i_1/O
                         net (fo=1, routed)           0.000     0.463    PC/PC_out[0]_i_1_n_0
    SLICE_X50Y99         FDCE                                         r  PC/PC_out_reg[0]/D
  -------------------------------------------------------------------    -------------------

Slack:                    inf
  Source:                 PC/PC_out_reg[0]/C
                            (rising edge-triggered cell FDCE)
  Destination:            ArchivoRegistros/REGISTROS_reg_r1_0_7_0_5/RAMC_D1/I
  Path Group:             (none)
  Path Type:              Min at Fast Process Corner
  Data Path Delay:        0.485ns  (logic 0.209ns (43.095%)  route 0.276ns (56.905%))
  Logic Levels:           2  (FDCE=1 LUT5=1)

    Location             Delay type                Incr(ns)  Path(ns)    Netlist Resource(s)
  -------------------------------------------------------------------    -------------------
    SLICE_X50Y99         FDCE                         0.000     0.000 r  PC/PC_out_reg[0]/C
    SLICE_X50Y99         FDCE (Prop_fdce_C_Q)         0.164     0.164 r  PC/PC_out_reg[0]/Q
                         net (fo=22, routed)          0.157     0.321    PC/PC_out_reg[1]_0[0]
    SLICE_X51Y97         LUT5 (Prop_lut5_I3_O)        0.045     0.366 r  PC/REGISTROS_reg_r1_0_7_0_5_i_6/O
                         net (fo=2, routed)           0.119     0.485    ArchivoRegistros/REGISTROS_reg_r1_0_7_0_5/DIC1
    SLICE_X50Y96         RAMD32                                       r  ArchivoRegistros/REGISTROS_reg_r1_0_7_0_5/RAMC_D1/I
  -------------------------------------------------------------------    -------------------

Slack:                    inf
  Source:                 PC/PC_out_reg[7]/C
                            (rising edge-triggered cell FDCE)
  Destination:            PC/PC_out_reg[7]/D
  Path Group:             (none)
  Path Type:              Min at Fast Process Corner
  Data Path Delay:        0.513ns  (logic 0.224ns (43.688%)  route 0.289ns (56.312%))
  Logic Levels:           2  (FDCE=1 LUT4=1)

    Location             Delay type                Incr(ns)  Path(ns)    Netlist Resource(s)
  -------------------------------------------------------------------    -------------------
    SLICE_X53Y100        FDCE                         0.000     0.000 r  PC/PC_out_reg[7]/C
    SLICE_X53Y100        FDCE (Prop_fdce_C_Q)         0.128     0.128 r  PC/PC_out_reg[7]/Q
                         net (fo=3, routed)           0.289     0.417    PC/PC_out[7]
    SLICE_X53Y100        LUT4 (Prop_lut4_I3_O)        0.096     0.513 r  PC/PC_out[7]_i_1/O
                         net (fo=1, routed)           0.000     0.513    PC/PC_out[7]_i_1_n_0
    SLICE_X53Y100        FDCE                                         r  PC/PC_out_reg[7]/D
  -------------------------------------------------------------------    -------------------

Slack:                    inf
  Source:                 PC/PC_out_reg[6]/C
                            (rising edge-triggered cell FDCE)
  Destination:            PC/PC_out_reg[6]/D
  Path Group:             (none)
  Path Type:              Min at Fast Process Corner
  Data Path Delay:        0.528ns  (logic 0.186ns (35.202%)  route 0.342ns (64.798%))
  Logic Levels:           2  (FDCE=1 LUT3=1)

    Location             Delay type                Incr(ns)  Path(ns)    Netlist Resource(s)
  -------------------------------------------------------------------    -------------------
    SLICE_X53Y100        FDCE                         0.000     0.000 r  PC/PC_out_reg[6]/C
    SLICE_X53Y100        FDCE (Prop_fdce_C_Q)         0.141     0.141 r  PC/PC_out_reg[6]/Q
                         net (fo=4, routed)           0.342     0.483    PC/PC_out[6]
    SLICE_X53Y100        LUT3 (Prop_lut3_I2_O)        0.045     0.528 r  PC/PC_out[6]_i_1/O
                         net (fo=1, routed)           0.000     0.528    PC/PC_out[6]_i_1_n_0
    SLICE_X53Y100        FDCE                                         r  PC/PC_out_reg[6]/D
  -------------------------------------------------------------------    -------------------

Slack:                    inf
  Source:                 PC/PC_out_reg[0]/C
                            (rising edge-triggered cell FDCE)
  Destination:            ArchivoRegistros/REGISTROS_reg_r2_0_7_0_5/RAMC_D1/I
  Path Group:             (none)
  Path Type:              Min at Fast Process Corner
  Data Path Delay:        0.537ns  (logic 0.209ns (38.932%)  route 0.328ns (61.068%))
  Logic Levels:           2  (FDCE=1 LUT5=1)

    Location             Delay type                Incr(ns)  Path(ns)    Netlist Resource(s)
  -------------------------------------------------------------------    -------------------
    SLICE_X50Y99         FDCE                         0.000     0.000 r  PC/PC_out_reg[0]/C
    SLICE_X50Y99         FDCE (Prop_fdce_C_Q)         0.164     0.164 r  PC/PC_out_reg[0]/Q
                         net (fo=22, routed)          0.157     0.321    PC/PC_out_reg[1]_0[0]
    SLICE_X51Y97         LUT5 (Prop_lut5_I3_O)        0.045     0.366 r  PC/REGISTROS_reg_r1_0_7_0_5_i_6/O
                         net (fo=2, routed)           0.171     0.537    ArchivoRegistros/REGISTROS_reg_r2_0_7_0_5/DIC1
    SLICE_X50Y95         RAMD32                                       r  ArchivoRegistros/REGISTROS_reg_r2_0_7_0_5/RAMC_D1/I
  -------------------------------------------------------------------    -------------------

Slack:                    inf
  Source:                 PC/PC_out_reg[0]/C
                            (rising edge-triggered cell FDCE)
  Destination:            ArchivoRegistros/REGISTROS_reg_r2_0_7_0_5/RAMC/I
  Path Group:             (none)
  Path Type:              Min at Fast Process Corner
  Data Path Delay:        0.574ns  (logic 0.209ns (36.434%)  route 0.365ns (63.566%))
  Logic Levels:           2  (FDCE=1 LUT5=1)

    Location             Delay type                Incr(ns)  Path(ns)    Netlist Resource(s)
  -------------------------------------------------------------------    -------------------
    SLICE_X50Y99         FDCE                         0.000     0.000 r  PC/PC_out_reg[0]/C
    SLICE_X50Y99         FDCE (Prop_fdce_C_Q)         0.164     0.164 r  PC/PC_out_reg[0]/Q
                         net (fo=22, routed)          0.243     0.407    PC/PC_out_reg[1]_0[0]
    SLICE_X51Y97         LUT5 (Prop_lut5_I3_O)        0.045     0.452 r  PC/REGISTROS_reg_r1_0_7_0_5_i_7/O
                         net (fo=2, routed)           0.122     0.574    ArchivoRegistros/REGISTROS_reg_r2_0_7_0_5/DIC0
    SLICE_X50Y95         RAMD32                                       r  ArchivoRegistros/REGISTROS_reg_r2_0_7_0_5/RAMC/I
  -------------------------------------------------------------------    -------------------





--------------------------------------------------------------------------------------
Path Group:  (none)
From Clock:  sys_clk_pin
  To Clock:  

Max Delay            32 Endpoints
Min Delay            32 Endpoints
--------------------------------------------------------------------------------------


Max Delay Paths
--------------------------------------------------------------------------------------
Slack:                    inf
  Source:                 BCDTo7SegC/counter_reg[1]/C
                            (rising edge-triggered cell FDRE clocked by sys_clk_pin  {rise@0.000ns fall@5.000ns period=10.000ns})
  Destination:            DISP_VAL[6]
                            (output port)
  Path Group:             (none)
  Path Type:              Max at Slow Process Corner
  Data Path Delay:        11.254ns  (logic 4.399ns (39.084%)  route 6.856ns (60.916%))
  Logic Levels:           6  (LUT2=1 LUT6=4 OBUF=1)
  Clock Uncertainty:      0.025ns  ((TSJ^2 + TIJ^2)^1/2 + DJ) / 2 + PE
    Total System Jitter     (TSJ):    0.050ns
    Total Input Jitter      (TIJ):    0.000ns
    Discrete Jitter          (DJ):    0.000ns
    Phase Error              (PE):    0.000ns

    Location             Delay type                Incr(ns)  Path(ns)    Netlist Resource(s)
  -------------------------------------------------------------------    -------------------
                         (clock sys_clk_pin rise edge)
                                                      0.000     0.000 r  
    E3                                                0.000     0.000 r  OSC_CLK (IN)
                         net (fo=0)                   0.000     0.000    OSC_CLK
    E3                   IBUF (Prop_ibuf_I_O)         1.413     1.413 r  OSC_CLK_IBUF_inst/O
                         net (fo=1, routed)           1.717     3.130    OSC_CLK_IBUF
    BUFGCTRL_X0Y16       BUFG (Prop_bufg_I_O)         0.081     3.211 r  OSC_CLK_IBUF_BUFG_inst/O
                         net (fo=48, routed)          1.382     4.592    BCDTo7SegC/OSC_CLK_IBUF_BUFG
    SLICE_X43Y97         FDRE                                         r  BCDTo7SegC/counter_reg[1]/C
  -------------------------------------------------------------------    -------------------
    SLICE_X43Y97         FDRE (Prop_fdre_C_Q)         0.379     4.971 f  BCDTo7SegC/counter_reg[1]/Q
                         net (fo=29, routed)          1.119     6.090    BCDTo7SegC/counter[1]
    SLICE_X47Y95         LUT2 (Prop_lut2_I0_O)        0.115     6.205 f  BCDTo7SegC/DISP_VAL_OBUF[2]_inst_i_7/O
                         net (fo=1, routed)           0.655     6.860    ArchivoRegistros/DISP_VAL_OBUF[2]_inst_i_4_0
    SLICE_X48Y95         LUT6 (Prop_lut6_I0_O)        0.267     7.127 f  ArchivoRegistros/DISP_VAL_OBUF[2]_inst_i_6/O
                         net (fo=1, routed)           0.651     7.778    ArchivoRegistros/DISP_VAL_OBUF[2]_inst_i_6_n_0
    SLICE_X47Y95         LUT6 (Prop_lut6_I0_O)        0.105     7.883 f  ArchivoRegistros/DISP_VAL_OBUF[2]_inst_i_4/O
                         net (fo=3, routed)           0.125     8.009    ArchivoRegistros/DISP_VAL_OBUF[6]_inst_i_9_0
    SLICE_X47Y95         LUT6 (Prop_lut6_I3_O)        0.105     8.114 f  ArchivoRegistros/DISP_VAL_OBUF[6]_inst_i_5/O
                         net (fo=2, routed)           0.897     9.011    ArchivoRegistros/DISP_VAL_OBUF[6]_inst_i_5_n_0
    SLICE_X43Y96         LUT6 (Prop_lut6_I4_O)        0.105     9.116 r  ArchivoRegistros/DISP_VAL_OBUF[6]_inst_i_1/O
                         net (fo=1, routed)           3.408    12.524    DISP_VAL_OBUF[6]
    T10                  OBUF (Prop_obuf_I_O)         3.323    15.847 r  DISP_VAL_OBUF[6]_inst/O
                         net (fo=0)                   0.000    15.847    DISP_VAL[6]
    T10                                                               r  DISP_VAL[6] (OUT)
  -------------------------------------------------------------------    -------------------

Slack:                    inf
  Source:                 BCDTo7SegC/counter_reg[1]/C
                            (rising edge-triggered cell FDRE clocked by sys_clk_pin  {rise@0.000ns fall@5.000ns period=10.000ns})
  Destination:            DISP_VAL[1]
                            (output port)
  Path Group:             (none)
  Path Type:              Max at Slow Process Corner
  Data Path Delay:        11.004ns  (logic 4.382ns (39.826%)  route 6.621ns (60.174%))
  Logic Levels:           6  (LUT2=2 LUT6=3 OBUF=1)
  Clock Uncertainty:      0.025ns  ((TSJ^2 + TIJ^2)^1/2 + DJ) / 2 + PE
    Total System Jitter     (TSJ):    0.050ns
    Total Input Jitter      (TIJ):    0.000ns
    Discrete Jitter          (DJ):    0.000ns
    Phase Error              (PE):    0.000ns

    Location             Delay type                Incr(ns)  Path(ns)    Netlist Resource(s)
  -------------------------------------------------------------------    -------------------
                         (clock sys_clk_pin rise edge)
                                                      0.000     0.000 r  
    E3                                                0.000     0.000 r  OSC_CLK (IN)
                         net (fo=0)                   0.000     0.000    OSC_CLK
    E3                   IBUF (Prop_ibuf_I_O)         1.413     1.413 r  OSC_CLK_IBUF_inst/O
                         net (fo=1, routed)           1.717     3.130    OSC_CLK_IBUF
    BUFGCTRL_X0Y16       BUFG (Prop_bufg_I_O)         0.081     3.211 r  OSC_CLK_IBUF_BUFG_inst/O
                         net (fo=48, routed)          1.382     4.592    BCDTo7SegC/OSC_CLK_IBUF_BUFG
    SLICE_X43Y97         FDRE                                         r  BCDTo7SegC/counter_reg[1]/C
  -------------------------------------------------------------------    -------------------
    SLICE_X43Y97         FDRE (Prop_fdre_C_Q)         0.379     4.971 f  BCDTo7SegC/counter_reg[1]/Q
                         net (fo=29, routed)          1.119     6.090    BCDTo7SegC/counter[1]
    SLICE_X47Y95         LUT2 (Prop_lut2_I0_O)        0.115     6.205 f  BCDTo7SegC/DISP_VAL_OBUF[2]_inst_i_7/O
                         net (fo=1, routed)           0.655     6.860    ArchivoRegistros/DISP_VAL_OBUF[2]_inst_i_4_0
    SLICE_X48Y95         LUT6 (Prop_lut6_I0_O)        0.267     7.127 f  ArchivoRegistros/DISP_VAL_OBUF[2]_inst_i_6/O
                         net (fo=1, routed)           0.651     7.778    ArchivoRegistros/DISP_VAL_OBUF[2]_inst_i_6_n_0
    SLICE_X47Y95         LUT6 (Prop_lut6_I0_O)        0.105     7.883 f  ArchivoRegistros/DISP_VAL_OBUF[2]_inst_i_4/O
                         net (fo=3, routed)           0.614     8.497    BCDTo7SegC/DISP_VAL_OBUF[1]_inst_i_1_3
    SLICE_X46Y95         LUT2 (Prop_lut2_I1_O)        0.105     8.602 r  BCDTo7SegC/DISP_VAL_OBUF[1]_inst_i_4/O
                         net (fo=1, routed)           0.538     9.140    BCDTo7SegC/DISP_VAL_OBUF[1]_inst_i_4_n_0
    SLICE_X45Y95         LUT6 (Prop_lut6_I3_O)        0.105     9.245 r  BCDTo7SegC/DISP_VAL_OBUF[1]_inst_i_1/O
                         net (fo=1, routed)           3.045    12.290    DISP_VAL_OBUF[1]
    T11                  OBUF (Prop_obuf_I_O)         3.306    15.596 r  DISP_VAL_OBUF[1]_inst/O
                         net (fo=0)                   0.000    15.596    DISP_VAL[1]
    T11                                                               r  DISP_VAL[1] (OUT)
  -------------------------------------------------------------------    -------------------

Slack:                    inf
  Source:                 BCDTo7SegC/counter_reg[1]/C
                            (rising edge-triggered cell FDRE clocked by sys_clk_pin  {rise@0.000ns fall@5.000ns period=10.000ns})
  Destination:            DISP_VAL[2]
                            (output port)
  Path Group:             (none)
  Path Type:              Max at Slow Process Corner
  Data Path Delay:        10.196ns  (logic 4.250ns (41.683%)  route 5.946ns (58.317%))
  Logic Levels:           5  (LUT2=1 LUT6=3 OBUF=1)
  Clock Uncertainty:      0.025ns  ((TSJ^2 + TIJ^2)^1/2 + DJ) / 2 + PE
    Total System Jitter     (TSJ):    0.050ns
    Total Input Jitter      (TIJ):    0.000ns
    Discrete Jitter          (DJ):    0.000ns
    Phase Error              (PE):    0.000ns

    Location             Delay type                Incr(ns)  Path(ns)    Netlist Resource(s)
  -------------------------------------------------------------------    -------------------
                         (clock sys_clk_pin rise edge)
                                                      0.000     0.000 r  
    E3                                                0.000     0.000 r  OSC_CLK (IN)
                         net (fo=0)                   0.000     0.000    OSC_CLK
    E3                   IBUF (Prop_ibuf_I_O)         1.413     1.413 r  OSC_CLK_IBUF_inst/O
                         net (fo=1, routed)           1.717     3.130    OSC_CLK_IBUF
    BUFGCTRL_X0Y16       BUFG (Prop_bufg_I_O)         0.081     3.211 r  OSC_CLK_IBUF_BUFG_inst/O
                         net (fo=48, routed)          1.382     4.592    BCDTo7SegC/OSC_CLK_IBUF_BUFG
    SLICE_X43Y97         FDRE                                         r  BCDTo7SegC/counter_reg[1]/C
  -------------------------------------------------------------------    -------------------
    SLICE_X43Y97         FDRE (Prop_fdre_C_Q)         0.379     4.971 f  BCDTo7SegC/counter_reg[1]/Q
                         net (fo=29, routed)          1.119     6.090    BCDTo7SegC/counter[1]
    SLICE_X47Y95         LUT2 (Prop_lut2_I0_O)        0.115     6.205 f  BCDTo7SegC/DISP_VAL_OBUF[2]_inst_i_7/O
                         net (fo=1, routed)           0.655     6.860    ArchivoRegistros/DISP_VAL_OBUF[2]_inst_i_4_0
    SLICE_X48Y95         LUT6 (Prop_lut6_I0_O)        0.267     7.127 f  ArchivoRegistros/DISP_VAL_OBUF[2]_inst_i_6/O
                         net (fo=1, routed)           0.651     7.778    ArchivoRegistros/DISP_VAL_OBUF[2]_inst_i_6_n_0
    SLICE_X47Y95         LUT6 (Prop_lut6_I0_O)        0.105     7.883 f  ArchivoRegistros/DISP_VAL_OBUF[2]_inst_i_4/O
                         net (fo=3, routed)           0.555     8.439    ArchivoRegistros/DISP_VAL_OBUF[6]_inst_i_9_0
    SLICE_X46Y95         LUT6 (Prop_lut6_I5_O)        0.105     8.544 r  ArchivoRegistros/DISP_VAL_OBUF[2]_inst_i_1/O
                         net (fo=1, routed)           2.966    11.510    DISP_VAL_OBUF[2]
    P15                  OBUF (Prop_obuf_I_O)         3.279    14.789 r  DISP_VAL_OBUF[2]_inst/O
                         net (fo=0)                   0.000    14.789    DISP_VAL[2]
    P15                                                               r  DISP_VAL[2] (OUT)
  -------------------------------------------------------------------    -------------------

Slack:                    inf
  Source:                 BCDTo7SegC/counter_reg[1]/C
                            (rising edge-triggered cell FDRE clocked by sys_clk_pin  {rise@0.000ns fall@5.000ns period=10.000ns})
  Destination:            DISP_VAL[3]
                            (output port)
  Path Group:             (none)
  Path Type:              Max at Slow Process Corner
  Data Path Delay:        10.117ns  (logic 4.372ns (43.212%)  route 5.745ns (56.788%))
  Logic Levels:           6  (LUT2=1 LUT6=4 OBUF=1)
  Clock Uncertainty:      0.025ns  ((TSJ^2 + TIJ^2)^1/2 + DJ) / 2 + PE
    Total System Jitter     (TSJ):    0.050ns
    Total Input Jitter      (TIJ):    0.000ns
    Discrete Jitter          (DJ):    0.000ns
    Phase Error              (PE):    0.000ns

    Location             Delay type                Incr(ns)  Path(ns)    Netlist Resource(s)
  -------------------------------------------------------------------    -------------------
                         (clock sys_clk_pin rise edge)
                                                      0.000     0.000 r  
    E3                                                0.000     0.000 r  OSC_CLK (IN)
                         net (fo=0)                   0.000     0.000    OSC_CLK
    E3                   IBUF (Prop_ibuf_I_O)         1.413     1.413 r  OSC_CLK_IBUF_inst/O
                         net (fo=1, routed)           1.717     3.130    OSC_CLK_IBUF
    BUFGCTRL_X0Y16       BUFG (Prop_bufg_I_O)         0.081     3.211 r  OSC_CLK_IBUF_BUFG_inst/O
                         net (fo=48, routed)          1.382     4.592    BCDTo7SegC/OSC_CLK_IBUF_BUFG
    SLICE_X43Y97         FDRE                                         r  BCDTo7SegC/counter_reg[1]/C
  -------------------------------------------------------------------    -------------------
    SLICE_X43Y97         FDRE (Prop_fdre_C_Q)         0.379     4.971 f  BCDTo7SegC/counter_reg[1]/Q
                         net (fo=29, routed)          1.119     6.090    BCDTo7SegC/counter[1]
    SLICE_X47Y95         LUT2 (Prop_lut2_I0_O)        0.115     6.205 f  BCDTo7SegC/DISP_VAL_OBUF[2]_inst_i_7/O
                         net (fo=1, routed)           0.655     6.860    ArchivoRegistros/DISP_VAL_OBUF[2]_inst_i_4_0
    SLICE_X48Y95         LUT6 (Prop_lut6_I0_O)        0.267     7.127 f  ArchivoRegistros/DISP_VAL_OBUF[2]_inst_i_6/O
                         net (fo=1, routed)           0.651     7.778    ArchivoRegistros/DISP_VAL_OBUF[2]_inst_i_6_n_0
    SLICE_X47Y95         LUT6 (Prop_lut6_I0_O)        0.105     7.883 f  ArchivoRegistros/DISP_VAL_OBUF[2]_inst_i_4/O
                         net (fo=3, routed)           0.125     8.009    ArchivoRegistros/DISP_VAL_OBUF[6]_inst_i_9_0
    SLICE_X47Y95         LUT6 (Prop_lut6_I3_O)        0.105     8.114 f  ArchivoRegistros/DISP_VAL_OBUF[6]_inst_i_5/O
                         net (fo=2, routed)           0.537     8.651    ArchivoRegistros/DISP_VAL_OBUF[6]_inst_i_5_n_0
    SLICE_X44Y96         LUT6 (Prop_lut6_I1_O)        0.105     8.756 r  ArchivoRegistros/DISP_VAL_OBUF[3]_inst_i_1/O
                         net (fo=1, routed)           2.658    11.414    DISP_VAL_OBUF[3]
    K13                  OBUF (Prop_obuf_I_O)         3.296    14.710 r  DISP_VAL_OBUF[3]_inst/O
                         net (fo=0)                   0.000    14.710    DISP_VAL[3]
    K13                                                               r  DISP_VAL[3] (OUT)
  -------------------------------------------------------------------    -------------------

Slack:                    inf
  Source:                 BCDTo7SegC/counter_reg[2]/C
                            (rising edge-triggered cell FDRE clocked by sys_clk_pin  {rise@0.000ns fall@5.000ns period=10.000ns})
  Destination:            DISP_VAL[5]
                            (output port)
  Path Group:             (none)
  Path Type:              Max at Slow Process Corner
  Data Path Delay:        9.956ns  (logic 4.281ns (43.000%)  route 5.675ns (57.000%))
  Logic Levels:           4  (LUT3=1 LUT5=1 LUT6=1 OBUF=1)
  Clock Uncertainty:      0.025ns  ((TSJ^2 + TIJ^2)^1/2 + DJ) / 2 + PE
    Total System Jitter     (TSJ):    0.050ns
    Total Input Jitter      (TIJ):    0.000ns
    Discrete Jitter          (DJ):    0.000ns
    Phase Error              (PE):    0.000ns

    Location             Delay type                Incr(ns)  Path(ns)    Netlist Resource(s)
  -------------------------------------------------------------------    -------------------
                         (clock sys_clk_pin rise edge)
                                                      0.000     0.000 r  
    E3                                                0.000     0.000 r  OSC_CLK (IN)
                         net (fo=0)                   0.000     0.000    OSC_CLK
    E3                   IBUF (Prop_ibuf_I_O)         1.413     1.413 r  OSC_CLK_IBUF_inst/O
                         net (fo=1, routed)           1.717     3.130    OSC_CLK_IBUF
    BUFGCTRL_X0Y16       BUFG (Prop_bufg_I_O)         0.081     3.211 r  OSC_CLK_IBUF_BUFG_inst/O
                         net (fo=48, routed)          1.382     4.592    BCDTo7SegC/OSC_CLK_IBUF_BUFG
    SLICE_X43Y97         FDRE                                         r  BCDTo7SegC/counter_reg[2]/C
  -------------------------------------------------------------------    -------------------
    SLICE_X43Y97         FDRE (Prop_fdre_C_Q)         0.348     4.940 r  BCDTo7SegC/counter_reg[2]/Q
                         net (fo=29, routed)          1.039     5.979    BCDTo7SegC/counter[2]
    SLICE_X44Y94         LUT3 (Prop_lut3_I2_O)        0.260     6.239 r  BCDTo7SegC/DISP_VAL_OBUF[0]_inst_i_4/O
                         net (fo=3, routed)           0.769     7.008    ArchivoRegistros/DISP_VAL_OBUF[5]_inst_i_1_0
    SLICE_X44Y96         LUT5 (Prop_lut5_I0_O)        0.267     7.275 r  ArchivoRegistros/DISP_VAL_OBUF[5]_inst_i_3/O
                         net (fo=1, routed)           0.460     7.736    ArchivoRegistros/DISP_VAL_OBUF[5]_inst_i_3_n_0
    SLICE_X44Y95         LUT6 (Prop_lut6_I1_O)        0.105     7.841 r  ArchivoRegistros/DISP_VAL_OBUF[5]_inst_i_1/O
                         net (fo=1, routed)           3.407    11.247    DISP_VAL_OBUF[5]
    R10                  OBUF (Prop_obuf_I_O)         3.301    14.548 r  DISP_VAL_OBUF[5]_inst/O
                         net (fo=0)                   0.000    14.548    DISP_VAL[5]
    R10                                                               r  DISP_VAL[5] (OUT)
  -------------------------------------------------------------------    -------------------

Slack:                    inf
  Source:                 BCDTo7SegC/counter_reg[0]/C
                            (rising edge-triggered cell FDRE clocked by sys_clk_pin  {rise@0.000ns fall@5.000ns period=10.000ns})
  Destination:            DISP_VAL[0]
                            (output port)
  Path Group:             (none)
  Path Type:              Max at Slow Process Corner
  Data Path Delay:        8.928ns  (logic 4.153ns (46.514%)  route 4.775ns (53.486%))
  Logic Levels:           4  (LUT4=1 LUT6=2 OBUF=1)
  Clock Uncertainty:      0.025ns  ((TSJ^2 + TIJ^2)^1/2 + DJ) / 2 + PE
    Total System Jitter     (TSJ):    0.050ns
    Total Input Jitter      (TIJ):    0.000ns
    Discrete Jitter          (DJ):    0.000ns
    Phase Error              (PE):    0.000ns

    Location             Delay type                Incr(ns)  Path(ns)    Netlist Resource(s)
  -------------------------------------------------------------------    -------------------
                         (clock sys_clk_pin rise edge)
                                                      0.000     0.000 r  
    E3                                                0.000     0.000 r  OSC_CLK (IN)
                         net (fo=0)                   0.000     0.000    OSC_CLK
    E3                   IBUF (Prop_ibuf_I_O)         1.413     1.413 r  OSC_CLK_IBUF_inst/O
                         net (fo=1, routed)           1.717     3.130    OSC_CLK_IBUF
    BUFGCTRL_X0Y16       BUFG (Prop_bufg_I_O)         0.081     3.211 r  OSC_CLK_IBUF_BUFG_inst/O
                         net (fo=48, routed)          1.382     4.592    BCDTo7SegC/OSC_CLK_IBUF_BUFG
    SLICE_X43Y97         FDRE                                         r  BCDTo7SegC/counter_reg[0]/C
  -------------------------------------------------------------------    -------------------
    SLICE_X43Y97         FDRE (Prop_fdre_C_Q)         0.379     4.971 r  BCDTo7SegC/counter_reg[0]/Q
                         net (fo=31, routed)          1.399     6.370    BCDTo7SegC/counter[0]
    SLICE_X45Y97         LUT4 (Prop_lut4_I1_O)        0.119     6.489 r  BCDTo7SegC/DISP_VAL_OBUF[0]_inst_i_2/O
                         net (fo=2, routed)           0.527     7.016    BCDTo7SegC/DISP_VAL_OBUF[0]_inst_i_2_n_0
    SLICE_X45Y96         LUT6 (Prop_lut6_I4_O)        0.267     7.283 r  BCDTo7SegC/DISP_VAL_OBUF[0]_inst_i_6/O
                         net (fo=1, routed)           0.653     7.935    BCDTo7SegC/DISP_VAL_OBUF[0]_inst_i_6_n_0
    SLICE_X44Y95         LUT6 (Prop_lut6_I5_O)        0.105     8.040 r  BCDTo7SegC/DISP_VAL_OBUF[0]_inst_i_1/O
                         net (fo=1, routed)           2.197    10.238    DISP_VAL_OBUF[0]
    L18                  OBUF (Prop_obuf_I_O)         3.283    13.521 r  DISP_VAL_OBUF[0]_inst/O
                         net (fo=0)                   0.000    13.521    DISP_VAL[0]
    L18                                                               r  DISP_VAL[0] (OUT)
  -------------------------------------------------------------------    -------------------

Slack:                    inf
  Source:                 BCDTo7SegC/counter_reg[0]/C
                            (rising edge-triggered cell FDRE clocked by sys_clk_pin  {rise@0.000ns fall@5.000ns period=10.000ns})
  Destination:            DISP_SEL[2]
                            (output port)
  Path Group:             (none)
  Path Type:              Max at Slow Process Corner
  Data Path Delay:        8.486ns  (logic 3.804ns (44.828%)  route 4.682ns (55.172%))
  Logic Levels:           2  (LUT3=1 OBUF=1)
  Clock Uncertainty:      0.025ns  ((TSJ^2 + TIJ^2)^1/2 + DJ) / 2 + PE
    Total System Jitter     (TSJ):    0.050ns
    Total Input Jitter      (TIJ):    0.000ns
    Discrete Jitter          (DJ):    0.000ns
    Phase Error              (PE):    0.000ns

    Location             Delay type                Incr(ns)  Path(ns)    Netlist Resource(s)
  -------------------------------------------------------------------    -------------------
                         (clock sys_clk_pin rise edge)
                                                      0.000     0.000 r  
    E3                                                0.000     0.000 r  OSC_CLK (IN)
                         net (fo=0)                   0.000     0.000    OSC_CLK
    E3                   IBUF (Prop_ibuf_I_O)         1.413     1.413 r  OSC_CLK_IBUF_inst/O
                         net (fo=1, routed)           1.717     3.130    OSC_CLK_IBUF
    BUFGCTRL_X0Y16       BUFG (Prop_bufg_I_O)         0.081     3.211 r  OSC_CLK_IBUF_BUFG_inst/O
                         net (fo=48, routed)          1.382     4.592    BCDTo7SegC/OSC_CLK_IBUF_BUFG
    SLICE_X43Y97         FDRE                                         r  BCDTo7SegC/counter_reg[0]/C
  -------------------------------------------------------------------    -------------------
    SLICE_X43Y97         FDRE (Prop_fdre_C_Q)         0.379     4.971 f  BCDTo7SegC/counter_reg[0]/Q
                         net (fo=31, routed)          1.128     6.099    BCDTo7SegC/counter[0]
    SLICE_X46Y97         LUT3 (Prop_lut3_I0_O)        0.105     6.204 r  BCDTo7SegC/DISP_SEL_OBUF[2]_inst_i_1/O
                         net (fo=1, routed)           3.554     9.758    DISP_SEL_OBUF[2]
    T9                   OBUF (Prop_obuf_I_O)         3.320    13.078 r  DISP_SEL_OBUF[2]_inst/O
                         net (fo=0)                   0.000    13.078    DISP_SEL[2]
    T9                                                                r  DISP_SEL[2] (OUT)
  -------------------------------------------------------------------    -------------------

Slack:                    inf
  Source:                 BCDTo7SegC/counter_reg[2]/C
                            (rising edge-triggered cell FDRE clocked by sys_clk_pin  {rise@0.000ns fall@5.000ns period=10.000ns})
  Destination:            DISP_SEL[7]
                            (output port)
  Path Group:             (none)
  Path Type:              Max at Slow Process Corner
  Data Path Delay:        8.339ns  (logic 4.059ns (48.677%)  route 4.280ns (51.323%))
  Logic Levels:           2  (LUT3=1 OBUF=1)
  Clock Uncertainty:      0.025ns  ((TSJ^2 + TIJ^2)^1/2 + DJ) / 2 + PE
    Total System Jitter     (TSJ):    0.050ns
    Total Input Jitter      (TIJ):    0.000ns
    Discrete Jitter          (DJ):    0.000ns
    Phase Error              (PE):    0.000ns

    Location             Delay type                Incr(ns)  Path(ns)    Netlist Resource(s)
  -------------------------------------------------------------------    -------------------
                         (clock sys_clk_pin rise edge)
                                                      0.000     0.000 r  
    E3                                                0.000     0.000 r  OSC_CLK (IN)
                         net (fo=0)                   0.000     0.000    OSC_CLK
    E3                   IBUF (Prop_ibuf_I_O)         1.413     1.413 r  OSC_CLK_IBUF_inst/O
                         net (fo=1, routed)           1.717     3.130    OSC_CLK_IBUF
    BUFGCTRL_X0Y16       BUFG (Prop_bufg_I_O)         0.081     3.211 r  OSC_CLK_IBUF_BUFG_inst/O
                         net (fo=48, routed)          1.382     4.592    BCDTo7SegC/OSC_CLK_IBUF_BUFG
    SLICE_X43Y97         FDRE                                         r  BCDTo7SegC/counter_reg[2]/C
  -------------------------------------------------------------------    -------------------
    SLICE_X43Y97         FDRE (Prop_fdre_C_Q)         0.348     4.940 r  BCDTo7SegC/counter_reg[2]/Q
                         net (fo=29, routed)          1.008     5.948    BCDTo7SegC/counter[2]
    SLICE_X43Y94         LUT3 (Prop_lut3_I2_O)        0.242     6.190 r  BCDTo7SegC/DISP_SEL_OBUF[7]_inst_i_1/O
                         net (fo=1, routed)           3.272     9.462    DISP_SEL_OBUF[7]
    U13                  OBUF (Prop_obuf_I_O)         3.469    12.931 r  DISP_SEL_OBUF[7]_inst/O
                         net (fo=0)                   0.000    12.931    DISP_SEL[7]
    U13                                                               r  DISP_SEL[7] (OUT)
  -------------------------------------------------------------------    -------------------

Slack:                    inf
  Source:                 BCDTo7SegC/counter_reg[2]/C
                            (rising edge-triggered cell FDRE clocked by sys_clk_pin  {rise@0.000ns fall@5.000ns period=10.000ns})
  Destination:            DISP_SEL[5]
                            (output port)
  Path Group:             (none)
  Path Type:              Max at Slow Process Corner
  Data Path Delay:        7.929ns  (logic 4.067ns (51.299%)  route 3.861ns (48.701%))
  Logic Levels:           2  (LUT3=1 OBUF=1)
  Clock Uncertainty:      0.025ns  ((TSJ^2 + TIJ^2)^1/2 + DJ) / 2 + PE
    Total System Jitter     (TSJ):    0.050ns
    Total Input Jitter      (TIJ):    0.000ns
    Discrete Jitter          (DJ):    0.000ns
    Phase Error              (PE):    0.000ns

    Location             Delay type                Incr(ns)  Path(ns)    Netlist Resource(s)
  -------------------------------------------------------------------    -------------------
                         (clock sys_clk_pin rise edge)
                                                      0.000     0.000 r  
    E3                                                0.000     0.000 r  OSC_CLK (IN)
                         net (fo=0)                   0.000     0.000    OSC_CLK
    E3                   IBUF (Prop_ibuf_I_O)         1.413     1.413 r  OSC_CLK_IBUF_inst/O
                         net (fo=1, routed)           1.717     3.130    OSC_CLK_IBUF
    BUFGCTRL_X0Y16       BUFG (Prop_bufg_I_O)         0.081     3.211 r  OSC_CLK_IBUF_BUFG_inst/O
                         net (fo=48, routed)          1.382     4.592    BCDTo7SegC/OSC_CLK_IBUF_BUFG
    SLICE_X43Y97         FDRE                                         r  BCDTo7SegC/counter_reg[2]/C
  -------------------------------------------------------------------    -------------------
    SLICE_X43Y97         FDRE (Prop_fdre_C_Q)         0.348     4.940 r  BCDTo7SegC/counter_reg[2]/Q
                         net (fo=29, routed)          1.145     6.085    BCDTo7SegC/counter[2]
    SLICE_X43Y94         LUT3 (Prop_lut3_I2_O)        0.260     6.345 r  BCDTo7SegC/DISP_SEL_OBUF[5]_inst_i_1/O
                         net (fo=1, routed)           2.717     9.062    DISP_SEL_OBUF[5]
    T14                  OBUF (Prop_obuf_I_O)         3.459    12.521 r  DISP_SEL_OBUF[5]_inst/O
                         net (fo=0)                   0.000    12.521    DISP_SEL[5]
    T14                                                               r  DISP_SEL[5] (OUT)
  -------------------------------------------------------------------    -------------------

Slack:                    inf
  Source:                 BCDTo7SegC/counter_reg[2]/C
                            (rising edge-triggered cell FDRE clocked by sys_clk_pin  {rise@0.000ns fall@5.000ns period=10.000ns})
  Destination:            DISP_VAL[4]
                            (output port)
  Path Group:             (none)
  Path Type:              Max at Slow Process Corner
  Data Path Delay:        7.880ns  (logic 4.114ns (52.205%)  route 3.766ns (47.795%))
  Logic Levels:           3  (LUT5=1 LUT6=1 OBUF=1)
  Clock Uncertainty:      0.025ns  ((TSJ^2 + TIJ^2)^1/2 + DJ) / 2 + PE
    Total System Jitter     (TSJ):    0.050ns
    Total Input Jitter      (TIJ):    0.000ns
    Discrete Jitter          (DJ):    0.000ns
    Phase Error              (PE):    0.000ns

    Location             Delay type                Incr(ns)  Path(ns)    Netlist Resource(s)
  -------------------------------------------------------------------    -------------------
                         (clock sys_clk_pin rise edge)
                                                      0.000     0.000 r  
    E3                                                0.000     0.000 r  OSC_CLK (IN)
                         net (fo=0)                   0.000     0.000    OSC_CLK
    E3                   IBUF (Prop_ibuf_I_O)         1.413     1.413 r  OSC_CLK_IBUF_inst/O
                         net (fo=1, routed)           1.717     3.130    OSC_CLK_IBUF
    BUFGCTRL_X0Y16       BUFG (Prop_bufg_I_O)         0.081     3.211 r  OSC_CLK_IBUF_BUFG_inst/O
                         net (fo=48, routed)          1.382     4.592    BCDTo7SegC/OSC_CLK_IBUF_BUFG
    SLICE_X43Y97         FDRE                                         r  BCDTo7SegC/counter_reg[2]/C
  -------------------------------------------------------------------    -------------------
    SLICE_X43Y97         FDRE (Prop_fdre_C_Q)         0.348     4.940 r  BCDTo7SegC/counter_reg[2]/Q
                         net (fo=29, routed)          0.911     5.851    BCDTo7SegC/counter[2]
    SLICE_X45Y95         LUT5 (Prop_lut5_I4_O)        0.260     6.111 r  BCDTo7SegC/DISP_VAL_OBUF[4]_inst_i_4/O
                         net (fo=1, routed)           0.658     6.769    BCDTo7SegC/DISP_VAL_OBUF[4]_inst_i_4_n_0
    SLICE_X45Y96         LUT6 (Prop_lut6_I3_O)        0.267     7.036 r  BCDTo7SegC/DISP_VAL_OBUF[4]_inst_i_1/O
                         net (fo=1, routed)           2.197     9.234    DISP_VAL_OBUF[4]
    K16                  OBUF (Prop_obuf_I_O)         3.239    12.472 r  DISP_VAL_OBUF[4]_inst/O
                         net (fo=0)                   0.000    12.472    DISP_VAL[4]
    K16                                                               r  DISP_VAL[4] (OUT)
  -------------------------------------------------------------------    -------------------





Min Delay Paths
--------------------------------------------------------------------------------------
Slack:                    inf
  Source:                 PCCLR_reg/C
                            (rising edge-triggered cell FDRE clocked by sys_clk_pin  {rise@0.000ns fall@5.000ns period=10.000ns})
  Destination:            PC/PC_out_reg[6]/CLR
  Path Group:             (none)
  Path Type:              Min at Fast Process Corner
  Data Path Delay:        0.451ns  (logic 0.164ns (36.393%)  route 0.287ns (63.607%))
  Logic Levels:           0  
  Clock Uncertainty:      0.025ns  ((TSJ^2 + TIJ^2)^1/2 + DJ) / 2 + PE
    Total System Jitter     (TSJ):    0.050ns
    Total Input Jitter      (TIJ):    0.000ns
    Discrete Jitter          (DJ):    0.000ns
    Phase Error              (PE):    0.000ns

    Location             Delay type                Incr(ns)  Path(ns)    Netlist Resource(s)
  -------------------------------------------------------------------    -------------------
                         (clock sys_clk_pin rise edge)
                                                      0.000     0.000 r  
    E3                                                0.000     0.000 r  OSC_CLK (IN)
                         net (fo=0)                   0.000     0.000    OSC_CLK
    E3                   IBUF (Prop_ibuf_I_O)         0.250     0.250 r  OSC_CLK_IBUF_inst/O
                         net (fo=1, routed)           0.644     0.894    OSC_CLK_IBUF
    BUFGCTRL_X0Y16       BUFG (Prop_bufg_I_O)         0.026     0.920 r  OSC_CLK_IBUF_BUFG_inst/O
                         net (fo=48, routed)          0.559     1.478    OSC_CLK_IBUF_BUFG
    SLICE_X50Y103        FDRE                                         r  PCCLR_reg/C
  -------------------------------------------------------------------    -------------------
    SLICE_X50Y103        FDRE (Prop_fdre_C_Q)         0.164     1.642 f  PCCLR_reg/Q
                         net (fo=39, routed)          0.287     1.929    PC/clr_hold_reg_0
    SLICE_X53Y100        FDCE                                         f  PC/PC_out_reg[6]/CLR
  -------------------------------------------------------------------    -------------------

Slack:                    inf
  Source:                 PCCLR_reg/C
                            (rising edge-triggered cell FDRE clocked by sys_clk_pin  {rise@0.000ns fall@5.000ns period=10.000ns})
  Destination:            PC/PC_out_reg[7]/CLR
  Path Group:             (none)
  Path Type:              Min at Fast Process Corner
  Data Path Delay:        0.451ns  (logic 0.164ns (36.393%)  route 0.287ns (63.607%))
  Logic Levels:           0  
  Clock Uncertainty:      0.025ns  ((TSJ^2 + TIJ^2)^1/2 + DJ) / 2 + PE
    Total System Jitter     (TSJ):    0.050ns
    Total Input Jitter      (TIJ):    0.000ns
    Discrete Jitter          (DJ):    0.000ns
    Phase Error              (PE):    0.000ns

    Location             Delay type                Incr(ns)  Path(ns)    Netlist Resource(s)
  -------------------------------------------------------------------    -------------------
                         (clock sys_clk_pin rise edge)
                                                      0.000     0.000 r  
    E3                                                0.000     0.000 r  OSC_CLK (IN)
                         net (fo=0)                   0.000     0.000    OSC_CLK
    E3                   IBUF (Prop_ibuf_I_O)         0.250     0.250 r  OSC_CLK_IBUF_inst/O
                         net (fo=1, routed)           0.644     0.894    OSC_CLK_IBUF
    BUFGCTRL_X0Y16       BUFG (Prop_bufg_I_O)         0.026     0.920 r  OSC_CLK_IBUF_BUFG_inst/O
                         net (fo=48, routed)          0.559     1.478    OSC_CLK_IBUF_BUFG
    SLICE_X50Y103        FDRE                                         r  PCCLR_reg/C
  -------------------------------------------------------------------    -------------------
    SLICE_X50Y103        FDRE (Prop_fdre_C_Q)         0.164     1.642 f  PCCLR_reg/Q
                         net (fo=39, routed)          0.287     1.929    PC/clr_hold_reg_0
    SLICE_X53Y100        FDCE                                         f  PC/PC_out_reg[7]/CLR
  -------------------------------------------------------------------    -------------------

Slack:                    inf
  Source:                 PCCLR_reg/C
                            (rising edge-triggered cell FDRE clocked by sys_clk_pin  {rise@0.000ns fall@5.000ns period=10.000ns})
  Destination:            PC/PC_out_reg[0]/CLR
  Path Group:             (none)
  Path Type:              Min at Fast Process Corner
  Data Path Delay:        0.508ns  (logic 0.164ns (32.291%)  route 0.344ns (67.709%))
  Logic Levels:           0  
  Clock Uncertainty:      0.025ns  ((TSJ^2 + TIJ^2)^1/2 + DJ) / 2 + PE
    Total System Jitter     (TSJ):    0.050ns
    Total Input Jitter      (TIJ):    0.000ns
    Discrete Jitter          (DJ):    0.000ns
    Phase Error              (PE):    0.000ns

    Location             Delay type                Incr(ns)  Path(ns)    Netlist Resource(s)
  -------------------------------------------------------------------    -------------------
                         (clock sys_clk_pin rise edge)
                                                      0.000     0.000 r  
    E3                                                0.000     0.000 r  OSC_CLK (IN)
                         net (fo=0)                   0.000     0.000    OSC_CLK
    E3                   IBUF (Prop_ibuf_I_O)         0.250     0.250 r  OSC_CLK_IBUF_inst/O
                         net (fo=1, routed)           0.644     0.894    OSC_CLK_IBUF
    BUFGCTRL_X0Y16       BUFG (Prop_bufg_I_O)         0.026     0.920 r  OSC_CLK_IBUF_BUFG_inst/O
                         net (fo=48, routed)          0.559     1.478    OSC_CLK_IBUF_BUFG
    SLICE_X50Y103        FDRE                                         r  PCCLR_reg/C
  -------------------------------------------------------------------    -------------------
    SLICE_X50Y103        FDRE (Prop_fdre_C_Q)         0.164     1.642 f  PCCLR_reg/Q
                         net (fo=39, routed)          0.344     1.986    PC/clr_hold_reg_0
    SLICE_X50Y99         FDCE                                         f  PC/PC_out_reg[0]/CLR
  -------------------------------------------------------------------    -------------------

Slack:                    inf
  Source:                 PCCLR_reg/C
                            (rising edge-triggered cell FDRE clocked by sys_clk_pin  {rise@0.000ns fall@5.000ns period=10.000ns})
  Destination:            PC/PC_out_reg[1]/CLR
  Path Group:             (none)
  Path Type:              Min at Fast Process Corner
  Data Path Delay:        0.508ns  (logic 0.164ns (32.291%)  route 0.344ns (67.709%))
  Logic Levels:           0  
  Clock Uncertainty:      0.025ns  ((TSJ^2 + TIJ^2)^1/2 + DJ) / 2 + PE
    Total System Jitter     (TSJ):    0.050ns
    Total Input Jitter      (TIJ):    0.000ns
    Discrete Jitter          (DJ):    0.000ns
    Phase Error              (PE):    0.000ns

    Location             Delay type                Incr(ns)  Path(ns)    Netlist Resource(s)
  -------------------------------------------------------------------    -------------------
                         (clock sys_clk_pin rise edge)
                                                      0.000     0.000 r  
    E3                                                0.000     0.000 r  OSC_CLK (IN)
                         net (fo=0)                   0.000     0.000    OSC_CLK
    E3                   IBUF (Prop_ibuf_I_O)         0.250     0.250 r  OSC_CLK_IBUF_inst/O
                         net (fo=1, routed)           0.644     0.894    OSC_CLK_IBUF
    BUFGCTRL_X0Y16       BUFG (Prop_bufg_I_O)         0.026     0.920 r  OSC_CLK_IBUF_BUFG_inst/O
                         net (fo=48, routed)          0.559     1.478    OSC_CLK_IBUF_BUFG
    SLICE_X50Y103        FDRE                                         r  PCCLR_reg/C
  -------------------------------------------------------------------    -------------------
    SLICE_X50Y103        FDRE (Prop_fdre_C_Q)         0.164     1.642 f  PCCLR_reg/Q
                         net (fo=39, routed)          0.344     1.986    PC/clr_hold_reg_0
    SLICE_X51Y99         FDCE                                         f  PC/PC_out_reg[1]/CLR
  -------------------------------------------------------------------    -------------------

Slack:                    inf
  Source:                 PCCLR_reg/C
                            (rising edge-triggered cell FDRE clocked by sys_clk_pin  {rise@0.000ns fall@5.000ns period=10.000ns})
  Destination:            PC/PC_out_reg[2]/CLR
  Path Group:             (none)
  Path Type:              Min at Fast Process Corner
  Data Path Delay:        0.508ns  (logic 0.164ns (32.291%)  route 0.344ns (67.709%))
  Logic Levels:           0  
  Clock Uncertainty:      0.025ns  ((TSJ^2 + TIJ^2)^1/2 + DJ) / 2 + PE
    Total System Jitter     (TSJ):    0.050ns
    Total Input Jitter      (TIJ):    0.000ns
    Discrete Jitter          (DJ):    0.000ns
    Phase Error              (PE):    0.000ns

    Location             Delay type                Incr(ns)  Path(ns)    Netlist Resource(s)
  -------------------------------------------------------------------    -------------------
                         (clock sys_clk_pin rise edge)
                                                      0.000     0.000 r  
    E3                                                0.000     0.000 r  OSC_CLK (IN)
                         net (fo=0)                   0.000     0.000    OSC_CLK
    E3                   IBUF (Prop_ibuf_I_O)         0.250     0.250 r  OSC_CLK_IBUF_inst/O
                         net (fo=1, routed)           0.644     0.894    OSC_CLK_IBUF
    BUFGCTRL_X0Y16       BUFG (Prop_bufg_I_O)         0.026     0.920 r  OSC_CLK_IBUF_BUFG_inst/O
                         net (fo=48, routed)          0.559     1.478    OSC_CLK_IBUF_BUFG
    SLICE_X50Y103        FDRE                                         r  PCCLR_reg/C
  -------------------------------------------------------------------    -------------------
    SLICE_X50Y103        FDRE (Prop_fdre_C_Q)         0.164     1.642 f  PCCLR_reg/Q
                         net (fo=39, routed)          0.344     1.986    PC/clr_hold_reg_0
    SLICE_X50Y99         FDCE                                         f  PC/PC_out_reg[2]/CLR
  -------------------------------------------------------------------    -------------------

Slack:                    inf
  Source:                 PCCLR_reg/C
                            (rising edge-triggered cell FDRE clocked by sys_clk_pin  {rise@0.000ns fall@5.000ns period=10.000ns})
  Destination:            PC/PC_out_reg[3]/CLR
  Path Group:             (none)
  Path Type:              Min at Fast Process Corner
  Data Path Delay:        0.508ns  (logic 0.164ns (32.291%)  route 0.344ns (67.709%))
  Logic Levels:           0  
  Clock Uncertainty:      0.025ns  ((TSJ^2 + TIJ^2)^1/2 + DJ) / 2 + PE
    Total System Jitter     (TSJ):    0.050ns
    Total Input Jitter      (TIJ):    0.000ns
    Discrete Jitter          (DJ):    0.000ns
    Phase Error              (PE):    0.000ns

    Location             Delay type                Incr(ns)  Path(ns)    Netlist Resource(s)
  -------------------------------------------------------------------    -------------------
                         (clock sys_clk_pin rise edge)
                                                      0.000     0.000 r  
    E3                                                0.000     0.000 r  OSC_CLK (IN)
                         net (fo=0)                   0.000     0.000    OSC_CLK
    E3                   IBUF (Prop_ibuf_I_O)         0.250     0.250 r  OSC_CLK_IBUF_inst/O
                         net (fo=1, routed)           0.644     0.894    OSC_CLK_IBUF
    BUFGCTRL_X0Y16       BUFG (Prop_bufg_I_O)         0.026     0.920 r  OSC_CLK_IBUF_BUFG_inst/O
                         net (fo=48, routed)          0.559     1.478    OSC_CLK_IBUF_BUFG
    SLICE_X50Y103        FDRE                                         r  PCCLR_reg/C
  -------------------------------------------------------------------    -------------------
    SLICE_X50Y103        FDRE (Prop_fdre_C_Q)         0.164     1.642 f  PCCLR_reg/Q
                         net (fo=39, routed)          0.344     1.986    PC/clr_hold_reg_0
    SLICE_X50Y99         FDCE                                         f  PC/PC_out_reg[3]/CLR
  -------------------------------------------------------------------    -------------------

Slack:                    inf
  Source:                 PCCLR_reg/C
                            (rising edge-triggered cell FDRE clocked by sys_clk_pin  {rise@0.000ns fall@5.000ns period=10.000ns})
  Destination:            PC/PC_out_reg[4]/CLR
  Path Group:             (none)
  Path Type:              Min at Fast Process Corner
  Data Path Delay:        0.508ns  (logic 0.164ns (32.291%)  route 0.344ns (67.709%))
  Logic Levels:           0  
  Clock Uncertainty:      0.025ns  ((TSJ^2 + TIJ^2)^1/2 + DJ) / 2 + PE
    Total System Jitter     (TSJ):    0.050ns
    Total Input Jitter      (TIJ):    0.000ns
    Discrete Jitter          (DJ):    0.000ns
    Phase Error              (PE):    0.000ns

    Location             Delay type                Incr(ns)  Path(ns)    Netlist Resource(s)
  -------------------------------------------------------------------    -------------------
                         (clock sys_clk_pin rise edge)
                                                      0.000     0.000 r  
    E3                                                0.000     0.000 r  OSC_CLK (IN)
                         net (fo=0)                   0.000     0.000    OSC_CLK
    E3                   IBUF (Prop_ibuf_I_O)         0.250     0.250 r  OSC_CLK_IBUF_inst/O
                         net (fo=1, routed)           0.644     0.894    OSC_CLK_IBUF
    BUFGCTRL_X0Y16       BUFG (Prop_bufg_I_O)         0.026     0.920 r  OSC_CLK_IBUF_BUFG_inst/O
                         net (fo=48, routed)          0.559     1.478    OSC_CLK_IBUF_BUFG
    SLICE_X50Y103        FDRE                                         r  PCCLR_reg/C
  -------------------------------------------------------------------    -------------------
    SLICE_X50Y103        FDRE (Prop_fdre_C_Q)         0.164     1.642 f  PCCLR_reg/Q
                         net (fo=39, routed)          0.344     1.986    PC/clr_hold_reg_0
    SLICE_X51Y99         FDCE                                         f  PC/PC_out_reg[4]/CLR
  -------------------------------------------------------------------    -------------------

Slack:                    inf
  Source:                 PCCLR_reg/C
                            (rising edge-triggered cell FDRE clocked by sys_clk_pin  {rise@0.000ns fall@5.000ns period=10.000ns})
  Destination:            PC/PC_out_reg[5]/CLR
  Path Group:             (none)
  Path Type:              Min at Fast Process Corner
  Data Path Delay:        0.508ns  (logic 0.164ns (32.291%)  route 0.344ns (67.709%))
  Logic Levels:           0  
  Clock Uncertainty:      0.025ns  ((TSJ^2 + TIJ^2)^1/2 + DJ) / 2 + PE
    Total System Jitter     (TSJ):    0.050ns
    Total Input Jitter      (TIJ):    0.000ns
    Discrete Jitter          (DJ):    0.000ns
    Phase Error              (PE):    0.000ns

    Location             Delay type                Incr(ns)  Path(ns)    Netlist Resource(s)
  -------------------------------------------------------------------    -------------------
                         (clock sys_clk_pin rise edge)
                                                      0.000     0.000 r  
    E3                                                0.000     0.000 r  OSC_CLK (IN)
                         net (fo=0)                   0.000     0.000    OSC_CLK
    E3                   IBUF (Prop_ibuf_I_O)         0.250     0.250 r  OSC_CLK_IBUF_inst/O
                         net (fo=1, routed)           0.644     0.894    OSC_CLK_IBUF
    BUFGCTRL_X0Y16       BUFG (Prop_bufg_I_O)         0.026     0.920 r  OSC_CLK_IBUF_BUFG_inst/O
                         net (fo=48, routed)          0.559     1.478    OSC_CLK_IBUF_BUFG
    SLICE_X50Y103        FDRE                                         r  PCCLR_reg/C
  -------------------------------------------------------------------    -------------------
    SLICE_X50Y103        FDRE (Prop_fdre_C_Q)         0.164     1.642 f  PCCLR_reg/Q
                         net (fo=39, routed)          0.344     1.986    PC/clr_hold_reg_0
    SLICE_X51Y99         FDCE                                         f  PC/PC_out_reg[5]/CLR
  -------------------------------------------------------------------    -------------------

Slack:                    inf
  Source:                 PCCLR_reg/C
                            (rising edge-triggered cell FDRE clocked by sys_clk_pin  {rise@0.000ns fall@5.000ns period=10.000ns})
  Destination:            PC/clr_hold_reg/PRE
  Path Group:             (none)
  Path Type:              Min at Fast Process Corner
  Data Path Delay:        0.508ns  (logic 0.164ns (32.291%)  route 0.344ns (67.709%))
  Logic Levels:           0  
  Clock Uncertainty:      0.025ns  ((TSJ^2 + TIJ^2)^1/2 + DJ) / 2 + PE
    Total System Jitter     (TSJ):    0.050ns
    Total Input Jitter      (TIJ):    0.000ns
    Discrete Jitter          (DJ):    0.000ns
    Phase Error              (PE):    0.000ns

    Location             Delay type                Incr(ns)  Path(ns)    Netlist Resource(s)
  -------------------------------------------------------------------    -------------------
                         (clock sys_clk_pin rise edge)
                                                      0.000     0.000 r  
    E3                                                0.000     0.000 r  OSC_CLK (IN)
                         net (fo=0)                   0.000     0.000    OSC_CLK
    E3                   IBUF (Prop_ibuf_I_O)         0.250     0.250 r  OSC_CLK_IBUF_inst/O
                         net (fo=1, routed)           0.644     0.894    OSC_CLK_IBUF
    BUFGCTRL_X0Y16       BUFG (Prop_bufg_I_O)         0.026     0.920 r  OSC_CLK_IBUF_BUFG_inst/O
                         net (fo=48, routed)          0.559     1.478    OSC_CLK_IBUF_BUFG
    SLICE_X50Y103        FDRE                                         r  PCCLR_reg/C
  -------------------------------------------------------------------    -------------------
    SLICE_X50Y103        FDRE (Prop_fdre_C_Q)         0.164     1.642 f  PCCLR_reg/Q
                         net (fo=39, routed)          0.344     1.986    PC/clr_hold_reg_0
    SLICE_X50Y99         FDPE                                         f  PC/clr_hold_reg/PRE
  -------------------------------------------------------------------    -------------------

Slack:                    inf
  Source:                 PCCLR_reg/C
                            (rising edge-triggered cell FDRE clocked by sys_clk_pin  {rise@0.000ns fall@5.000ns period=10.000ns})
  Destination:            PC/PC_out_reg[0]/D
  Path Group:             (none)
  Path Type:              Min at Fast Process Corner
  Data Path Delay:        0.691ns  (logic 0.254ns (36.746%)  route 0.437ns (63.254%))
  Logic Levels:           2  (LUT2=1 LUT3=1)
  Clock Uncertainty:      0.025ns  ((TSJ^2 + TIJ^2)^1/2 + DJ) / 2 + PE
    Total System Jitter     (TSJ):    0.050ns
    Total Input Jitter      (TIJ):    0.000ns
    Discrete Jitter          (DJ):    0.000ns
    Phase Error              (PE):    0.000ns

    Location             Delay type                Incr(ns)  Path(ns)    Netlist Resource(s)
  -------------------------------------------------------------------    -------------------
                         (clock sys_clk_pin rise edge)
                                                      0.000     0.000 r  
    E3                                                0.000     0.000 r  OSC_CLK (IN)
                         net (fo=0)                   0.000     0.000    OSC_CLK
    E3                   IBUF (Prop_ibuf_I_O)         0.250     0.250 r  OSC_CLK_IBUF_inst/O
                         net (fo=1, routed)           0.644     0.894    OSC_CLK_IBUF
    BUFGCTRL_X0Y16       BUFG (Prop_bufg_I_O)         0.026     0.920 r  OSC_CLK_IBUF_BUFG_inst/O
                         net (fo=48, routed)          0.559     1.478    OSC_CLK_IBUF_BUFG
    SLICE_X50Y103        FDRE                                         r  PCCLR_reg/C
  -------------------------------------------------------------------    -------------------
    SLICE_X50Y103        FDRE (Prop_fdre_C_Q)         0.164     1.642 f  PCCLR_reg/Q
                         net (fo=39, routed)          0.345     1.987    PC/clr_hold_reg_0
    SLICE_X50Y99         LUT3 (Prop_lut3_I0_O)        0.045     2.032 r  PC/PC_out[7]_i_3/O
                         net (fo=7, routed)           0.092     2.125    PC/PC_out[7]_i_3_n_0
    SLICE_X50Y99         LUT2 (Prop_lut2_I0_O)        0.045     2.170 r  PC/PC_out[0]_i_1/O
                         net (fo=1, routed)           0.000     2.170    PC/PC_out[0]_i_1_n_0
    SLICE_X50Y99         FDCE                                         r  PC/PC_out_reg[0]/D
  -------------------------------------------------------------------    -------------------





--------------------------------------------------------------------------------------
Path Group:  (none)
From Clock:  
  To Clock:  sys_clk_pin

Max Delay             1 Endpoint
Min Delay             1 Endpoint
--------------------------------------------------------------------------------------


Max Delay Paths
--------------------------------------------------------------------------------------
Slack:                    inf
  Source:                 CLR
                            (input port)
  Destination:            PCCLR_reg/D
                            (rising edge-triggered cell FDRE clocked by sys_clk_pin  {rise@0.000ns fall@5.000ns period=10.000ns})
  Path Group:             (none)
  Path Type:              Setup (Max at Slow Process Corner)
  Data Path Delay:        3.388ns  (logic 1.403ns (41.419%)  route 1.985ns (58.581%))
  Logic Levels:           1  (IBUF=1)
  Clock Path Skew:        4.298ns (DCD - SCD + CPR)
    Destination Clock Delay (DCD):    4.298ns
    Source Clock Delay      (SCD):    0.000ns
    Clock Pessimism Removal (CPR):    0.000ns
  Clock Uncertainty:      0.025ns  ((TSJ^2 + TIJ^2)^1/2 + DJ) / 2 + PE
    Total System Jitter     (TSJ):    0.050ns
    Total Input Jitter      (TIJ):    0.000ns
    Discrete Jitter          (DJ):    0.000ns
    Phase Error              (PE):    0.000ns

    Location             Delay type                Incr(ns)  Path(ns)    Netlist Resource(s)
  -------------------------------------------------------------------    -------------------
    H14                                               0.000     0.000 r  CLR (IN)
                         net (fo=0)                   0.000     0.000    CLR
    H14                  IBUF (Prop_ibuf_I_O)         1.403     1.403 r  CLR_IBUF_inst/O
                         net (fo=1, routed)           1.985     3.388    CLR_IBUF
    SLICE_X50Y103        FDRE                                         r  PCCLR_reg/D
  -------------------------------------------------------------------    -------------------

                         (clock sys_clk_pin rise edge)
                                                      0.000     0.000 r  
    E3                                                0.000     0.000 r  OSC_CLK (IN)
                         net (fo=0)                   0.000     0.000    OSC_CLK
    E3                   IBUF (Prop_ibuf_I_O)         1.347     1.347 r  OSC_CLK_IBUF_inst/O
                         net (fo=1, routed)           1.628     2.975    OSC_CLK_IBUF
    BUFGCTRL_X0Y16       BUFG (Prop_bufg_I_O)         0.077     3.052 r  OSC_CLK_IBUF_BUFG_inst/O
                         net (fo=48, routed)          1.246     4.298    OSC_CLK_IBUF_BUFG
    SLICE_X50Y103        FDRE                                         r  PCCLR_reg/C





Min Delay Paths
--------------------------------------------------------------------------------------
Slack:                    inf
  Source:                 CLR
                            (input port)
  Destination:            PCCLR_reg/D
                            (rising edge-triggered cell FDRE clocked by sys_clk_pin  {rise@0.000ns fall@5.000ns period=10.000ns})
  Path Group:             (none)
  Path Type:              Hold (Min at Fast Process Corner)
  Data Path Delay:        1.253ns  (logic 0.240ns (19.167%)  route 1.013ns (80.833%))
  Logic Levels:           1  (IBUF=1)
  Clock Path Skew:        1.994ns (DCD - SCD - CPR)
    Destination Clock Delay (DCD):    1.994ns
    Source Clock Delay      (SCD):    0.000ns
    Clock Pessimism Removal (CPR):    -0.000ns

    Location             Delay type                Incr(ns)  Path(ns)    Netlist Resource(s)
  -------------------------------------------------------------------    -------------------
    H14                                               0.000     0.000 r  CLR (IN)
                         net (fo=0)                   0.000     0.000    CLR
    H14                  IBUF (Prop_ibuf_I_O)         0.240     0.240 r  CLR_IBUF_inst/O
                         net (fo=1, routed)           1.013     1.253    CLR_IBUF
    SLICE_X50Y103        FDRE                                         r  PCCLR_reg/D
  -------------------------------------------------------------------    -------------------

                         (clock sys_clk_pin rise edge)
                                                      0.000     0.000 r  
    E3                                                0.000     0.000 r  OSC_CLK (IN)
                         net (fo=0)                   0.000     0.000    OSC_CLK
    E3                   IBUF (Prop_ibuf_I_O)         0.438     0.438 r  OSC_CLK_IBUF_inst/O
                         net (fo=1, routed)           0.699     1.136    OSC_CLK_IBUF
    BUFGCTRL_X0Y16       BUFG (Prop_bufg_I_O)         0.029     1.165 r  OSC_CLK_IBUF_BUFG_inst/O
                         net (fo=48, routed)          0.829     1.994    OSC_CLK_IBUF_BUFG
    SLICE_X50Y103        FDRE                                         r  PCCLR_reg/C





