Copyright 1986-2022 Xilinx, Inc. All Rights Reserved. Copyright 2022-2025 Advanced Micro Devices, Inc. All Rights Reserved.
---------------------------------------------------------------------------------------------------------------------------------------------------------------------------------------------------------------------------------------
| Tool Version : Vivado v.2025.2 (lin64) Build 6299465 Fri Nov 14 12:34:56 MST 2025
| Date         : Thu May 14 20:18:47 2026
| Host         : pop-os running 64-bit Pop!_OS 22.04 LTS
| Command      : report_timing_summary -max_paths 10 -routable_nets -report_unconstrained -file BCDTo7Seg_timing_summary_routed.rpt -pb BCDTo7Seg_timing_summary_routed.pb -rpx BCDTo7Seg_timing_summary_routed.rpx -warn_on_violation
| Design       : BCDTo7Seg
| Device       : 7a100t-csg324
| Speed File   : -2  PRODUCTION 1.23 2018-06-13
| Design State : Routed
---------------------------------------------------------------------------------------------------------------------------------------------------------------------------------------------------------------------------------------

Timing Summary Report

------------------------------------------------------------------------------------------------
| Timer Settings
| --------------
------------------------------------------------------------------------------------------------

  Enable Multi Corner Analysis               :  Yes
  Enable Pessimism Removal                   :  Yes
  Pessimism Removal Resolution               :  Nearest Common Node
  Enable Input Delay Default Clock           :  No
  Enable Preset / Clear Arcs                 :  No
  Disable Flight Delays                      :  No
  Ignore I/O Paths                           :  No
  Timing Early Launch at Borrowing Latches   :  No
  Borrow Time for Max Delay Exceptions       :  Yes
  Merge Timing Exceptions                    :  Yes
  Inter-SLR Compensation                     :  Conservative

  Corner  Analyze    Analyze    
  Name    Max Paths  Min Paths  
  ------  ---------  ---------  
  Slow    Yes        Yes        
  Fast    Yes        Yes        


------------------------------------------------------------------------------------------------
| Report Methodology
| ------------------
------------------------------------------------------------------------------------------------

Rule       Severity  Description                    Violations  
---------  --------  -----------------------------  ----------  
TIMING-18  Warning   Missing input or output delay  15          

Note: This report is based on the most recent report_methodology run and may not be up-to-date. Run report_methodology on the current design for the latest report.



check_timing report

Table of Contents
-----------------
1. checking no_clock (0)
2. checking constant_clock (0)
3. checking pulse_width_clock (0)
4. checking unconstrained_internal_endpoints (0)
5. checking no_input_delay (0)
6. checking no_output_delay (15)
7. checking multiple_clock (0)
8. checking generated_clocks (0)
9. checking loops (0)
10. checking partial_input_delay (0)
11. checking partial_output_delay (0)
12. checking latch_loops (0)

1. checking no_clock (0)
------------------------
 There are 0 register/latch pins with no clock.


2. checking constant_clock (0)
------------------------------
 There are 0 register/latch pins with constant_clock.


3. checking pulse_width_clock (0)
---------------------------------
 There are 0 register/latch pins which need pulse_width check


4. checking unconstrained_internal_endpoints (0)
------------------------------------------------
 There are 0 pins that are not constrained for maximum delay.

 There are 0 pins that are not constrained for maximum delay due to constant clock.


5. checking no_input_delay (0)
------------------------------
 There are 0 input ports with no input delay specified.

 There are 0 input ports with no input delay but user has a false path constraint.


6. checking no_output_delay (15)
--------------------------------
 There are 15 ports with no output delay specified. (HIGH)

 There are 0 ports with no output delay but user has a false path constraint

 There are 0 ports with no output delay but with a timing clock defined on it or propagating through it


7. checking multiple_clock (0)
------------------------------
 There are 0 register/latch pins with multiple clocks.


8. checking generated_clocks (0)
--------------------------------
 There are 0 generated clocks that are not connected to a clock source.


9. checking loops (0)
---------------------
 There are 0 combinational loops in the design.


10. checking partial_input_delay (0)
------------------------------------
 There are 0 input ports with partial input delay specified.


11. checking partial_output_delay (0)
-------------------------------------
 There are 0 ports with partial output delay specified.


12. checking latch_loops (0)
----------------------------
 There are 0 combinational latch loops in the design through latch input



------------------------------------------------------------------------------------------------
| Design Timing Summary
| ---------------------
------------------------------------------------------------------------------------------------

    WNS(ns)      TNS(ns)  TNS Failing Endpoints  TNS Total Endpoints      WHS(ns)      THS(ns)  THS Failing Endpoints  THS Total Endpoints     WPWS(ns)     TPWS(ns)  TPWS Failing Endpoints  TPWS Total Endpoints  
    -------      -------  ---------------------  -------------------      -------      -------  ---------------------  -------------------     --------     --------  ----------------------  --------------------  
      8.189        0.000                      0                   20        0.225        0.000                      0                   20        4.500        0.000                       0                    21  


All user specified timing constraints are met.


------------------------------------------------------------------------------------------------
| Clock Summary
| -------------
------------------------------------------------------------------------------------------------

Clock        Waveform(ns)       Period(ns)      Frequency(MHz)
-----        ------------       ----------      --------------
sys_clk_pin  {0.000 5.000}      10.000          100.000         


------------------------------------------------------------------------------------------------
| Intra Clock Table
| -----------------
------------------------------------------------------------------------------------------------

Clock             WNS(ns)      TNS(ns)  TNS Failing Endpoints  TNS Total Endpoints      WHS(ns)      THS(ns)  THS Failing Endpoints  THS Total Endpoints     WPWS(ns)     TPWS(ns)  TPWS Failing Endpoints  TPWS Total Endpoints  
-----             -------      -------  ---------------------  -------------------      -------      -------  ---------------------  -------------------     --------     --------  ----------------------  --------------------  
sys_clk_pin         8.189        0.000                      0                   20        0.225        0.000                      0                   20        4.500        0.000                       0                    21  


------------------------------------------------------------------------------------------------
| Inter Clock Table
| -----------------
------------------------------------------------------------------------------------------------

From Clock    To Clock          WNS(ns)      TNS(ns)  TNS Failing Endpoints  TNS Total Endpoints      WHS(ns)      THS(ns)  THS Failing Endpoints  THS Total Endpoints  
----------    --------          -------      -------  ---------------------  -------------------      -------      -------  ---------------------  -------------------  


------------------------------------------------------------------------------------------------
| Other Path Groups Table
| -----------------------
------------------------------------------------------------------------------------------------

Path Group    From Clock    To Clock          WNS(ns)      TNS(ns)  TNS Failing Endpoints  TNS Total Endpoints      WHS(ns)      THS(ns)  THS Failing Endpoints  THS Total Endpoints  
----------    ----------    --------          -------      -------  ---------------------  -------------------      -------      -------  ---------------------  -------------------  


------------------------------------------------------------------------------------------------
| User Ignored Path Table
| -----------------------
------------------------------------------------------------------------------------------------

Path Group    From Clock    To Clock    
----------    ----------    --------    


------------------------------------------------------------------------------------------------
| Unconstrained Path Table
| ------------------------
------------------------------------------------------------------------------------------------

Path Group    From Clock    To Clock    
----------    ----------    --------    
(none)                                    
(none)        sys_clk_pin                 


------------------------------------------------------------------------------------------------
| Timing Details
| --------------
------------------------------------------------------------------------------------------------


---------------------------------------------------------------------------------------------------
From Clock:  sys_clk_pin
  To Clock:  sys_clk_pin

Setup :            0  Failing Endpoints,  Worst Slack        8.189ns,  Total Violation        0.000ns
Hold  :            0  Failing Endpoints,  Worst Slack        0.225ns,  Total Violation        0.000ns
PW    :            0  Failing Endpoints,  Worst Slack        4.500ns,  Total Violation        0.000ns
---------------------------------------------------------------------------------------------------


Max Delay Paths
--------------------------------------------------------------------------------------
Slack (MET) :             8.189ns  (required time - arrival time)
  Source:                 clk_counter_reg[0]/C
                            (rising edge-triggered cell FDRE clocked by sys_clk_pin  {rise@0.000ns fall@5.000ns period=10.000ns})
  Destination:            clk_counter_reg[16]/D
                            (rising edge-triggered cell FDRE clocked by sys_clk_pin  {rise@0.000ns fall@5.000ns period=10.000ns})
  Path Group:             sys_clk_pin
  Path Type:              Setup (Max at Slow Process Corner)
  Requirement:            10.000ns  (sys_clk_pin rise@10.000ns - sys_clk_pin rise@0.000ns)
  Data Path Delay:        1.805ns  (logic 1.399ns (77.512%)  route 0.406ns (22.489%))
  Logic Levels:           6  (CARRY4=5 LUT1=1)
  Clock Path Skew:        -0.030ns (DCD - SCD + CPR)
    Destination Clock Delay (DCD):    4.374ns = ( 14.374 - 10.000 ) 
    Source Clock Delay      (SCD):    4.644ns
    Clock Pessimism Removal (CPR):    0.240ns
  Clock Uncertainty:      0.035ns  ((TSJ^2 + TIJ^2)^1/2 + DJ) / 2 + PE
    Total System Jitter     (TSJ):    0.071ns
    Total Input Jitter      (TIJ):    0.000ns
    Discrete Jitter          (DJ):    0.000ns
    Phase Error              (PE):    0.000ns

    Location             Delay type                Incr(ns)  Path(ns)    Netlist Resource(s)
  -------------------------------------------------------------------    -------------------
                         (clock sys_clk_pin rise edge)
                                                      0.000     0.000 r  
    E3                                                0.000     0.000 r  CLK (IN)
                         net (fo=0)                   0.000     0.000    CLK
    E3                   IBUF (Prop_ibuf_I_O)         1.413     1.413 r  CLK_IBUF_inst/O
                         net (fo=1, routed)           1.717     3.130    CLK_IBUF
    BUFGCTRL_X0Y16       BUFG (Prop_bufg_I_O)         0.081     3.211 r  CLK_IBUF_BUFG_inst/O
                         net (fo=20, routed)          1.433     4.644    CLK_IBUF_BUFG
    SLICE_X7Y113         FDRE                                         r  clk_counter_reg[0]/C
  -------------------------------------------------------------------    -------------------
    SLICE_X7Y113         FDRE (Prop_fdre_C_Q)         0.379     5.023 f  clk_counter_reg[0]/Q
                         net (fo=2, routed)           0.406     5.429    clk_counter_reg[0]
    SLICE_X7Y113         LUT1 (Prop_lut1_I0_O)        0.105     5.534 r  clk_counter[0]_i_2/O
                         net (fo=1, routed)           0.000     5.534    clk_counter[0]_i_2_n_0
    SLICE_X7Y113         CARRY4 (Prop_carry4_S[0]_CO[3])
                                                      0.440     5.974 r  clk_counter_reg[0]_i_1/CO[3]
                         net (fo=1, routed)           0.000     5.974    clk_counter_reg[0]_i_1_n_0
    SLICE_X7Y114         CARRY4 (Prop_carry4_CI_CO[3])
                                                      0.098     6.072 r  clk_counter_reg[4]_i_1/CO[3]
                         net (fo=1, routed)           0.000     6.072    clk_counter_reg[4]_i_1_n_0
    SLICE_X7Y115         CARRY4 (Prop_carry4_CI_CO[3])
                                                      0.098     6.170 r  clk_counter_reg[8]_i_1/CO[3]
                         net (fo=1, routed)           0.000     6.170    clk_counter_reg[8]_i_1_n_0
    SLICE_X7Y116         CARRY4 (Prop_carry4_CI_CO[3])
                                                      0.098     6.268 r  clk_counter_reg[12]_i_1/CO[3]
                         net (fo=1, routed)           0.000     6.268    clk_counter_reg[12]_i_1_n_0
    SLICE_X7Y117         CARRY4 (Prop_carry4_CI_O[0])
                                                      0.181     6.449 r  clk_counter_reg[16]_i_1/O[0]
                         net (fo=1, routed)           0.000     6.449    clk_counter_reg[16]_i_1_n_7
    SLICE_X7Y117         FDRE                                         r  clk_counter_reg[16]/D
  -------------------------------------------------------------------    -------------------

                         (clock sys_clk_pin rise edge)
                                                     10.000    10.000 r  
    E3                                                0.000    10.000 r  CLK (IN)
                         net (fo=0)                   0.000    10.000    CLK
    E3                   IBUF (Prop_ibuf_I_O)         1.347    11.347 r  CLK_IBUF_inst/O
                         net (fo=1, routed)           1.628    12.975    CLK_IBUF
    BUFGCTRL_X0Y16       BUFG (Prop_bufg_I_O)         0.077    13.052 r  CLK_IBUF_BUFG_inst/O
                         net (fo=20, routed)          1.322    14.374    CLK_IBUF_BUFG
    SLICE_X7Y117         FDRE                                         r  clk_counter_reg[16]/C
                         clock pessimism              0.240    14.614    
                         clock uncertainty           -0.035    14.579    
    SLICE_X7Y117         FDRE (Setup_fdre_C_D)        0.059    14.638    clk_counter_reg[16]
  -------------------------------------------------------------------
                         required time                         14.638    
                         arrival time                          -6.449    
  -------------------------------------------------------------------
                         slack                                  8.189    

Slack (MET) :             8.204ns  (required time - arrival time)
  Source:                 clk_counter_reg[0]/C
                            (rising edge-triggered cell FDRE clocked by sys_clk_pin  {rise@0.000ns fall@5.000ns period=10.000ns})
  Destination:            clk_counter_reg[13]/D
                            (rising edge-triggered cell FDRE clocked by sys_clk_pin  {rise@0.000ns fall@5.000ns period=10.000ns})
  Path Group:             sys_clk_pin
  Path Type:              Setup (Max at Slow Process Corner)
  Requirement:            10.000ns  (sys_clk_pin rise@10.000ns - sys_clk_pin rise@0.000ns)
  Data Path Delay:        1.791ns  (logic 1.385ns (77.336%)  route 0.406ns (22.664%))
  Logic Levels:           5  (CARRY4=4 LUT1=1)
  Clock Path Skew:        -0.029ns (DCD - SCD + CPR)
    Destination Clock Delay (DCD):    4.375ns = ( 14.375 - 10.000 ) 
    Source Clock Delay      (SCD):    4.644ns
    Clock Pessimism Removal (CPR):    0.240ns
  Clock Uncertainty:      0.035ns  ((TSJ^2 + TIJ^2)^1/2 + DJ) / 2 + PE
    Total System Jitter     (TSJ):    0.071ns
    Total Input Jitter      (TIJ):    0.000ns
    Discrete Jitter          (DJ):    0.000ns
    Phase Error              (PE):    0.000ns

    Location             Delay type                Incr(ns)  Path(ns)    Netlist Resource(s)
  -------------------------------------------------------------------    -------------------
                         (clock sys_clk_pin rise edge)
                                                      0.000     0.000 r  
    E3                                                0.000     0.000 r  CLK (IN)
                         net (fo=0)                   0.000     0.000    CLK
    E3                   IBUF (Prop_ibuf_I_O)         1.413     1.413 r  CLK_IBUF_inst/O
                         net (fo=1, routed)           1.717     3.130    CLK_IBUF
    BUFGCTRL_X0Y16       BUFG (Prop_bufg_I_O)         0.081     3.211 r  CLK_IBUF_BUFG_inst/O
                         net (fo=20, routed)          1.433     4.644    CLK_IBUF_BUFG
    SLICE_X7Y113         FDRE                                         r  clk_counter_reg[0]/C
  -------------------------------------------------------------------    -------------------
    SLICE_X7Y113         FDRE (Prop_fdre_C_Q)         0.379     5.023 f  clk_counter_reg[0]/Q
                         net (fo=2, routed)           0.406     5.429    clk_counter_reg[0]
    SLICE_X7Y113         LUT1 (Prop_lut1_I0_O)        0.105     5.534 r  clk_counter[0]_i_2/O
                         net (fo=1, routed)           0.000     5.534    clk_counter[0]_i_2_n_0
    SLICE_X7Y113         CARRY4 (Prop_carry4_S[0]_CO[3])
                                                      0.440     5.974 r  clk_counter_reg[0]_i_1/CO[3]
                         net (fo=1, routed)           0.000     5.974    clk_counter_reg[0]_i_1_n_0
    SLICE_X7Y114         CARRY4 (Prop_carry4_CI_CO[3])
                                                      0.098     6.072 r  clk_counter_reg[4]_i_1/CO[3]
                         net (fo=1, routed)           0.000     6.072    clk_counter_reg[4]_i_1_n_0
    SLICE_X7Y115         CARRY4 (Prop_carry4_CI_CO[3])
                                                      0.098     6.170 r  clk_counter_reg[8]_i_1/CO[3]
                         net (fo=1, routed)           0.000     6.170    clk_counter_reg[8]_i_1_n_0
    SLICE_X7Y116         CARRY4 (Prop_carry4_CI_O[1])
                                                      0.265     6.435 r  clk_counter_reg[12]_i_1/O[1]
                         net (fo=1, routed)           0.000     6.435    clk_counter_reg[12]_i_1_n_6
    SLICE_X7Y116         FDRE                                         r  clk_counter_reg[13]/D
  -------------------------------------------------------------------    -------------------

                         (clock sys_clk_pin rise edge)
                                                     10.000    10.000 r  
    E3                                                0.000    10.000 r  CLK (IN)
                         net (fo=0)                   0.000    10.000    CLK
    E3                   IBUF (Prop_ibuf_I_O)         1.347    11.347 r  CLK_IBUF_inst/O
                         net (fo=1, routed)           1.628    12.975    CLK_IBUF
    BUFGCTRL_X0Y16       BUFG (Prop_bufg_I_O)         0.077    13.052 r  CLK_IBUF_BUFG_inst/O
                         net (fo=20, routed)          1.323    14.375    CLK_IBUF_BUFG
    SLICE_X7Y116         FDRE                                         r  clk_counter_reg[13]/C
                         clock pessimism              0.240    14.615    
                         clock uncertainty           -0.035    14.580    
    SLICE_X7Y116         FDRE (Setup_fdre_C_D)        0.059    14.639    clk_counter_reg[13]
  -------------------------------------------------------------------
                         required time                         14.639    
                         arrival time                          -6.435    
  -------------------------------------------------------------------
                         slack                                  8.204    

Slack (MET) :             8.209ns  (required time - arrival time)
  Source:                 clk_counter_reg[0]/C
                            (rising edge-triggered cell FDRE clocked by sys_clk_pin  {rise@0.000ns fall@5.000ns period=10.000ns})
  Destination:            clk_counter_reg[15]/D
                            (rising edge-triggered cell FDRE clocked by sys_clk_pin  {rise@0.000ns fall@5.000ns period=10.000ns})
  Path Group:             sys_clk_pin
  Path Type:              Setup (Max at Slow Process Corner)
  Requirement:            10.000ns  (sys_clk_pin rise@10.000ns - sys_clk_pin rise@0.000ns)
  Data Path Delay:        1.786ns  (logic 1.380ns (77.272%)  route 0.406ns (22.728%))
  Logic Levels:           5  (CARRY4=4 LUT1=1)
  Clock Path Skew:        -0.029ns (DCD - SCD + CPR)
    Destination Clock Delay (DCD):    4.375ns = ( 14.375 - 10.000 ) 
    Source Clock Delay      (SCD):    4.644ns
    Clock Pessimism Removal (CPR):    0.240ns
  Clock Uncertainty:      0.035ns  ((TSJ^2 + TIJ^2)^1/2 + DJ) / 2 + PE
    Total System Jitter     (TSJ):    0.071ns
    Total Input Jitter      (TIJ):    0.000ns
    Discrete Jitter          (DJ):    0.000ns
    Phase Error              (PE):    0.000ns

    Location             Delay type                Incr(ns)  Path(ns)    Netlist Resource(s)
  -------------------------------------------------------------------    -------------------
                         (clock sys_clk_pin rise edge)
                                                      0.000     0.000 r  
    E3                                                0.000     0.000 r  CLK (IN)
                         net (fo=0)                   0.000     0.000    CLK
    E3                   IBUF (Prop_ibuf_I_O)         1.413     1.413 r  CLK_IBUF_inst/O
                         net (fo=1, routed)           1.717     3.130    CLK_IBUF
    BUFGCTRL_X0Y16       BUFG (Prop_bufg_I_O)         0.081     3.211 r  CLK_IBUF_BUFG_inst/O
                         net (fo=20, routed)          1.433     4.644    CLK_IBUF_BUFG
    SLICE_X7Y113         FDRE                                         r  clk_counter_reg[0]/C
  -------------------------------------------------------------------    -------------------
    SLICE_X7Y113         FDRE (Prop_fdre_C_Q)         0.379     5.023 f  clk_counter_reg[0]/Q
                         net (fo=2, routed)           0.406     5.429    clk_counter_reg[0]
    SLICE_X7Y113         LUT1 (Prop_lut1_I0_O)        0.105     5.534 r  clk_counter[0]_i_2/O
                         net (fo=1, routed)           0.000     5.534    clk_counter[0]_i_2_n_0
    SLICE_X7Y113         CARRY4 (Prop_carry4_S[0]_CO[3])
                                                      0.440     5.974 r  clk_counter_reg[0]_i_1/CO[3]
                         net (fo=1, routed)           0.000     5.974    clk_counter_reg[0]_i_1_n_0
    SLICE_X7Y114         CARRY4 (Prop_carry4_CI_CO[3])
                                                      0.098     6.072 r  clk_counter_reg[4]_i_1/CO[3]
                         net (fo=1, routed)           0.000     6.072    clk_counter_reg[4]_i_1_n_0
    SLICE_X7Y115         CARRY4 (Prop_carry4_CI_CO[3])
                                                      0.098     6.170 r  clk_counter_reg[8]_i_1/CO[3]
                         net (fo=1, routed)           0.000     6.170    clk_counter_reg[8]_i_1_n_0
    SLICE_X7Y116         CARRY4 (Prop_carry4_CI_O[3])
                                                      0.260     6.430 r  clk_counter_reg[12]_i_1/O[3]
                         net (fo=1, routed)           0.000     6.430    clk_counter_reg[12]_i_1_n_4
    SLICE_X7Y116         FDRE                                         r  clk_counter_reg[15]/D
  -------------------------------------------------------------------    -------------------

                         (clock sys_clk_pin rise edge)
                                                     10.000    10.000 r  
    E3                                                0.000    10.000 r  CLK (IN)
                         net (fo=0)                   0.000    10.000    CLK
    E3                   IBUF (Prop_ibuf_I_O)         1.347    11.347 r  CLK_IBUF_inst/O
                         net (fo=1, routed)           1.628    12.975    CLK_IBUF
    BUFGCTRL_X0Y16       BUFG (Prop_bufg_I_O)         0.077    13.052 r  CLK_IBUF_BUFG_inst/O
                         net (fo=20, routed)          1.323    14.375    CLK_IBUF_BUFG
    SLICE_X7Y116         FDRE                                         r  clk_counter_reg[15]/C
                         clock pessimism              0.240    14.615    
                         clock uncertainty           -0.035    14.580    
    SLICE_X7Y116         FDRE (Setup_fdre_C_D)        0.059    14.639    clk_counter_reg[15]
  -------------------------------------------------------------------
                         required time                         14.639    
                         arrival time                          -6.430    
  -------------------------------------------------------------------
                         slack                                  8.209    

Slack (MET) :             8.259ns  (required time - arrival time)
  Source:                 clk_counter_reg[11]/C
                            (rising edge-triggered cell FDRE clocked by sys_clk_pin  {rise@0.000ns fall@5.000ns period=10.000ns})
  Destination:            counter_reg[0]/D
                            (rising edge-triggered cell FDRE clocked by sys_clk_pin  {rise@0.000ns fall@5.000ns period=10.000ns})
  Path Group:             sys_clk_pin
  Path Type:              Setup (Max at Slow Process Corner)
  Requirement:            10.000ns  (sys_clk_pin rise@10.000ns - sys_clk_pin rise@0.000ns)
  Data Path Delay:        1.753ns  (logic 0.589ns (33.593%)  route 1.164ns (66.407%))
  Logic Levels:           2  (LUT4=1 LUT6=1)
  Clock Path Skew:        -0.024ns (DCD - SCD + CPR)
    Destination Clock Delay (DCD):    4.375ns = ( 14.375 - 10.000 ) 
    Source Clock Delay      (SCD):    4.641ns
    Clock Pessimism Removal (CPR):    0.242ns
  Clock Uncertainty:      0.035ns  ((TSJ^2 + TIJ^2)^1/2 + DJ) / 2 + PE
    Total System Jitter     (TSJ):    0.071ns
    Total Input Jitter      (TIJ):    0.000ns
    Discrete Jitter          (DJ):    0.000ns
    Phase Error              (PE):    0.000ns

    Location             Delay type                Incr(ns)  Path(ns)    Netlist Resource(s)
  -------------------------------------------------------------------    -------------------
                         (clock sys_clk_pin rise edge)
                                                      0.000     0.000 r  
    E3                                                0.000     0.000 r  CLK (IN)
                         net (fo=0)                   0.000     0.000    CLK
    E3                   IBUF (Prop_ibuf_I_O)         1.413     1.413 r  CLK_IBUF_inst/O
                         net (fo=1, routed)           1.717     3.130    CLK_IBUF
    BUFGCTRL_X0Y16       BUFG (Prop_bufg_I_O)         0.081     3.211 r  CLK_IBUF_BUFG_inst/O
                         net (fo=20, routed)          1.430     4.641    CLK_IBUF_BUFG
    SLICE_X7Y115         FDRE                                         r  clk_counter_reg[11]/C
  -------------------------------------------------------------------    -------------------
    SLICE_X7Y115         FDRE (Prop_fdre_C_Q)         0.379     5.020 f  clk_counter_reg[11]/Q
                         net (fo=2, routed)           0.683     5.703    clk_counter_reg[11]
    SLICE_X6Y116         LUT6 (Prop_lut6_I2_O)        0.105     5.808 r  counter[2]_i_4/O
                         net (fo=3, routed)           0.481     6.289    counter[2]_i_4_n_0
    SLICE_X6Y115         LUT4 (Prop_lut4_I0_O)        0.105     6.394 r  counter[0]_i_1/O
                         net (fo=1, routed)           0.000     6.394    counter[0]_i_1_n_0
    SLICE_X6Y115         FDRE                                         r  counter_reg[0]/D
  -------------------------------------------------------------------    -------------------

                         (clock sys_clk_pin rise edge)
                                                     10.000    10.000 r  
    E3                                                0.000    10.000 r  CLK (IN)
                         net (fo=0)                   0.000    10.000    CLK
    E3                   IBUF (Prop_ibuf_I_O)         1.347    11.347 r  CLK_IBUF_inst/O
                         net (fo=1, routed)           1.628    12.975    CLK_IBUF
    BUFGCTRL_X0Y16       BUFG (Prop_bufg_I_O)         0.077    13.052 r  CLK_IBUF_BUFG_inst/O
                         net (fo=20, routed)          1.323    14.375    CLK_IBUF_BUFG
    SLICE_X6Y115         FDRE                                         r  counter_reg[0]/C
                         clock pessimism              0.242    14.617    
                         clock uncertainty           -0.035    14.582    
    SLICE_X6Y115         FDRE (Setup_fdre_C_D)        0.072    14.654    counter_reg[0]
  -------------------------------------------------------------------
                         required time                         14.654    
                         arrival time                          -6.394    
  -------------------------------------------------------------------
                         slack                                  8.259    

Slack (MET) :             8.267ns  (required time - arrival time)
  Source:                 clk_counter_reg[11]/C
                            (rising edge-triggered cell FDRE clocked by sys_clk_pin  {rise@0.000ns fall@5.000ns period=10.000ns})
  Destination:            counter_reg[2]/D
                            (rising edge-triggered cell FDRE clocked by sys_clk_pin  {rise@0.000ns fall@5.000ns period=10.000ns})
  Path Group:             sys_clk_pin
  Path Type:              Setup (Max at Slow Process Corner)
  Requirement:            10.000ns  (sys_clk_pin rise@10.000ns - sys_clk_pin rise@0.000ns)
  Data Path Delay:        1.749ns  (logic 0.589ns (33.669%)  route 1.160ns (66.331%))
  Logic Levels:           2  (LUT6=2)
  Clock Path Skew:        -0.024ns (DCD - SCD + CPR)
    Destination Clock Delay (DCD):    4.375ns = ( 14.375 - 10.000 ) 
    Source Clock Delay      (SCD):    4.641ns
    Clock Pessimism Removal (CPR):    0.242ns
  Clock Uncertainty:      0.035ns  ((TSJ^2 + TIJ^2)^1/2 + DJ) / 2 + PE
    Total System Jitter     (TSJ):    0.071ns
    Total Input Jitter      (TIJ):    0.000ns
    Discrete Jitter          (DJ):    0.000ns
    Phase Error              (PE):    0.000ns

    Location             Delay type                Incr(ns)  Path(ns)    Netlist Resource(s)
  -------------------------------------------------------------------    -------------------
                         (clock sys_clk_pin rise edge)
                                                      0.000     0.000 r  
    E3                                                0.000     0.000 r  CLK (IN)
                         net (fo=0)                   0.000     0.000    CLK
    E3                   IBUF (Prop_ibuf_I_O)         1.413     1.413 r  CLK_IBUF_inst/O
                         net (fo=1, routed)           1.717     3.130    CLK_IBUF
    BUFGCTRL_X0Y16       BUFG (Prop_bufg_I_O)         0.081     3.211 r  CLK_IBUF_BUFG_inst/O
                         net (fo=20, routed)          1.430     4.641    CLK_IBUF_BUFG
    SLICE_X7Y115         FDRE                                         r  clk_counter_reg[11]/C
  -------------------------------------------------------------------    -------------------
    SLICE_X7Y115         FDRE (Prop_fdre_C_Q)         0.379     5.020 f  clk_counter_reg[11]/Q
                         net (fo=2, routed)           0.683     5.703    clk_counter_reg[11]
    SLICE_X6Y116         LUT6 (Prop_lut6_I2_O)        0.105     5.808 r  counter[2]_i_4/O
                         net (fo=3, routed)           0.477     6.285    counter[2]_i_4_n_0
    SLICE_X6Y115         LUT6 (Prop_lut6_I4_O)        0.105     6.390 r  counter[2]_i_1/O
                         net (fo=1, routed)           0.000     6.390    counter[2]_i_1_n_0
    SLICE_X6Y115         FDRE                                         r  counter_reg[2]/D
  -------------------------------------------------------------------    -------------------

                         (clock sys_clk_pin rise edge)
                                                     10.000    10.000 r  
    E3                                                0.000    10.000 r  CLK (IN)
                         net (fo=0)                   0.000    10.000    CLK
    E3                   IBUF (Prop_ibuf_I_O)         1.347    11.347 r  CLK_IBUF_inst/O
                         net (fo=1, routed)           1.628    12.975    CLK_IBUF
    BUFGCTRL_X0Y16       BUFG (Prop_bufg_I_O)         0.077    13.052 r  CLK_IBUF_BUFG_inst/O
                         net (fo=20, routed)          1.323    14.375    CLK_IBUF_BUFG
    SLICE_X6Y115         FDRE                                         r  counter_reg[2]/C
                         clock pessimism              0.242    14.617    
                         clock uncertainty           -0.035    14.582    
    SLICE_X6Y115         FDRE (Setup_fdre_C_D)        0.076    14.658    counter_reg[2]
  -------------------------------------------------------------------
                         required time                         14.658    
                         arrival time                          -6.390    
  -------------------------------------------------------------------
                         slack                                  8.267    

Slack (MET) :             8.269ns  (required time - arrival time)
  Source:                 clk_counter_reg[0]/C
                            (rising edge-triggered cell FDRE clocked by sys_clk_pin  {rise@0.000ns fall@5.000ns period=10.000ns})
  Destination:            clk_counter_reg[14]/D
                            (rising edge-triggered cell FDRE clocked by sys_clk_pin  {rise@0.000ns fall@5.000ns period=10.000ns})
  Path Group:             sys_clk_pin
  Path Type:              Setup (Max at Slow Process Corner)
  Requirement:            10.000ns  (sys_clk_pin rise@10.000ns - sys_clk_pin rise@0.000ns)
  Data Path Delay:        1.726ns  (logic 1.320ns (76.482%)  route 0.406ns (23.518%))
  Logic Levels:           5  (CARRY4=4 LUT1=1)
  Clock Path Skew:        -0.029ns (DCD - SCD + CPR)
    Destination Clock Delay (DCD):    4.375ns = ( 14.375 - 10.000 ) 
    Source Clock Delay      (SCD):    4.644ns
    Clock Pessimism Removal (CPR):    0.240ns
  Clock Uncertainty:      0.035ns  ((TSJ^2 + TIJ^2)^1/2 + DJ) / 2 + PE
    Total System Jitter     (TSJ):    0.071ns
    Total Input Jitter      (TIJ):    0.000ns
    Discrete Jitter          (DJ):    0.000ns
    Phase Error              (PE):    0.000ns

    Location             Delay type                Incr(ns)  Path(ns)    Netlist Resource(s)
  -------------------------------------------------------------------    -------------------
                         (clock sys_clk_pin rise edge)
                                                      0.000     0.000 r  
    E3                                                0.000     0.000 r  CLK (IN)
                         net (fo=0)                   0.000     0.000    CLK
    E3                   IBUF (Prop_ibuf_I_O)         1.413     1.413 r  CLK_IBUF_inst/O
                         net (fo=1, routed)           1.717     3.130    CLK_IBUF
    BUFGCTRL_X0Y16       BUFG (Prop_bufg_I_O)         0.081     3.211 r  CLK_IBUF_BUFG_inst/O
                         net (fo=20, routed)          1.433     4.644    CLK_IBUF_BUFG
    SLICE_X7Y113         FDRE                                         r  clk_counter_reg[0]/C
  -------------------------------------------------------------------    -------------------
    SLICE_X7Y113         FDRE (Prop_fdre_C_Q)         0.379     5.023 f  clk_counter_reg[0]/Q
                         net (fo=2, routed)           0.406     5.429    clk_counter_reg[0]
    SLICE_X7Y113         LUT1 (Prop_lut1_I0_O)        0.105     5.534 r  clk_counter[0]_i_2/O
                         net (fo=1, routed)           0.000     5.534    clk_counter[0]_i_2_n_0
    SLICE_X7Y113         CARRY4 (Prop_carry4_S[0]_CO[3])
                                                      0.440     5.974 r  clk_counter_reg[0]_i_1/CO[3]
                         net (fo=1, routed)           0.000     5.974    clk_counter_reg[0]_i_1_n_0
    SLICE_X7Y114         CARRY4 (Prop_carry4_CI_CO[3])
                                                      0.098     6.072 r  clk_counter_reg[4]_i_1/CO[3]
                         net (fo=1, routed)           0.000     6.072    clk_counter_reg[4]_i_1_n_0
    SLICE_X7Y115         CARRY4 (Prop_carry4_CI_CO[3])
                                                      0.098     6.170 r  clk_counter_reg[8]_i_1/CO[3]
                         net (fo=1, routed)           0.000     6.170    clk_counter_reg[8]_i_1_n_0
    SLICE_X7Y116         CARRY4 (Prop_carry4_CI_O[2])
                                                      0.200     6.370 r  clk_counter_reg[12]_i_1/O[2]
                         net (fo=1, routed)           0.000     6.370    clk_counter_reg[12]_i_1_n_5
    SLICE_X7Y116         FDRE                                         r  clk_counter_reg[14]/D
  -------------------------------------------------------------------    -------------------

                         (clock sys_clk_pin rise edge)
                                                     10.000    10.000 r  
    E3                                                0.000    10.000 r  CLK (IN)
                         net (fo=0)                   0.000    10.000    CLK
    E3                   IBUF (Prop_ibuf_I_O)         1.347    11.347 r  CLK_IBUF_inst/O
                         net (fo=1, routed)           1.628    12.975    CLK_IBUF
    BUFGCTRL_X0Y16       BUFG (Prop_bufg_I_O)         0.077    13.052 r  CLK_IBUF_BUFG_inst/O
                         net (fo=20, routed)          1.323    14.375    CLK_IBUF_BUFG
    SLICE_X7Y116         FDRE                                         r  clk_counter_reg[14]/C
                         clock pessimism              0.240    14.615    
                         clock uncertainty           -0.035    14.580    
    SLICE_X7Y116         FDRE (Setup_fdre_C_D)        0.059    14.639    clk_counter_reg[14]
  -------------------------------------------------------------------
                         required time                         14.639    
                         arrival time                          -6.370    
  -------------------------------------------------------------------
                         slack                                  8.269    

Slack (MET) :             8.273ns  (required time - arrival time)
  Source:                 clk_counter_reg[11]/C
                            (rising edge-triggered cell FDRE clocked by sys_clk_pin  {rise@0.000ns fall@5.000ns period=10.000ns})
  Destination:            counter_reg[1]/D
                            (rising edge-triggered cell FDRE clocked by sys_clk_pin  {rise@0.000ns fall@5.000ns period=10.000ns})
  Path Group:             sys_clk_pin
  Path Type:              Setup (Max at Slow Process Corner)
  Requirement:            10.000ns  (sys_clk_pin rise@10.000ns - sys_clk_pin rise@0.000ns)
  Data Path Delay:        1.773ns  (logic 0.609ns (34.342%)  route 1.164ns (65.658%))
  Logic Levels:           2  (LUT5=1 LUT6=1)
  Clock Path Skew:        -0.024ns (DCD - SCD + CPR)
    Destination Clock Delay (DCD):    4.375ns = ( 14.375 - 10.000 ) 
    Source Clock Delay      (SCD):    4.641ns
    Clock Pessimism Removal (CPR):    0.242ns
  Clock Uncertainty:      0.035ns  ((TSJ^2 + TIJ^2)^1/2 + DJ) / 2 + PE
    Total System Jitter     (TSJ):    0.071ns
    Total Input Jitter      (TIJ):    0.000ns
    Discrete Jitter          (DJ):    0.000ns
    Phase Error              (PE):    0.000ns

    Location             Delay type                Incr(ns)  Path(ns)    Netlist Resource(s)
  -------------------------------------------------------------------    -------------------
                         (clock sys_clk_pin rise edge)
                                                      0.000     0.000 r  
    E3                                                0.000     0.000 r  CLK (IN)
                         net (fo=0)                   0.000     0.000    CLK
    E3                   IBUF (Prop_ibuf_I_O)         1.413     1.413 r  CLK_IBUF_inst/O
                         net (fo=1, routed)           1.717     3.130    CLK_IBUF
    BUFGCTRL_X0Y16       BUFG (Prop_bufg_I_O)         0.081     3.211 r  CLK_IBUF_BUFG_inst/O
                         net (fo=20, routed)          1.430     4.641    CLK_IBUF_BUFG
    SLICE_X7Y115         FDRE                                         r  clk_counter_reg[11]/C
  -------------------------------------------------------------------    -------------------
    SLICE_X7Y115         FDRE (Prop_fdre_C_Q)         0.379     5.020 f  clk_counter_reg[11]/Q
                         net (fo=2, routed)           0.683     5.703    clk_counter_reg[11]
    SLICE_X6Y116         LUT6 (Prop_lut6_I2_O)        0.105     5.808 r  counter[2]_i_4/O
                         net (fo=3, routed)           0.481     6.289    counter[2]_i_4_n_0
    SLICE_X6Y115         LUT5 (Prop_lut5_I3_O)        0.125     6.414 r  counter[1]_i_1/O
                         net (fo=1, routed)           0.000     6.414    counter[1]_i_1_n_0
    SLICE_X6Y115         FDRE                                         r  counter_reg[1]/D
  -------------------------------------------------------------------    -------------------

                         (clock sys_clk_pin rise edge)
                                                     10.000    10.000 r  
    E3                                                0.000    10.000 r  CLK (IN)
                         net (fo=0)                   0.000    10.000    CLK
    E3                   IBUF (Prop_ibuf_I_O)         1.347    11.347 r  CLK_IBUF_inst/O
                         net (fo=1, routed)           1.628    12.975    CLK_IBUF
    BUFGCTRL_X0Y16       BUFG (Prop_bufg_I_O)         0.077    13.052 r  CLK_IBUF_BUFG_inst/O
                         net (fo=20, routed)          1.323    14.375    CLK_IBUF_BUFG
    SLICE_X6Y115         FDRE                                         r  counter_reg[1]/C
                         clock pessimism              0.242    14.617    
                         clock uncertainty           -0.035    14.582    
    SLICE_X6Y115         FDRE (Setup_fdre_C_D)        0.106    14.688    counter_reg[1]
  -------------------------------------------------------------------
                         required time                         14.688    
                         arrival time                          -6.414    
  -------------------------------------------------------------------
                         slack                                  8.273    

Slack (MET) :             8.288ns  (required time - arrival time)
  Source:                 clk_counter_reg[0]/C
                            (rising edge-triggered cell FDRE clocked by sys_clk_pin  {rise@0.000ns fall@5.000ns period=10.000ns})
  Destination:            clk_counter_reg[12]/D
                            (rising edge-triggered cell FDRE clocked by sys_clk_pin  {rise@0.000ns fall@5.000ns period=10.000ns})
  Path Group:             sys_clk_pin
  Path Type:              Setup (Max at Slow Process Corner)
  Requirement:            10.000ns  (sys_clk_pin rise@10.000ns - sys_clk_pin rise@0.000ns)
  Data Path Delay:        1.707ns  (logic 1.301ns (76.220%)  route 0.406ns (23.780%))
  Logic Levels:           5  (CARRY4=4 LUT1=1)
  Clock Path Skew:        -0.029ns (DCD - SCD + CPR)
    Destination Clock Delay (DCD):    4.375ns = ( 14.375 - 10.000 ) 
    Source Clock Delay      (SCD):    4.644ns
    Clock Pessimism Removal (CPR):    0.240ns
  Clock Uncertainty:      0.035ns  ((TSJ^2 + TIJ^2)^1/2 + DJ) / 2 + PE
    Total System Jitter     (TSJ):    0.071ns
    Total Input Jitter      (TIJ):    0.000ns
    Discrete Jitter          (DJ):    0.000ns
    Phase Error              (PE):    0.000ns

    Location             Delay type                Incr(ns)  Path(ns)    Netlist Resource(s)
  -------------------------------------------------------------------    -------------------
                         (clock sys_clk_pin rise edge)
                                                      0.000     0.000 r  
    E3                                                0.000     0.000 r  CLK (IN)
                         net (fo=0)                   0.000     0.000    CLK
    E3                   IBUF (Prop_ibuf_I_O)         1.413     1.413 r  CLK_IBUF_inst/O
                         net (fo=1, routed)           1.717     3.130    CLK_IBUF
    BUFGCTRL_X0Y16       BUFG (Prop_bufg_I_O)         0.081     3.211 r  CLK_IBUF_BUFG_inst/O
                         net (fo=20, routed)          1.433     4.644    CLK_IBUF_BUFG
    SLICE_X7Y113         FDRE                                         r  clk_counter_reg[0]/C
  -------------------------------------------------------------------    -------------------
    SLICE_X7Y113         FDRE (Prop_fdre_C_Q)         0.379     5.023 f  clk_counter_reg[0]/Q
                         net (fo=2, routed)           0.406     5.429    clk_counter_reg[0]
    SLICE_X7Y113         LUT1 (Prop_lut1_I0_O)        0.105     5.534 r  clk_counter[0]_i_2/O
                         net (fo=1, routed)           0.000     5.534    clk_counter[0]_i_2_n_0
    SLICE_X7Y113         CARRY4 (Prop_carry4_S[0]_CO[3])
                                                      0.440     5.974 r  clk_counter_reg[0]_i_1/CO[3]
                         net (fo=1, routed)           0.000     5.974    clk_counter_reg[0]_i_1_n_0
    SLICE_X7Y114         CARRY4 (Prop_carry4_CI_CO[3])
                                                      0.098     6.072 r  clk_counter_reg[4]_i_1/CO[3]
                         net (fo=1, routed)           0.000     6.072    clk_counter_reg[4]_i_1_n_0
    SLICE_X7Y115         CARRY4 (Prop_carry4_CI_CO[3])
                                                      0.098     6.170 r  clk_counter_reg[8]_i_1/CO[3]
                         net (fo=1, routed)           0.000     6.170    clk_counter_reg[8]_i_1_n_0
    SLICE_X7Y116         CARRY4 (Prop_carry4_CI_O[0])
                                                      0.181     6.351 r  clk_counter_reg[12]_i_1/O[0]
                         net (fo=1, routed)           0.000     6.351    clk_counter_reg[12]_i_1_n_7
    SLICE_X7Y116         FDRE                                         r  clk_counter_reg[12]/D
  -------------------------------------------------------------------    -------------------

                         (clock sys_clk_pin rise edge)
                                                     10.000    10.000 r  
    E3                                                0.000    10.000 r  CLK (IN)
                         net (fo=0)                   0.000    10.000    CLK
    E3                   IBUF (Prop_ibuf_I_O)         1.347    11.347 r  CLK_IBUF_inst/O
                         net (fo=1, routed)           1.628    12.975    CLK_IBUF
    BUFGCTRL_X0Y16       BUFG (Prop_bufg_I_O)         0.077    13.052 r  CLK_IBUF_BUFG_inst/O
                         net (fo=20, routed)          1.323    14.375    CLK_IBUF_BUFG
    SLICE_X7Y116         FDRE                                         r  clk_counter_reg[12]/C
                         clock pessimism              0.240    14.615    
                         clock uncertainty           -0.035    14.580    
    SLICE_X7Y116         FDRE (Setup_fdre_C_D)        0.059    14.639    clk_counter_reg[12]
  -------------------------------------------------------------------
                         required time                         14.639    
                         arrival time                          -6.351    
  -------------------------------------------------------------------
                         slack                                  8.288    

Slack (MET) :             8.302ns  (required time - arrival time)
  Source:                 clk_counter_reg[0]/C
                            (rising edge-triggered cell FDRE clocked by sys_clk_pin  {rise@0.000ns fall@5.000ns period=10.000ns})
  Destination:            clk_counter_reg[9]/D
                            (rising edge-triggered cell FDRE clocked by sys_clk_pin  {rise@0.000ns fall@5.000ns period=10.000ns})
  Path Group:             sys_clk_pin
  Path Type:              Setup (Max at Slow Process Corner)
  Requirement:            10.000ns  (sys_clk_pin rise@10.000ns - sys_clk_pin rise@0.000ns)
  Data Path Delay:        1.693ns  (logic 1.287ns (76.024%)  route 0.406ns (23.976%))
  Logic Levels:           4  (CARRY4=3 LUT1=1)
  Clock Path Skew:        -0.029ns (DCD - SCD + CPR)
    Destination Clock Delay (DCD):    4.375ns = ( 14.375 - 10.000 ) 
    Source Clock Delay      (SCD):    4.644ns
    Clock Pessimism Removal (CPR):    0.240ns
  Clock Uncertainty:      0.035ns  ((TSJ^2 + TIJ^2)^1/2 + DJ) / 2 + PE
    Total System Jitter     (TSJ):    0.071ns
    Total Input Jitter      (TIJ):    0.000ns
    Discrete Jitter          (DJ):    0.000ns
    Phase Error              (PE):    0.000ns

    Location             Delay type                Incr(ns)  Path(ns)    Netlist Resource(s)
  -------------------------------------------------------------------    -------------------
                         (clock sys_clk_pin rise edge)
                                                      0.000     0.000 r  
    E3                                                0.000     0.000 r  CLK (IN)
                         net (fo=0)                   0.000     0.000    CLK
    E3                   IBUF (Prop_ibuf_I_O)         1.413     1.413 r  CLK_IBUF_inst/O
                         net (fo=1, routed)           1.717     3.130    CLK_IBUF
    BUFGCTRL_X0Y16       BUFG (Prop_bufg_I_O)         0.081     3.211 r  CLK_IBUF_BUFG_inst/O
                         net (fo=20, routed)          1.433     4.644    CLK_IBUF_BUFG
    SLICE_X7Y113         FDRE                                         r  clk_counter_reg[0]/C
  -------------------------------------------------------------------    -------------------
    SLICE_X7Y113         FDRE (Prop_fdre_C_Q)         0.379     5.023 f  clk_counter_reg[0]/Q
                         net (fo=2, routed)           0.406     5.429    clk_counter_reg[0]
    SLICE_X7Y113         LUT1 (Prop_lut1_I0_O)        0.105     5.534 r  clk_counter[0]_i_2/O
                         net (fo=1, routed)           0.000     5.534    clk_counter[0]_i_2_n_0
    SLICE_X7Y113         CARRY4 (Prop_carry4_S[0]_CO[3])
                                                      0.440     5.974 r  clk_counter_reg[0]_i_1/CO[3]
                         net (fo=1, routed)           0.000     5.974    clk_counter_reg[0]_i_1_n_0
    SLICE_X7Y114         CARRY4 (Prop_carry4_CI_CO[3])
                                                      0.098     6.072 r  clk_counter_reg[4]_i_1/CO[3]
                         net (fo=1, routed)           0.000     6.072    clk_counter_reg[4]_i_1_n_0
    SLICE_X7Y115         CARRY4 (Prop_carry4_CI_O[1])
                                                      0.265     6.337 r  clk_counter_reg[8]_i_1/O[1]
                         net (fo=1, routed)           0.000     6.337    clk_counter_reg[8]_i_1_n_6
    SLICE_X7Y115         FDRE                                         r  clk_counter_reg[9]/D
  -------------------------------------------------------------------    -------------------

                         (clock sys_clk_pin rise edge)
                                                     10.000    10.000 r  
    E3                                                0.000    10.000 r  CLK (IN)
                         net (fo=0)                   0.000    10.000    CLK
    E3                   IBUF (Prop_ibuf_I_O)         1.347    11.347 r  CLK_IBUF_inst/O
                         net (fo=1, routed)           1.628    12.975    CLK_IBUF
    BUFGCTRL_X0Y16       BUFG (Prop_bufg_I_O)         0.077    13.052 r  CLK_IBUF_BUFG_inst/O
                         net (fo=20, routed)          1.323    14.375    CLK_IBUF_BUFG
    SLICE_X7Y115         FDRE                                         r  clk_counter_reg[9]/C
                         clock pessimism              0.240    14.615    
                         clock uncertainty           -0.035    14.580    
    SLICE_X7Y115         FDRE (Setup_fdre_C_D)        0.059    14.639    clk_counter_reg[9]
  -------------------------------------------------------------------
                         required time                         14.639    
                         arrival time                          -6.337    
  -------------------------------------------------------------------
                         slack                                  8.302    

Slack (MET) :             8.307ns  (required time - arrival time)
  Source:                 clk_counter_reg[0]/C
                            (rising edge-triggered cell FDRE clocked by sys_clk_pin  {rise@0.000ns fall@5.000ns period=10.000ns})
  Destination:            clk_counter_reg[11]/D
                            (rising edge-triggered cell FDRE clocked by sys_clk_pin  {rise@0.000ns fall@5.000ns period=10.000ns})
  Path Group:             sys_clk_pin
  Path Type:              Setup (Max at Slow Process Corner)
  Requirement:            10.000ns  (sys_clk_pin rise@10.000ns - sys_clk_pin rise@0.000ns)
  Data Path Delay:        1.688ns  (logic 1.282ns (75.953%)  route 0.406ns (24.047%))
  Logic Levels:           4  (CARRY4=3 LUT1=1)
  Clock Path Skew:        -0.029ns (DCD - SCD + CPR)
    Destination Clock Delay (DCD):    4.375ns = ( 14.375 - 10.000 ) 
    Source Clock Delay      (SCD):    4.644ns
    Clock Pessimism Removal (CPR):    0.240ns
  Clock Uncertainty:      0.035ns  ((TSJ^2 + TIJ^2)^1/2 + DJ) / 2 + PE
    Total System Jitter     (TSJ):    0.071ns
    Total Input Jitter      (TIJ):    0.000ns
    Discrete Jitter          (DJ):    0.000ns
    Phase Error              (PE):    0.000ns

    Location             Delay type                Incr(ns)  Path(ns)    Netlist Resource(s)
  -------------------------------------------------------------------    -------------------
                         (clock sys_clk_pin rise edge)
                                                      0.000     0.000 r  
    E3                                                0.000     0.000 r  CLK (IN)
                         net (fo=0)                   0.000     0.000    CLK
    E3                   IBUF (Prop_ibuf_I_O)         1.413     1.413 r  CLK_IBUF_inst/O
                         net (fo=1, routed)           1.717     3.130    CLK_IBUF
    BUFGCTRL_X0Y16       BUFG (Prop_bufg_I_O)         0.081     3.211 r  CLK_IBUF_BUFG_inst/O
                         net (fo=20, routed)          1.433     4.644    CLK_IBUF_BUFG
    SLICE_X7Y113         FDRE                                         r  clk_counter_reg[0]/C
  -------------------------------------------------------------------    -------------------
    SLICE_X7Y113         FDRE (Prop_fdre_C_Q)         0.379     5.023 f  clk_counter_reg[0]/Q
                         net (fo=2, routed)           0.406     5.429    clk_counter_reg[0]
    SLICE_X7Y113         LUT1 (Prop_lut1_I0_O)        0.105     5.534 r  clk_counter[0]_i_2/O
                         net (fo=1, routed)           0.000     5.534    clk_counter[0]_i_2_n_0
    SLICE_X7Y113         CARRY4 (Prop_carry4_S[0]_CO[3])
                                                      0.440     5.974 r  clk_counter_reg[0]_i_1/CO[3]
                         net (fo=1, routed)           0.000     5.974    clk_counter_reg[0]_i_1_n_0
    SLICE_X7Y114         CARRY4 (Prop_carry4_CI_CO[3])
                                                      0.098     6.072 r  clk_counter_reg[4]_i_1/CO[3]
                         net (fo=1, routed)           0.000     6.072    clk_counter_reg[4]_i_1_n_0
    SLICE_X7Y115         CARRY4 (Prop_carry4_CI_O[3])
                                                      0.260     6.332 r  clk_counter_reg[8]_i_1/O[3]
                         net (fo=1, routed)           0.000     6.332    clk_counter_reg[8]_i_1_n_4
    SLICE_X7Y115         FDRE                                         r  clk_counter_reg[11]/D
  -------------------------------------------------------------------    -------------------

                         (clock sys_clk_pin rise edge)
                                                     10.000    10.000 r  
    E3                                                0.000    10.000 r  CLK (IN)
                         net (fo=0)                   0.000    10.000    CLK
    E3                   IBUF (Prop_ibuf_I_O)         1.347    11.347 r  CLK_IBUF_inst/O
                         net (fo=1, routed)           1.628    12.975    CLK_IBUF
    BUFGCTRL_X0Y16       BUFG (Prop_bufg_I_O)         0.077    13.052 r  CLK_IBUF_BUFG_inst/O
                         net (fo=20, routed)          1.323    14.375    CLK_IBUF_BUFG
    SLICE_X7Y115         FDRE                                         r  clk_counter_reg[11]/C
                         clock pessimism              0.240    14.615    
                         clock uncertainty           -0.035    14.580    
    SLICE_X7Y115         FDRE (Setup_fdre_C_D)        0.059    14.639    clk_counter_reg[11]
  -------------------------------------------------------------------
                         required time                         14.639    
                         arrival time                          -6.332    
  -------------------------------------------------------------------
                         slack                                  8.307    





Min Delay Paths
--------------------------------------------------------------------------------------
Slack (MET) :             0.225ns  (arrival time - required time)
  Source:                 clk_counter_reg[9]/C
                            (rising edge-triggered cell FDRE clocked by sys_clk_pin  {rise@0.000ns fall@5.000ns period=10.000ns})
  Destination:            counter_reg[2]/D
                            (rising edge-triggered cell FDRE clocked by sys_clk_pin  {rise@0.000ns fall@5.000ns period=10.000ns})
  Path Group:             sys_clk_pin
  Path Type:              Hold (Min at Fast Process Corner)
  Requirement:            0.000ns  (sys_clk_pin rise@0.000ns - sys_clk_pin rise@0.000ns)
  Data Path Delay:        0.359ns  (logic 0.231ns (64.348%)  route 0.128ns (35.652%))
  Logic Levels:           2  (LUT6=2)
  Clock Path Skew:        0.013ns (DCD - SCD - CPR)
    Destination Clock Delay (DCD):    2.027ns
    Source Clock Delay      (SCD):    1.512ns
    Clock Pessimism Removal (CPR):    0.501ns

    Location             Delay type                Incr(ns)  Path(ns)    Netlist Resource(s)
  -------------------------------------------------------------------    -------------------
                         (clock sys_clk_pin rise edge)
                                                      0.000     0.000 r  
    E3                                                0.000     0.000 r  CLK (IN)
                         net (fo=0)                   0.000     0.000    CLK
    E3                   IBUF (Prop_ibuf_I_O)         0.250     0.250 r  CLK_IBUF_inst/O
                         net (fo=1, routed)           0.644     0.894    CLK_IBUF
    BUFGCTRL_X0Y16       BUFG (Prop_bufg_I_O)         0.026     0.920 r  CLK_IBUF_BUFG_inst/O
                         net (fo=20, routed)          0.593     1.512    CLK_IBUF_BUFG
    SLICE_X7Y115         FDRE                                         r  clk_counter_reg[9]/C
  -------------------------------------------------------------------    -------------------
    SLICE_X7Y115         FDRE (Prop_fdre_C_Q)         0.141     1.653 f  clk_counter_reg[9]/Q
                         net (fo=2, routed)           0.065     1.718    clk_counter_reg[9]
    SLICE_X6Y115         LUT6 (Prop_lut6_I5_O)        0.045     1.763 r  counter[2]_i_2/O
                         net (fo=3, routed)           0.063     1.826    counter[2]_i_2_n_0
    SLICE_X6Y115         LUT6 (Prop_lut6_I2_O)        0.045     1.871 r  counter[2]_i_1/O
                         net (fo=1, routed)           0.000     1.871    counter[2]_i_1_n_0
    SLICE_X6Y115         FDRE                                         r  counter_reg[2]/D
  -------------------------------------------------------------------    -------------------

                         (clock sys_clk_pin rise edge)
                                                      0.000     0.000 r  
    E3                                                0.000     0.000 r  CLK (IN)
                         net (fo=0)                   0.000     0.000    CLK
    E3                   IBUF (Prop_ibuf_I_O)         0.438     0.438 r  CLK_IBUF_inst/O
                         net (fo=1, routed)           0.699     1.136    CLK_IBUF
    BUFGCTRL_X0Y16       BUFG (Prop_bufg_I_O)         0.029     1.165 r  CLK_IBUF_BUFG_inst/O
                         net (fo=20, routed)          0.861     2.027    CLK_IBUF_BUFG
    SLICE_X6Y115         FDRE                                         r  counter_reg[2]/C
                         clock pessimism             -0.501     1.525    
    SLICE_X6Y115         FDRE (Hold_fdre_C_D)         0.121     1.646    counter_reg[2]
  -------------------------------------------------------------------
                         required time                         -1.646    
                         arrival time                           1.871    
  -------------------------------------------------------------------
                         slack                                  0.225    

Slack (MET) :             0.259ns  (arrival time - required time)
  Source:                 clk_counter_reg[15]/C
                            (rising edge-triggered cell FDRE clocked by sys_clk_pin  {rise@0.000ns fall@5.000ns period=10.000ns})
  Destination:            clk_counter_reg[15]/D
                            (rising edge-triggered cell FDRE clocked by sys_clk_pin  {rise@0.000ns fall@5.000ns period=10.000ns})
  Path Group:             sys_clk_pin
  Path Type:              Hold (Min at Fast Process Corner)
  Requirement:            0.000ns  (sys_clk_pin rise@0.000ns - sys_clk_pin rise@0.000ns)
  Data Path Delay:        0.364ns  (logic 0.249ns (68.491%)  route 0.115ns (31.509%))
  Logic Levels:           1  (CARRY4=1)
  Clock Path Skew:        0.000ns (DCD - SCD - CPR)
    Destination Clock Delay (DCD):    2.026ns
    Source Clock Delay      (SCD):    1.511ns
    Clock Pessimism Removal (CPR):    0.514ns

    Location             Delay type                Incr(ns)  Path(ns)    Netlist Resource(s)
  -------------------------------------------------------------------    -------------------
                         (clock sys_clk_pin rise edge)
                                                      0.000     0.000 r  
    E3                                                0.000     0.000 r  CLK (IN)
                         net (fo=0)                   0.000     0.000    CLK
    E3                   IBUF (Prop_ibuf_I_O)         0.250     0.250 r  CLK_IBUF_inst/O
                         net (fo=1, routed)           0.644     0.894    CLK_IBUF
    BUFGCTRL_X0Y16       BUFG (Prop_bufg_I_O)         0.026     0.920 r  CLK_IBUF_BUFG_inst/O
                         net (fo=20, routed)          0.592     1.511    CLK_IBUF_BUFG
    SLICE_X7Y116         FDRE                                         r  clk_counter_reg[15]/C
  -------------------------------------------------------------------    -------------------
    SLICE_X7Y116         FDRE (Prop_fdre_C_Q)         0.141     1.652 r  clk_counter_reg[15]/Q
                         net (fo=2, routed)           0.115     1.767    clk_counter_reg[15]
    SLICE_X7Y116         CARRY4 (Prop_carry4_S[3]_O[3])
                                                      0.108     1.875 r  clk_counter_reg[12]_i_1/O[3]
                         net (fo=1, routed)           0.000     1.875    clk_counter_reg[12]_i_1_n_4
    SLICE_X7Y116         FDRE                                         r  clk_counter_reg[15]/D
  -------------------------------------------------------------------    -------------------

                         (clock sys_clk_pin rise edge)
                                                      0.000     0.000 r  
    E3                                                0.000     0.000 r  CLK (IN)
                         net (fo=0)                   0.000     0.000    CLK
    E3                   IBUF (Prop_ibuf_I_O)         0.438     0.438 r  CLK_IBUF_inst/O
                         net (fo=1, routed)           0.699     1.136    CLK_IBUF
    BUFGCTRL_X0Y16       BUFG (Prop_bufg_I_O)         0.029     1.165 r  CLK_IBUF_BUFG_inst/O
                         net (fo=20, routed)          0.860     2.026    CLK_IBUF_BUFG
    SLICE_X7Y116         FDRE                                         r  clk_counter_reg[15]/C
                         clock pessimism             -0.514     1.511    
    SLICE_X7Y116         FDRE (Hold_fdre_C_D)         0.105     1.616    clk_counter_reg[15]
  -------------------------------------------------------------------
                         required time                         -1.616    
                         arrival time                           1.875    
  -------------------------------------------------------------------
                         slack                                  0.259    

Slack (MET) :             0.261ns  (arrival time - required time)
  Source:                 clk_counter_reg[3]/C
                            (rising edge-triggered cell FDRE clocked by sys_clk_pin  {rise@0.000ns fall@5.000ns period=10.000ns})
  Destination:            clk_counter_reg[3]/D
                            (rising edge-triggered cell FDRE clocked by sys_clk_pin  {rise@0.000ns fall@5.000ns period=10.000ns})
  Path Group:             sys_clk_pin
  Path Type:              Hold (Min at Fast Process Corner)
  Requirement:            0.000ns  (sys_clk_pin rise@0.000ns - sys_clk_pin rise@0.000ns)
  Data Path Delay:        0.366ns  (logic 0.249ns (68.030%)  route 0.117ns (31.970%))
  Logic Levels:           1  (CARRY4=1)
  Clock Path Skew:        0.000ns (DCD - SCD - CPR)
    Destination Clock Delay (DCD):    2.028ns
    Source Clock Delay      (SCD):    1.512ns
    Clock Pessimism Removal (CPR):    0.515ns

    Location             Delay type                Incr(ns)  Path(ns)    Netlist Resource(s)
  -------------------------------------------------------------------    -------------------
                         (clock sys_clk_pin rise edge)
                                                      0.000     0.000 r  
    E3                                                0.000     0.000 r  CLK (IN)
                         net (fo=0)                   0.000     0.000    CLK
    E3                   IBUF (Prop_ibuf_I_O)         0.250     0.250 r  CLK_IBUF_inst/O
                         net (fo=1, routed)           0.644     0.894    CLK_IBUF
    BUFGCTRL_X0Y16       BUFG (Prop_bufg_I_O)         0.026     0.920 r  CLK_IBUF_BUFG_inst/O
                         net (fo=20, routed)          0.593     1.512    CLK_IBUF_BUFG
    SLICE_X7Y113         FDRE                                         r  clk_counter_reg[3]/C
  -------------------------------------------------------------------    -------------------
    SLICE_X7Y113         FDRE (Prop_fdre_C_Q)         0.141     1.653 r  clk_counter_reg[3]/Q
                         net (fo=2, routed)           0.117     1.770    clk_counter_reg[3]
    SLICE_X7Y113         CARRY4 (Prop_carry4_S[3]_O[3])
                                                      0.108     1.878 r  clk_counter_reg[0]_i_1/O[3]
                         net (fo=1, routed)           0.000     1.878    clk_counter_reg[0]_i_1_n_4
    SLICE_X7Y113         FDRE                                         r  clk_counter_reg[3]/D
  -------------------------------------------------------------------    -------------------

                         (clock sys_clk_pin rise edge)
                                                      0.000     0.000 r  
    E3                                                0.000     0.000 r  CLK (IN)
                         net (fo=0)                   0.000     0.000    CLK
    E3                   IBUF (Prop_ibuf_I_O)         0.438     0.438 r  CLK_IBUF_inst/O
                         net (fo=1, routed)           0.699     1.136    CLK_IBUF
    BUFGCTRL_X0Y16       BUFG (Prop_bufg_I_O)         0.029     1.165 r  CLK_IBUF_BUFG_inst/O
                         net (fo=20, routed)          0.862     2.028    CLK_IBUF_BUFG
    SLICE_X7Y113         FDRE                                         r  clk_counter_reg[3]/C
                         clock pessimism             -0.515     1.512    
    SLICE_X7Y113         FDRE (Hold_fdre_C_D)         0.105     1.617    clk_counter_reg[3]
  -------------------------------------------------------------------
                         required time                         -1.617    
                         arrival time                           1.878    
  -------------------------------------------------------------------
                         slack                                  0.261    

Slack (MET) :             0.262ns  (arrival time - required time)
  Source:                 clk_counter_reg[7]/C
                            (rising edge-triggered cell FDRE clocked by sys_clk_pin  {rise@0.000ns fall@5.000ns period=10.000ns})
  Destination:            clk_counter_reg[7]/D
                            (rising edge-triggered cell FDRE clocked by sys_clk_pin  {rise@0.000ns fall@5.000ns period=10.000ns})
  Path Group:             sys_clk_pin
  Path Type:              Hold (Min at Fast Process Corner)
  Requirement:            0.000ns  (sys_clk_pin rise@0.000ns - sys_clk_pin rise@0.000ns)
  Data Path Delay:        0.367ns  (logic 0.249ns (67.820%)  route 0.118ns (32.180%))
  Logic Levels:           1  (CARRY4=1)
  Clock Path Skew:        0.000ns (DCD - SCD - CPR)
    Destination Clock Delay (DCD):    2.028ns
    Source Clock Delay      (SCD):    1.512ns
    Clock Pessimism Removal (CPR):    0.515ns

    Location             Delay type                Incr(ns)  Path(ns)    Netlist Resource(s)
  -------------------------------------------------------------------    -------------------
                         (clock sys_clk_pin rise edge)
                                                      0.000     0.000 r  
    E3                                                0.000     0.000 r  CLK (IN)
                         net (fo=0)                   0.000     0.000    CLK
    E3                   IBUF (Prop_ibuf_I_O)         0.250     0.250 r  CLK_IBUF_inst/O
                         net (fo=1, routed)           0.644     0.894    CLK_IBUF
    BUFGCTRL_X0Y16       BUFG (Prop_bufg_I_O)         0.026     0.920 r  CLK_IBUF_BUFG_inst/O
                         net (fo=20, routed)          0.593     1.512    CLK_IBUF_BUFG
    SLICE_X7Y114         FDRE                                         r  clk_counter_reg[7]/C
  -------------------------------------------------------------------    -------------------
    SLICE_X7Y114         FDRE (Prop_fdre_C_Q)         0.141     1.653 r  clk_counter_reg[7]/Q
                         net (fo=2, routed)           0.118     1.772    clk_counter_reg[7]
    SLICE_X7Y114         CARRY4 (Prop_carry4_S[3]_O[3])
                                                      0.108     1.880 r  clk_counter_reg[4]_i_1/O[3]
                         net (fo=1, routed)           0.000     1.880    clk_counter_reg[4]_i_1_n_4
    SLICE_X7Y114         FDRE                                         r  clk_counter_reg[7]/D
  -------------------------------------------------------------------    -------------------

                         (clock sys_clk_pin rise edge)
                                                      0.000     0.000 r  
    E3                                                0.000     0.000 r  CLK (IN)
                         net (fo=0)                   0.000     0.000    CLK
    E3                   IBUF (Prop_ibuf_I_O)         0.438     0.438 r  CLK_IBUF_inst/O
                         net (fo=1, routed)           0.699     1.136    CLK_IBUF
    BUFGCTRL_X0Y16       BUFG (Prop_bufg_I_O)         0.029     1.165 r  CLK_IBUF_BUFG_inst/O
                         net (fo=20, routed)          0.862     2.028    CLK_IBUF_BUFG
    SLICE_X7Y114         FDRE                                         r  clk_counter_reg[7]/C
                         clock pessimism             -0.515     1.512    
    SLICE_X7Y114         FDRE (Hold_fdre_C_D)         0.105     1.617    clk_counter_reg[7]
  -------------------------------------------------------------------
                         required time                         -1.617    
                         arrival time                           1.880    
  -------------------------------------------------------------------
                         slack                                  0.262    

Slack (MET) :             0.262ns  (arrival time - required time)
  Source:                 clk_counter_reg[11]/C
                            (rising edge-triggered cell FDRE clocked by sys_clk_pin  {rise@0.000ns fall@5.000ns period=10.000ns})
  Destination:            clk_counter_reg[11]/D
                            (rising edge-triggered cell FDRE clocked by sys_clk_pin  {rise@0.000ns fall@5.000ns period=10.000ns})
  Path Group:             sys_clk_pin
  Path Type:              Hold (Min at Fast Process Corner)
  Requirement:            0.000ns  (sys_clk_pin rise@0.000ns - sys_clk_pin rise@0.000ns)
  Data Path Delay:        0.367ns  (logic 0.249ns (67.820%)  route 0.118ns (32.180%))
  Logic Levels:           1  (CARRY4=1)
  Clock Path Skew:        0.000ns (DCD - SCD - CPR)
    Destination Clock Delay (DCD):    2.027ns
    Source Clock Delay      (SCD):    1.512ns
    Clock Pessimism Removal (CPR):    0.514ns

    Location             Delay type                Incr(ns)  Path(ns)    Netlist Resource(s)
  -------------------------------------------------------------------    -------------------
                         (clock sys_clk_pin rise edge)
                                                      0.000     0.000 r  
    E3                                                0.000     0.000 r  CLK (IN)
                         net (fo=0)                   0.000     0.000    CLK
    E3                   IBUF (Prop_ibuf_I_O)         0.250     0.250 r  CLK_IBUF_inst/O
                         net (fo=1, routed)           0.644     0.894    CLK_IBUF
    BUFGCTRL_X0Y16       BUFG (Prop_bufg_I_O)         0.026     0.920 r  CLK_IBUF_BUFG_inst/O
                         net (fo=20, routed)          0.593     1.512    CLK_IBUF_BUFG
    SLICE_X7Y115         FDRE                                         r  clk_counter_reg[11]/C
  -------------------------------------------------------------------    -------------------
    SLICE_X7Y115         FDRE (Prop_fdre_C_Q)         0.141     1.653 r  clk_counter_reg[11]/Q
                         net (fo=2, routed)           0.118     1.772    clk_counter_reg[11]
    SLICE_X7Y115         CARRY4 (Prop_carry4_S[3]_O[3])
                                                      0.108     1.880 r  clk_counter_reg[8]_i_1/O[3]
                         net (fo=1, routed)           0.000     1.880    clk_counter_reg[8]_i_1_n_4
    SLICE_X7Y115         FDRE                                         r  clk_counter_reg[11]/D
  -------------------------------------------------------------------    -------------------

                         (clock sys_clk_pin rise edge)
                                                      0.000     0.000 r  
    E3                                                0.000     0.000 r  CLK (IN)
                         net (fo=0)                   0.000     0.000    CLK
    E3                   IBUF (Prop_ibuf_I_O)         0.438     0.438 r  CLK_IBUF_inst/O
                         net (fo=1, routed)           0.699     1.136    CLK_IBUF
    BUFGCTRL_X0Y16       BUFG (Prop_bufg_I_O)         0.029     1.165 r  CLK_IBUF_BUFG_inst/O
                         net (fo=20, routed)          0.861     2.027    CLK_IBUF_BUFG
    SLICE_X7Y115         FDRE                                         r  clk_counter_reg[11]/C
                         clock pessimism             -0.514     1.512    
    SLICE_X7Y115         FDRE (Hold_fdre_C_D)         0.105     1.617    clk_counter_reg[11]
  -------------------------------------------------------------------
                         required time                         -1.617    
                         arrival time                           1.880    
  -------------------------------------------------------------------
                         slack                                  0.262    

Slack (MET) :             0.263ns  (arrival time - required time)
  Source:                 clk_counter_reg[8]/C
                            (rising edge-triggered cell FDRE clocked by sys_clk_pin  {rise@0.000ns fall@5.000ns period=10.000ns})
  Destination:            clk_counter_reg[8]/D
                            (rising edge-triggered cell FDRE clocked by sys_clk_pin  {rise@0.000ns fall@5.000ns period=10.000ns})
  Path Group:             sys_clk_pin
  Path Type:              Hold (Min at Fast Process Corner)
  Requirement:            0.000ns  (sys_clk_pin rise@0.000ns - sys_clk_pin rise@0.000ns)
  Data Path Delay:        0.368ns  (logic 0.256ns (69.650%)  route 0.112ns (30.350%))
  Logic Levels:           1  (CARRY4=1)
  Clock Path Skew:        0.000ns (DCD - SCD - CPR)
    Destination Clock Delay (DCD):    2.027ns
    Source Clock Delay      (SCD):    1.512ns
    Clock Pessimism Removal (CPR):    0.514ns

    Location             Delay type                Incr(ns)  Path(ns)    Netlist Resource(s)
  -------------------------------------------------------------------    -------------------
                         (clock sys_clk_pin rise edge)
                                                      0.000     0.000 r  
    E3                                                0.000     0.000 r  CLK (IN)
                         net (fo=0)                   0.000     0.000    CLK
    E3                   IBUF (Prop_ibuf_I_O)         0.250     0.250 r  CLK_IBUF_inst/O
                         net (fo=1, routed)           0.644     0.894    CLK_IBUF
    BUFGCTRL_X0Y16       BUFG (Prop_bufg_I_O)         0.026     0.920 r  CLK_IBUF_BUFG_inst/O
                         net (fo=20, routed)          0.593     1.512    CLK_IBUF_BUFG
    SLICE_X7Y115         FDRE                                         r  clk_counter_reg[8]/C
  -------------------------------------------------------------------    -------------------
    SLICE_X7Y115         FDRE (Prop_fdre_C_Q)         0.141     1.653 r  clk_counter_reg[8]/Q
                         net (fo=2, routed)           0.112     1.765    clk_counter_reg[8]
    SLICE_X7Y115         CARRY4 (Prop_carry4_S[0]_O[0])
                                                      0.115     1.880 r  clk_counter_reg[8]_i_1/O[0]
                         net (fo=1, routed)           0.000     1.880    clk_counter_reg[8]_i_1_n_7
    SLICE_X7Y115         FDRE                                         r  clk_counter_reg[8]/D
  -------------------------------------------------------------------    -------------------

                         (clock sys_clk_pin rise edge)
                                                      0.000     0.000 r  
    E3                                                0.000     0.000 r  CLK (IN)
                         net (fo=0)                   0.000     0.000    CLK
    E3                   IBUF (Prop_ibuf_I_O)         0.438     0.438 r  CLK_IBUF_inst/O
                         net (fo=1, routed)           0.699     1.136    CLK_IBUF
    BUFGCTRL_X0Y16       BUFG (Prop_bufg_I_O)         0.029     1.165 r  CLK_IBUF_BUFG_inst/O
                         net (fo=20, routed)          0.861     2.027    CLK_IBUF_BUFG
    SLICE_X7Y115         FDRE                                         r  clk_counter_reg[8]/C
                         clock pessimism             -0.514     1.512    
    SLICE_X7Y115         FDRE (Hold_fdre_C_D)         0.105     1.617    clk_counter_reg[8]
  -------------------------------------------------------------------
                         required time                         -1.617    
                         arrival time                           1.880    
  -------------------------------------------------------------------
                         slack                                  0.263    

Slack (MET) :             0.265ns  (arrival time - required time)
  Source:                 clk_counter_reg[14]/C
                            (rising edge-triggered cell FDRE clocked by sys_clk_pin  {rise@0.000ns fall@5.000ns period=10.000ns})
  Destination:            clk_counter_reg[14]/D
                            (rising edge-triggered cell FDRE clocked by sys_clk_pin  {rise@0.000ns fall@5.000ns period=10.000ns})
  Path Group:             sys_clk_pin
  Path Type:              Hold (Min at Fast Process Corner)
  Requirement:            0.000ns  (sys_clk_pin rise@0.000ns - sys_clk_pin rise@0.000ns)
  Data Path Delay:        0.370ns  (logic 0.252ns (68.193%)  route 0.118ns (31.807%))
  Logic Levels:           1  (CARRY4=1)
  Clock Path Skew:        0.000ns (DCD - SCD - CPR)
    Destination Clock Delay (DCD):    2.026ns
    Source Clock Delay      (SCD):    1.511ns
    Clock Pessimism Removal (CPR):    0.514ns

    Location             Delay type                Incr(ns)  Path(ns)    Netlist Resource(s)
  -------------------------------------------------------------------    -------------------
                         (clock sys_clk_pin rise edge)
                                                      0.000     0.000 r  
    E3                                                0.000     0.000 r  CLK (IN)
                         net (fo=0)                   0.000     0.000    CLK
    E3                   IBUF (Prop_ibuf_I_O)         0.250     0.250 r  CLK_IBUF_inst/O
                         net (fo=1, routed)           0.644     0.894    CLK_IBUF
    BUFGCTRL_X0Y16       BUFG (Prop_bufg_I_O)         0.026     0.920 r  CLK_IBUF_BUFG_inst/O
                         net (fo=20, routed)          0.592     1.511    CLK_IBUF_BUFG
    SLICE_X7Y116         FDRE                                         r  clk_counter_reg[14]/C
  -------------------------------------------------------------------    -------------------
    SLICE_X7Y116         FDRE (Prop_fdre_C_Q)         0.141     1.652 r  clk_counter_reg[14]/Q
                         net (fo=2, routed)           0.118     1.770    clk_counter_reg[14]
    SLICE_X7Y116         CARRY4 (Prop_carry4_S[2]_O[2])
                                                      0.111     1.881 r  clk_counter_reg[12]_i_1/O[2]
                         net (fo=1, routed)           0.000     1.881    clk_counter_reg[12]_i_1_n_5
    SLICE_X7Y116         FDRE                                         r  clk_counter_reg[14]/D
  -------------------------------------------------------------------    -------------------

                         (clock sys_clk_pin rise edge)
                                                      0.000     0.000 r  
    E3                                                0.000     0.000 r  CLK (IN)
                         net (fo=0)                   0.000     0.000    CLK
    E3                   IBUF (Prop_ibuf_I_O)         0.438     0.438 r  CLK_IBUF_inst/O
                         net (fo=1, routed)           0.699     1.136    CLK_IBUF
    BUFGCTRL_X0Y16       BUFG (Prop_bufg_I_O)         0.029     1.165 r  CLK_IBUF_BUFG_inst/O
                         net (fo=20, routed)          0.860     2.026    CLK_IBUF_BUFG
    SLICE_X7Y116         FDRE                                         r  clk_counter_reg[14]/C
                         clock pessimism             -0.514     1.511    
    SLICE_X7Y116         FDRE (Hold_fdre_C_D)         0.105     1.616    clk_counter_reg[14]
  -------------------------------------------------------------------
                         required time                         -1.616    
                         arrival time                           1.881    
  -------------------------------------------------------------------
                         slack                                  0.265    

Slack (MET) :             0.265ns  (arrival time - required time)
  Source:                 clk_counter_reg[2]/C
                            (rising edge-triggered cell FDRE clocked by sys_clk_pin  {rise@0.000ns fall@5.000ns period=10.000ns})
  Destination:            clk_counter_reg[2]/D
                            (rising edge-triggered cell FDRE clocked by sys_clk_pin  {rise@0.000ns fall@5.000ns period=10.000ns})
  Path Group:             sys_clk_pin
  Path Type:              Hold (Min at Fast Process Corner)
  Requirement:            0.000ns  (sys_clk_pin rise@0.000ns - sys_clk_pin rise@0.000ns)
  Data Path Delay:        0.370ns  (logic 0.252ns (68.193%)  route 0.118ns (31.807%))
  Logic Levels:           1  (CARRY4=1)
  Clock Path Skew:        0.000ns (DCD - SCD - CPR)
    Destination Clock Delay (DCD):    2.028ns
    Source Clock Delay      (SCD):    1.512ns
    Clock Pessimism Removal (CPR):    0.515ns

    Location             Delay type                Incr(ns)  Path(ns)    Netlist Resource(s)
  -------------------------------------------------------------------    -------------------
                         (clock sys_clk_pin rise edge)
                                                      0.000     0.000 r  
    E3                                                0.000     0.000 r  CLK (IN)
                         net (fo=0)                   0.000     0.000    CLK
    E3                   IBUF (Prop_ibuf_I_O)         0.250     0.250 r  CLK_IBUF_inst/O
                         net (fo=1, routed)           0.644     0.894    CLK_IBUF
    BUFGCTRL_X0Y16       BUFG (Prop_bufg_I_O)         0.026     0.920 r  CLK_IBUF_BUFG_inst/O
                         net (fo=20, routed)          0.593     1.512    CLK_IBUF_BUFG
    SLICE_X7Y113         FDRE                                         r  clk_counter_reg[2]/C
  -------------------------------------------------------------------    -------------------
    SLICE_X7Y113         FDRE (Prop_fdre_C_Q)         0.141     1.653 r  clk_counter_reg[2]/Q
                         net (fo=2, routed)           0.118     1.771    clk_counter_reg[2]
    SLICE_X7Y113         CARRY4 (Prop_carry4_S[2]_O[2])
                                                      0.111     1.882 r  clk_counter_reg[0]_i_1/O[2]
                         net (fo=1, routed)           0.000     1.882    clk_counter_reg[0]_i_1_n_5
    SLICE_X7Y113         FDRE                                         r  clk_counter_reg[2]/D
  -------------------------------------------------------------------    -------------------

                         (clock sys_clk_pin rise edge)
                                                      0.000     0.000 r  
    E3                                                0.000     0.000 r  CLK (IN)
                         net (fo=0)                   0.000     0.000    CLK
    E3                   IBUF (Prop_ibuf_I_O)         0.438     0.438 r  CLK_IBUF_inst/O
                         net (fo=1, routed)           0.699     1.136    CLK_IBUF
    BUFGCTRL_X0Y16       BUFG (Prop_bufg_I_O)         0.029     1.165 r  CLK_IBUF_BUFG_inst/O
                         net (fo=20, routed)          0.862     2.028    CLK_IBUF_BUFG
    SLICE_X7Y113         FDRE                                         r  clk_counter_reg[2]/C
                         clock pessimism             -0.515     1.512    
    SLICE_X7Y113         FDRE (Hold_fdre_C_D)         0.105     1.617    clk_counter_reg[2]
  -------------------------------------------------------------------
                         required time                         -1.617    
                         arrival time                           1.882    
  -------------------------------------------------------------------
                         slack                                  0.265    

Slack (MET) :             0.265ns  (arrival time - required time)
  Source:                 clk_counter_reg[10]/C
                            (rising edge-triggered cell FDRE clocked by sys_clk_pin  {rise@0.000ns fall@5.000ns period=10.000ns})
  Destination:            clk_counter_reg[10]/D
                            (rising edge-triggered cell FDRE clocked by sys_clk_pin  {rise@0.000ns fall@5.000ns period=10.000ns})
  Path Group:             sys_clk_pin
  Path Type:              Hold (Min at Fast Process Corner)
  Requirement:            0.000ns  (sys_clk_pin rise@0.000ns - sys_clk_pin rise@0.000ns)
  Data Path Delay:        0.370ns  (logic 0.252ns (68.193%)  route 0.118ns (31.807%))
  Logic Levels:           1  (CARRY4=1)
  Clock Path Skew:        0.000ns (DCD - SCD - CPR)
    Destination Clock Delay (DCD):    2.027ns
    Source Clock Delay      (SCD):    1.512ns
    Clock Pessimism Removal (CPR):    0.514ns

    Location             Delay type                Incr(ns)  Path(ns)    Netlist Resource(s)
  -------------------------------------------------------------------    -------------------
                         (clock sys_clk_pin rise edge)
                                                      0.000     0.000 r  
    E3                                                0.000     0.000 r  CLK (IN)
                         net (fo=0)                   0.000     0.000    CLK
    E3                   IBUF (Prop_ibuf_I_O)         0.250     0.250 r  CLK_IBUF_inst/O
                         net (fo=1, routed)           0.644     0.894    CLK_IBUF
    BUFGCTRL_X0Y16       BUFG (Prop_bufg_I_O)         0.026     0.920 r  CLK_IBUF_BUFG_inst/O
                         net (fo=20, routed)          0.593     1.512    CLK_IBUF_BUFG
    SLICE_X7Y115         FDRE                                         r  clk_counter_reg[10]/C
  -------------------------------------------------------------------    -------------------
    SLICE_X7Y115         FDRE (Prop_fdre_C_Q)         0.141     1.653 r  clk_counter_reg[10]/Q
                         net (fo=2, routed)           0.118     1.771    clk_counter_reg[10]
    SLICE_X7Y115         CARRY4 (Prop_carry4_S[2]_O[2])
                                                      0.111     1.882 r  clk_counter_reg[8]_i_1/O[2]
                         net (fo=1, routed)           0.000     1.882    clk_counter_reg[8]_i_1_n_5
    SLICE_X7Y115         FDRE                                         r  clk_counter_reg[10]/D
  -------------------------------------------------------------------    -------------------

                         (clock sys_clk_pin rise edge)
                                                      0.000     0.000 r  
    E3                                                0.000     0.000 r  CLK (IN)
                         net (fo=0)                   0.000     0.000    CLK
    E3                   IBUF (Prop_ibuf_I_O)         0.438     0.438 r  CLK_IBUF_inst/O
                         net (fo=1, routed)           0.699     1.136    CLK_IBUF
    BUFGCTRL_X0Y16       BUFG (Prop_bufg_I_O)         0.029     1.165 r  CLK_IBUF_BUFG_inst/O
                         net (fo=20, routed)          0.861     2.027    CLK_IBUF_BUFG
    SLICE_X7Y115         FDRE                                         r  clk_counter_reg[10]/C
                         clock pessimism             -0.514     1.512    
    SLICE_X7Y115         FDRE (Hold_fdre_C_D)         0.105     1.617    clk_counter_reg[10]
  -------------------------------------------------------------------
                         required time                         -1.617    
                         arrival time                           1.882    
  -------------------------------------------------------------------
                         slack                                  0.265    

Slack (MET) :             0.265ns  (arrival time - required time)
  Source:                 clk_counter_reg[12]/C
                            (rising edge-triggered cell FDRE clocked by sys_clk_pin  {rise@0.000ns fall@5.000ns period=10.000ns})
  Destination:            clk_counter_reg[12]/D
                            (rising edge-triggered cell FDRE clocked by sys_clk_pin  {rise@0.000ns fall@5.000ns period=10.000ns})
  Path Group:             sys_clk_pin
  Path Type:              Hold (Min at Fast Process Corner)
  Requirement:            0.000ns  (sys_clk_pin rise@0.000ns - sys_clk_pin rise@0.000ns)
  Data Path Delay:        0.370ns  (logic 0.256ns (69.187%)  route 0.114ns (30.813%))
  Logic Levels:           1  (CARRY4=1)
  Clock Path Skew:        0.000ns (DCD - SCD - CPR)
    Destination Clock Delay (DCD):    2.026ns
    Source Clock Delay      (SCD):    1.511ns
    Clock Pessimism Removal (CPR):    0.514ns

    Location             Delay type                Incr(ns)  Path(ns)    Netlist Resource(s)
  -------------------------------------------------------------------    -------------------
                         (clock sys_clk_pin rise edge)
                                                      0.000     0.000 r  
    E3                                                0.000     0.000 r  CLK (IN)
                         net (fo=0)                   0.000     0.000    CLK
    E3                   IBUF (Prop_ibuf_I_O)         0.250     0.250 r  CLK_IBUF_inst/O
                         net (fo=1, routed)           0.644     0.894    CLK_IBUF
    BUFGCTRL_X0Y16       BUFG (Prop_bufg_I_O)         0.026     0.920 r  CLK_IBUF_BUFG_inst/O
                         net (fo=20, routed)          0.592     1.511    CLK_IBUF_BUFG
    SLICE_X7Y116         FDRE                                         r  clk_counter_reg[12]/C
  -------------------------------------------------------------------    -------------------
    SLICE_X7Y116         FDRE (Prop_fdre_C_Q)         0.141     1.652 r  clk_counter_reg[12]/Q
                         net (fo=2, routed)           0.114     1.766    clk_counter_reg[12]
    SLICE_X7Y116         CARRY4 (Prop_carry4_S[0]_O[0])
                                                      0.115     1.881 r  clk_counter_reg[12]_i_1/O[0]
                         net (fo=1, routed)           0.000     1.881    clk_counter_reg[12]_i_1_n_7
    SLICE_X7Y116         FDRE                                         r  clk_counter_reg[12]/D
  -------------------------------------------------------------------    -------------------

                         (clock sys_clk_pin rise edge)
                                                      0.000     0.000 r  
    E3                                                0.000     0.000 r  CLK (IN)
                         net (fo=0)                   0.000     0.000    CLK
    E3                   IBUF (Prop_ibuf_I_O)         0.438     0.438 r  CLK_IBUF_inst/O
                         net (fo=1, routed)           0.699     1.136    CLK_IBUF
    BUFGCTRL_X0Y16       BUFG (Prop_bufg_I_O)         0.029     1.165 r  CLK_IBUF_BUFG_inst/O
                         net (fo=20, routed)          0.860     2.026    CLK_IBUF_BUFG
    SLICE_X7Y116         FDRE                                         r  clk_counter_reg[12]/C
                         clock pessimism             -0.514     1.511    
    SLICE_X7Y116         FDRE (Hold_fdre_C_D)         0.105     1.616    clk_counter_reg[12]
  -------------------------------------------------------------------
                         required time                         -1.616    
                         arrival time                           1.881    
  -------------------------------------------------------------------
                         slack                                  0.265    





Pulse Width Checks
--------------------------------------------------------------------------------------
Clock Name:         sys_clk_pin
Waveform(ns):       { 0.000 5.000 }
Period(ns):         10.000
Sources:            { CLK }

Check Type        Corner  Lib Pin  Reference Pin  Required(ns)  Actual(ns)  Slack(ns)  Location        Pin
Min Period        n/a     BUFG/I   n/a            1.592         10.000      8.408      BUFGCTRL_X0Y16  CLK_IBUF_BUFG_inst/I
Min Period        n/a     FDRE/C   n/a            1.000         10.000      9.000      SLICE_X7Y113    clk_counter_reg[0]/C
Min Period        n/a     FDRE/C   n/a            1.000         10.000      9.000      SLICE_X7Y115    clk_counter_reg[10]/C
Min Period        n/a     FDRE/C   n/a            1.000         10.000      9.000      SLICE_X7Y115    clk_counter_reg[11]/C
Min Period        n/a     FDRE/C   n/a            1.000         10.000      9.000      SLICE_X7Y116    clk_counter_reg[12]/C
Min Period        n/a     FDRE/C   n/a            1.000         10.000      9.000      SLICE_X7Y116    clk_counter_reg[13]/C
Min Period        n/a     FDRE/C   n/a            1.000         10.000      9.000      SLICE_X7Y116    clk_counter_reg[14]/C
Min Period        n/a     FDRE/C   n/a            1.000         10.000      9.000      SLICE_X7Y116    clk_counter_reg[15]/C
Min Period        n/a     FDRE/C   n/a            1.000         10.000      9.000      SLICE_X7Y117    clk_counter_reg[16]/C
Min Period        n/a     FDRE/C   n/a            1.000         10.000      9.000      SLICE_X7Y113    clk_counter_reg[1]/C
Low Pulse Width   Slow    FDRE/C   n/a            0.500         5.000       4.500      SLICE_X7Y113    clk_counter_reg[0]/C
Low Pulse Width   Fast    FDRE/C   n/a            0.500         5.000       4.500      SLICE_X7Y113    clk_counter_reg[0]/C
Low Pulse Width   Slow    FDRE/C   n/a            0.500         5.000       4.500      SLICE_X7Y115    clk_counter_reg[10]/C
Low Pulse Width   Fast    FDRE/C   n/a            0.500         5.000       4.500      SLICE_X7Y115    clk_counter_reg[10]/C
Low Pulse Width   Slow    FDRE/C   n/a            0.500         5.000       4.500      SLICE_X7Y115    clk_counter_reg[11]/C
Low Pulse Width   Fast    FDRE/C   n/a            0.500         5.000       4.500      SLICE_X7Y115    clk_counter_reg[11]/C
Low Pulse Width   Slow    FDRE/C   n/a            0.500         5.000       4.500      SLICE_X7Y116    clk_counter_reg[12]/C
Low Pulse Width   Fast    FDRE/C   n/a            0.500         5.000       4.500      SLICE_X7Y116    clk_counter_reg[12]/C
Low Pulse Width   Slow    FDRE/C   n/a            0.500         5.000       4.500      SLICE_X7Y116    clk_counter_reg[13]/C
Low Pulse Width   Fast    FDRE/C   n/a            0.500         5.000       4.500      SLICE_X7Y116    clk_counter_reg[13]/C
High Pulse Width  Slow    FDRE/C   n/a            0.500         5.000       4.500      SLICE_X7Y113    clk_counter_reg[0]/C
High Pulse Width  Fast    FDRE/C   n/a            0.500         5.000       4.500      SLICE_X7Y113    clk_counter_reg[0]/C
High Pulse Width  Slow    FDRE/C   n/a            0.500         5.000       4.500      SLICE_X7Y115    clk_counter_reg[10]/C
High Pulse Width  Fast    FDRE/C   n/a            0.500         5.000       4.500      SLICE_X7Y115    clk_counter_reg[10]/C
High Pulse Width  Slow    FDRE/C   n/a            0.500         5.000       4.500      SLICE_X7Y115    clk_counter_reg[11]/C
High Pulse Width  Fast    FDRE/C   n/a            0.500         5.000       4.500      SLICE_X7Y115    clk_counter_reg[11]/C
High Pulse Width  Slow    FDRE/C   n/a            0.500         5.000       4.500      SLICE_X7Y116    clk_counter_reg[12]/C
High Pulse Width  Fast    FDRE/C   n/a            0.500         5.000       4.500      SLICE_X7Y116    clk_counter_reg[12]/C
High Pulse Width  Slow    FDRE/C   n/a            0.500         5.000       4.500      SLICE_X7Y116    clk_counter_reg[13]/C
High Pulse Width  Fast    FDRE/C   n/a            0.500         5.000       4.500      SLICE_X7Y116    clk_counter_reg[13]/C



--------------------------------------------------------------------------------------
Path Group:  (none)
From Clock:  
  To Clock:  

Max Delay             7 Endpoints
Min Delay             7 Endpoints
--------------------------------------------------------------------------------------


Max Delay Paths
--------------------------------------------------------------------------------------
Slack:                    inf
  Source:                 val1_2[0]
                            (input port)
  Destination:            disp_val[5]
                            (output port)
  Path Group:             (none)
  Path Type:              Max at Slow Process Corner
  Data Path Delay:        11.265ns  (logic 4.917ns (43.648%)  route 6.348ns (56.352%))
  Logic Levels:           4  (IBUF=1 LUT5=1 LUT6=1 OBUF=1)

    Location             Delay type                Incr(ns)  Path(ns)    Netlist Resource(s)
  -------------------------------------------------------------------    -------------------
    G13                                               0.000     0.000 r  val1_2[0] (IN)
                         net (fo=0)                   0.000     0.000    val1_2[0]
    G13                  IBUF (Prop_ibuf_I_O)         1.406     1.406 r  val1_2_IBUF[0]_inst/O
                         net (fo=7, routed)           2.152     3.557    val1_2_IBUF[0]
    SLICE_X0Y123         LUT5 (Prop_lut5_I1_O)        0.105     3.662 r  disp_val_OBUF[5]_inst_i_5/O
                         net (fo=1, routed)           0.790     4.453    disp_val_OBUF[5]_inst_i_5_n_0
    SLICE_X0Y117         LUT6 (Prop_lut6_I5_O)        0.105     4.558 r  disp_val_OBUF[5]_inst_i_1/O
                         net (fo=1, routed)           3.406     7.964    disp_val_OBUF[5]
    R10                  OBUF (Prop_obuf_I_O)         3.301    11.265 r  disp_val_OBUF[5]_inst/O
                         net (fo=0)                   0.000    11.265    disp_val[5]
    R10                                                               r  disp_val[5] (OUT)
  -------------------------------------------------------------------    -------------------

Slack:                    inf
  Source:                 val1_2[0]
                            (input port)
  Destination:            disp_val[6]
                            (output port)
  Path Group:             (none)
  Path Type:              Max at Slow Process Corner
  Data Path Delay:        11.142ns  (logic 5.122ns (45.976%)  route 6.019ns (54.024%))
  Logic Levels:           4  (IBUF=1 LUT5=1 LUT6=1 OBUF=1)

    Location             Delay type                Incr(ns)  Path(ns)    Netlist Resource(s)
  -------------------------------------------------------------------    -------------------
    G13                                               0.000     0.000 r  val1_2[0] (IN)
                         net (fo=0)                   0.000     0.000    val1_2[0]
    G13                  IBUF (Prop_ibuf_I_O)         1.406     1.406 r  val1_2_IBUF[0]_inst/O
                         net (fo=7, routed)           2.152     3.557    val1_2_IBUF[0]
    SLICE_X0Y123         LUT5 (Prop_lut5_I1_O)        0.119     3.676 r  disp_val_OBUF[6]_inst_i_5/O
                         net (fo=1, routed)           0.568     4.245    disp_val_OBUF[6]_inst_i_5_n_0
    SLICE_X1Y117         LUT6 (Prop_lut6_I5_O)        0.275     4.520 r  disp_val_OBUF[6]_inst_i_1/O
                         net (fo=1, routed)           3.299     7.819    disp_val_OBUF[6]
    T10                  OBUF (Prop_obuf_I_O)         3.323    11.142 r  disp_val_OBUF[6]_inst/O
                         net (fo=0)                   0.000    11.142    disp_val[6]
    T10                                                               r  disp_val[6] (OUT)
  -------------------------------------------------------------------    -------------------

Slack:                    inf
  Source:                 val1_1[1]
                            (input port)
  Destination:            disp_val[2]
                            (output port)
  Path Group:             (none)
  Path Type:              Max at Slow Process Corner
  Data Path Delay:        10.718ns  (logic 5.212ns (48.628%)  route 5.506ns (51.372%))
  Logic Levels:           5  (IBUF=1 LUT4=1 LUT6=1 MUXF7=1 OBUF=1)

    Location             Delay type                Incr(ns)  Path(ns)    Netlist Resource(s)
  -------------------------------------------------------------------    -------------------
    D14                                               0.000     0.000 r  val1_1[1] (IN)
                         net (fo=0)                   0.000     0.000    val1_1[1]
    D14                  IBUF (Prop_ibuf_I_O)         1.414     1.414 r  val1_1_IBUF[1]_inst/O
                         net (fo=7, routed)           2.384     3.798    val1_1_IBUF[1]
    SLICE_X2Y116         LUT4 (Prop_lut4_I1_O)        0.105     3.903 r  disp_val_OBUF[2]_inst_i_8/O
                         net (fo=1, routed)           0.000     3.903    disp_val_OBUF[2]_inst_i_8_n_0
    SLICE_X2Y116         MUXF7 (Prop_muxf7_I0_O)      0.173     4.076 r  disp_val_OBUF[2]_inst_i_4/O
                         net (fo=1, routed)           0.512     4.588    disp_val_OBUF[2]_inst_i_4_n_0
    SLICE_X1Y116         LUT6 (Prop_lut6_I3_O)        0.241     4.829 r  disp_val_OBUF[2]_inst_i_1/O
                         net (fo=1, routed)           2.610     7.439    disp_val_OBUF[2]
    P15                  OBUF (Prop_obuf_I_O)         3.279    10.718 r  disp_val_OBUF[2]_inst/O
                         net (fo=0)                   0.000    10.718    disp_val[2]
    P15                                                               r  disp_val[2] (OUT)
  -------------------------------------------------------------------    -------------------

Slack:                    inf
  Source:                 val1_1[2]
                            (input port)
  Destination:            disp_val[1]
                            (output port)
  Path Group:             (none)
  Path Type:              Max at Slow Process Corner
  Data Path Delay:        10.686ns  (logic 5.252ns (49.150%)  route 5.434ns (50.850%))
  Logic Levels:           5  (IBUF=1 LUT4=1 LUT6=1 MUXF7=1 OBUF=1)

    Location             Delay type                Incr(ns)  Path(ns)    Netlist Resource(s)
  -------------------------------------------------------------------    -------------------
    F13                                               0.000     0.000 f  val1_1[2] (IN)
                         net (fo=0)                   0.000     0.000    val1_1[2]
    F13                  IBUF (Prop_ibuf_I_O)         1.427     1.427 f  val1_1_IBUF[2]_inst/O
                         net (fo=7, routed)           2.007     3.434    val1_1_IBUF[2]
    SLICE_X2Y118         LUT4 (Prop_lut4_I1_O)        0.105     3.539 r  disp_val_OBUF[1]_inst_i_8/O
                         net (fo=1, routed)           0.000     3.539    disp_val_OBUF[1]_inst_i_8_n_0
    SLICE_X2Y118         MUXF7 (Prop_muxf7_I0_O)      0.173     3.712 r  disp_val_OBUF[1]_inst_i_4/O
                         net (fo=1, routed)           0.466     4.177    disp_val_OBUF[1]_inst_i_4_n_0
    SLICE_X1Y117         LUT6 (Prop_lut6_I3_O)        0.241     4.418 r  disp_val_OBUF[1]_inst_i_1/O
                         net (fo=1, routed)           2.961     7.380    disp_val_OBUF[1]
    T11                  OBUF (Prop_obuf_I_O)         3.306    10.686 r  disp_val_OBUF[1]_inst/O
                         net (fo=0)                   0.000    10.686    disp_val[1]
    T11                                                               r  disp_val[1] (OUT)
  -------------------------------------------------------------------    -------------------

Slack:                    inf
  Source:                 val1_2[0]
                            (input port)
  Destination:            disp_val[4]
                            (output port)
  Path Group:             (none)
  Path Type:              Max at Slow Process Corner
  Data Path Delay:        10.049ns  (logic 5.030ns (50.059%)  route 5.019ns (49.941%))
  Logic Levels:           4  (IBUF=1 LUT5=1 LUT6=1 OBUF=1)

    Location             Delay type                Incr(ns)  Path(ns)    Netlist Resource(s)
  -------------------------------------------------------------------    -------------------
    G13                                               0.000     0.000 f  val1_2[0] (IN)
                         net (fo=0)                   0.000     0.000    val1_2[0]
    G13                  IBUF (Prop_ibuf_I_O)         1.406     1.406 f  val1_2_IBUF[0]_inst/O
                         net (fo=7, routed)           2.294     3.700    val1_2_IBUF[0]
    SLICE_X1Y123         LUT5 (Prop_lut5_I2_O)        0.119     3.819 r  disp_val_OBUF[4]_inst_i_5/O
                         net (fo=1, routed)           0.966     4.785    disp_val_OBUF[4]_inst_i_5_n_0
    SLICE_X1Y116         LUT6 (Prop_lut6_I5_O)        0.267     5.052 r  disp_val_OBUF[4]_inst_i_1/O
                         net (fo=1, routed)           1.758     6.810    disp_val_OBUF[4]
    K16                  OBUF (Prop_obuf_I_O)         3.239    10.049 r  disp_val_OBUF[4]_inst/O
                         net (fo=0)                   0.000    10.049    disp_val[4]
    K16                                                               r  disp_val[4] (OUT)
  -------------------------------------------------------------------    -------------------

Slack:                    inf
  Source:                 val1_1[1]
                            (input port)
  Destination:            disp_val[0]
                            (output port)
  Path Group:             (none)
  Path Type:              Max at Slow Process Corner
  Data Path Delay:        10.013ns  (logic 5.216ns (52.090%)  route 4.797ns (47.910%))
  Logic Levels:           5  (IBUF=1 LUT4=1 LUT6=1 MUXF7=1 OBUF=1)

    Location             Delay type                Incr(ns)  Path(ns)    Netlist Resource(s)
  -------------------------------------------------------------------    -------------------
    D14                                               0.000     0.000 r  val1_1[1] (IN)
                         net (fo=0)                   0.000     0.000    val1_1[1]
    D14                  IBUF (Prop_ibuf_I_O)         1.414     1.414 r  val1_1_IBUF[1]_inst/O
                         net (fo=7, routed)           2.259     3.673    val1_1_IBUF[1]
    SLICE_X2Y117         LUT4 (Prop_lut4_I3_O)        0.105     3.778 r  disp_val_OBUF[0]_inst_i_8/O
                         net (fo=1, routed)           0.000     3.778    disp_val_OBUF[0]_inst_i_8_n_0
    SLICE_X2Y117         MUXF7 (Prop_muxf7_I0_O)      0.173     3.951 r  disp_val_OBUF[0]_inst_i_4/O
                         net (fo=1, routed)           0.459     4.409    disp_val_OBUF[0]_inst_i_4_n_0
    SLICE_X0Y117         LUT6 (Prop_lut6_I3_O)        0.241     4.650 r  disp_val_OBUF[0]_inst_i_1/O
                         net (fo=1, routed)           2.080     6.730    disp_val_OBUF[0]
    L18                  OBUF (Prop_obuf_I_O)         3.283    10.013 r  disp_val_OBUF[0]_inst/O
                         net (fo=0)                   0.000    10.013    disp_val[0]
    L18                                                               r  disp_val[0] (OUT)
  -------------------------------------------------------------------    -------------------

Slack:                    inf
  Source:                 val1_1[2]
                            (input port)
  Destination:            disp_val[3]
                            (output port)
  Path Group:             (none)
  Path Type:              Max at Slow Process Corner
  Data Path Delay:        9.432ns  (logic 5.271ns (55.883%)  route 4.161ns (44.117%))
  Logic Levels:           5  (IBUF=1 LUT4=1 LUT6=1 MUXF7=1 OBUF=1)

    Location             Delay type                Incr(ns)  Path(ns)    Netlist Resource(s)
  -------------------------------------------------------------------    -------------------
    F13                                               0.000     0.000 r  val1_1[2] (IN)
                         net (fo=0)                   0.000     0.000    val1_1[2]
    F13                  IBUF (Prop_ibuf_I_O)         1.427     1.427 r  val1_1_IBUF[2]_inst/O
                         net (fo=7, routed)           2.006     3.433    val1_1_IBUF[2]
    SLICE_X2Y116         LUT4 (Prop_lut4_I1_O)        0.105     3.538 r  disp_val_OBUF[3]_inst_i_8/O
                         net (fo=1, routed)           0.000     3.538    disp_val_OBUF[3]_inst_i_8_n_0
    SLICE_X2Y116         MUXF7 (Prop_muxf7_I0_O)      0.201     3.739 r  disp_val_OBUF[3]_inst_i_4/O
                         net (fo=1, routed)           0.783     4.523    disp_val_OBUF[3]_inst_i_4_n_0
    SLICE_X0Y116         LUT6 (Prop_lut6_I3_O)        0.242     4.765 r  disp_val_OBUF[3]_inst_i_1/O
                         net (fo=1, routed)           1.372     6.136    disp_val_OBUF[3]
    K13                  OBUF (Prop_obuf_I_O)         3.296     9.432 r  disp_val_OBUF[3]_inst/O
                         net (fo=0)                   0.000     9.432    disp_val[3]
    K13                                                               r  disp_val[3] (OUT)
  -------------------------------------------------------------------    -------------------





Min Delay Paths
--------------------------------------------------------------------------------------
Slack:                    inf
  Source:                 val2_2[0]
                            (input port)
  Destination:            disp_val[3]
                            (output port)
  Path Group:             (none)
  Path Type:              Min at Fast Process Corner
  Data Path Delay:        2.382ns  (logic 1.590ns (66.766%)  route 0.792ns (33.234%))
  Logic Levels:           4  (IBUF=1 LUT5=1 LUT6=1 OBUF=1)

    Location             Delay type                Incr(ns)  Path(ns)    Netlist Resource(s)
  -------------------------------------------------------------------    -------------------
    D17                                               0.000     0.000 r  val2_2[0] (IN)
                         net (fo=0)                   0.000     0.000    val2_2[0]
    D17                  IBUF (Prop_ibuf_I_O)         0.249     0.249 r  val2_2_IBUF[0]_inst/O
                         net (fo=7, routed)           0.413     0.662    val2_2_IBUF[0]
    SLICE_X0Y116         LUT5 (Prop_lut5_I1_O)        0.045     0.707 r  disp_val_OBUF[3]_inst_i_3/O
                         net (fo=1, routed)           0.055     0.762    disp_val_OBUF[3]_inst_i_3_n_0
    SLICE_X0Y116         LUT6 (Prop_lut6_I1_O)        0.045     0.807 r  disp_val_OBUF[3]_inst_i_1/O
                         net (fo=1, routed)           0.324     1.131    disp_val_OBUF[3]
    K13                  OBUF (Prop_obuf_I_O)         1.251     2.382 r  disp_val_OBUF[3]_inst/O
                         net (fo=0)                   0.000     2.382    disp_val[3]
    K13                                                               r  disp_val[3] (OUT)
  -------------------------------------------------------------------    -------------------

Slack:                    inf
  Source:                 val1_0[3]
                            (input port)
  Destination:            disp_val[4]
                            (output port)
  Path Group:             (none)
  Path Type:              Min at Fast Process Corner
  Data Path Delay:        2.713ns  (logic 1.647ns (60.690%)  route 1.067ns (39.310%))
  Logic Levels:           5  (IBUF=1 LUT4=1 LUT6=1 MUXF7=1 OBUF=1)

    Location             Delay type                Incr(ns)  Path(ns)    Netlist Resource(s)
  -------------------------------------------------------------------    -------------------
    G17                                               0.000     0.000 r  val1_0[3] (IN)
                         net (fo=0)                   0.000     0.000    val1_0[3]
    G17                  IBUF (Prop_ibuf_I_O)         0.234     0.234 r  val1_0_IBUF[3]_inst/O
                         net (fo=7, routed)           0.404     0.638    val1_0_IBUF[3]
    SLICE_X1Y116         LUT4 (Prop_lut4_I0_O)        0.045     0.683 r  disp_val_OBUF[4]_inst_i_9/O
                         net (fo=1, routed)           0.000     0.683    disp_val_OBUF[4]_inst_i_9_n_0
    SLICE_X1Y116         MUXF7 (Prop_muxf7_I1_O)      0.065     0.748 r  disp_val_OBUF[4]_inst_i_4/O
                         net (fo=1, routed)           0.138     0.886    disp_val_OBUF[4]_inst_i_4_n_0
    SLICE_X1Y116         LUT6 (Prop_lut6_I3_O)        0.108     0.994 r  disp_val_OBUF[4]_inst_i_1/O
                         net (fo=1, routed)           0.524     1.519    disp_val_OBUF[4]
    K16                  OBUF (Prop_obuf_I_O)         1.194     2.713 r  disp_val_OBUF[4]_inst/O
                         net (fo=0)                   0.000     2.713    disp_val[4]
    K16                                                               r  disp_val[4] (OUT)
  -------------------------------------------------------------------    -------------------

Slack:                    inf
  Source:                 val1_2[1]
                            (input port)
  Destination:            disp_val[0]
                            (output port)
  Path Group:             (none)
  Path Type:              Min at Fast Process Corner
  Data Path Delay:        2.994ns  (logic 1.556ns (51.972%)  route 1.438ns (48.028%))
  Logic Levels:           4  (IBUF=1 LUT5=1 LUT6=1 OBUF=1)

    Location             Delay type                Incr(ns)  Path(ns)    Netlist Resource(s)
  -------------------------------------------------------------------    -------------------
    G16                                               0.000     0.000 r  val1_2[1] (IN)
                         net (fo=0)                   0.000     0.000    val1_2[1]
    G16                  IBUF (Prop_ibuf_I_O)         0.228     0.228 r  val1_2_IBUF[1]_inst/O
                         net (fo=7, routed)           0.429     0.657    val1_2_IBUF[1]
    SLICE_X0Y123         LUT5 (Prop_lut5_I0_O)        0.045     0.702 r  disp_val_OBUF[0]_inst_i_5/O
                         net (fo=1, routed)           0.334     1.035    disp_val_OBUF[0]_inst_i_5_n_0
    SLICE_X0Y117         LUT6 (Prop_lut6_I5_O)        0.045     1.080 r  disp_val_OBUF[0]_inst_i_1/O
                         net (fo=1, routed)           0.676     1.756    disp_val_OBUF[0]
    L18                  OBUF (Prop_obuf_I_O)         1.238     2.994 r  disp_val_OBUF[0]_inst/O
                         net (fo=0)                   0.000     2.994    disp_val[0]
    L18                                                               r  disp_val[0] (OUT)
  -------------------------------------------------------------------    -------------------

Slack:                    inf
  Source:                 val2_2[0]
                            (input port)
  Destination:            disp_val[2]
                            (output port)
  Path Group:             (none)
  Path Type:              Min at Fast Process Corner
  Data Path Delay:        3.122ns  (logic 1.574ns (50.411%)  route 1.548ns (49.589%))
  Logic Levels:           4  (IBUF=1 LUT5=1 LUT6=1 OBUF=1)

    Location             Delay type                Incr(ns)  Path(ns)    Netlist Resource(s)
  -------------------------------------------------------------------    -------------------
    D17                                               0.000     0.000 r  val2_2[0] (IN)
                         net (fo=0)                   0.000     0.000    val2_2[0]
    D17                  IBUF (Prop_ibuf_I_O)         0.249     0.249 r  val2_2_IBUF[0]_inst/O
                         net (fo=7, routed)           0.408     0.657    val2_2_IBUF[0]
    SLICE_X0Y116         LUT5 (Prop_lut5_I0_O)        0.045     0.702 r  disp_val_OBUF[2]_inst_i_3/O
                         net (fo=1, routed)           0.187     0.890    disp_val_OBUF[2]_inst_i_3_n_0
    SLICE_X1Y116         LUT6 (Prop_lut6_I1_O)        0.045     0.935 r  disp_val_OBUF[2]_inst_i_1/O
                         net (fo=1, routed)           0.953     1.887    disp_val_OBUF[2]
    P15                  OBUF (Prop_obuf_I_O)         1.234     3.122 r  disp_val_OBUF[2]_inst/O
                         net (fo=0)                   0.000     3.122    disp_val[2]
    P15                                                               r  disp_val[2] (OUT)
  -------------------------------------------------------------------    -------------------

Slack:                    inf
  Source:                 val2_2[2]
                            (input port)
  Destination:            disp_val[1]
                            (output port)
  Path Group:             (none)
  Path Type:              Min at Fast Process Corner
  Data Path Delay:        3.304ns  (logic 1.602ns (48.480%)  route 1.702ns (51.520%))
  Logic Levels:           4  (IBUF=1 LUT5=1 LUT6=1 OBUF=1)

    Location             Delay type                Incr(ns)  Path(ns)    Netlist Resource(s)
  -------------------------------------------------------------------    -------------------
    E17                                               0.000     0.000 f  val2_2[2] (IN)
                         net (fo=0)                   0.000     0.000    val2_2[2]
    E17                  IBUF (Prop_ibuf_I_O)         0.251     0.251 f  val2_2_IBUF[2]_inst/O
                         net (fo=7, routed)           0.433     0.683    val2_2_IBUF[2]
    SLICE_X0Y117         LUT5 (Prop_lut5_I2_O)        0.045     0.728 r  disp_val_OBUF[1]_inst_i_3/O
                         net (fo=1, routed)           0.157     0.885    disp_val_OBUF[1]_inst_i_3_n_0
    SLICE_X1Y117         LUT6 (Prop_lut6_I1_O)        0.045     0.930 r  disp_val_OBUF[1]_inst_i_1/O
                         net (fo=1, routed)           1.112     2.043    disp_val_OBUF[1]
    T11                  OBUF (Prop_obuf_I_O)         1.261     3.304 r  disp_val_OBUF[1]_inst/O
                         net (fo=0)                   0.000     3.304    disp_val[1]
    T11                                                               r  disp_val[1] (OUT)
  -------------------------------------------------------------------    -------------------

Slack:                    inf
  Source:                 val2_2[0]
                            (input port)
  Destination:            disp_val[5]
                            (output port)
  Path Group:             (none)
  Path Type:              Min at Fast Process Corner
  Data Path Delay:        3.523ns  (logic 1.595ns (45.280%)  route 1.928ns (54.720%))
  Logic Levels:           4  (IBUF=1 LUT5=1 LUT6=1 OBUF=1)

    Location             Delay type                Incr(ns)  Path(ns)    Netlist Resource(s)
  -------------------------------------------------------------------    -------------------
    D17                                               0.000     0.000 r  val2_2[0] (IN)
                         net (fo=0)                   0.000     0.000    val2_2[0]
    D17                  IBUF (Prop_ibuf_I_O)         0.249     0.249 r  val2_2_IBUF[0]_inst/O
                         net (fo=7, routed)           0.348     0.597    val2_2_IBUF[0]
    SLICE_X0Y117         LUT5 (Prop_lut5_I1_O)        0.045     0.642 r  disp_val_OBUF[5]_inst_i_3/O
                         net (fo=1, routed)           0.225     0.868    disp_val_OBUF[5]_inst_i_3_n_0
    SLICE_X0Y117         LUT6 (Prop_lut6_I1_O)        0.045     0.913 r  disp_val_OBUF[5]_inst_i_1/O
                         net (fo=1, routed)           1.355     2.267    disp_val_OBUF[5]
    R10                  OBUF (Prop_obuf_I_O)         1.256     3.523 r  disp_val_OBUF[5]_inst/O
                         net (fo=0)                   0.000     3.523    disp_val[5]
    R10                                                               r  disp_val[5] (OUT)
  -------------------------------------------------------------------    -------------------

Slack:                    inf
  Source:                 val2_2[0]
                            (input port)
  Destination:            disp_val[6]
                            (output port)
  Path Group:             (none)
  Path Type:              Min at Fast Process Corner
  Data Path Delay:        3.555ns  (logic 1.682ns (47.300%)  route 1.874ns (52.700%))
  Logic Levels:           4  (IBUF=1 LUT5=1 LUT6=1 OBUF=1)

    Location             Delay type                Incr(ns)  Path(ns)    Netlist Resource(s)
  -------------------------------------------------------------------    -------------------
    D17                                               0.000     0.000 r  val2_2[0] (IN)
                         net (fo=0)                   0.000     0.000    val2_2[0]
    D17                  IBUF (Prop_ibuf_I_O)         0.249     0.249 r  val2_2_IBUF[0]_inst/O
                         net (fo=7, routed)           0.348     0.597    val2_2_IBUF[0]
    SLICE_X0Y117         LUT5 (Prop_lut5_I1_O)        0.048     0.645 r  disp_val_OBUF[6]_inst_i_3/O
                         net (fo=1, routed)           0.221     0.867    disp_val_OBUF[6]_inst_i_3_n_0
    SLICE_X1Y117         LUT6 (Prop_lut6_I1_O)        0.107     0.974 r  disp_val_OBUF[6]_inst_i_1/O
                         net (fo=1, routed)           1.304     2.278    disp_val_OBUF[6]
    T10                  OBUF (Prop_obuf_I_O)         1.277     3.555 r  disp_val_OBUF[6]_inst/O
                         net (fo=0)                   0.000     3.555    disp_val[6]
    T10                                                               r  disp_val[6] (OUT)
  -------------------------------------------------------------------    -------------------





--------------------------------------------------------------------------------------
Path Group:  (none)
From Clock:  sys_clk_pin
  To Clock:  

Max Delay            15 Endpoints
Min Delay            15 Endpoints
--------------------------------------------------------------------------------------


Max Delay Paths
--------------------------------------------------------------------------------------
Slack:                    inf
  Source:                 counter_reg[0]/C
                            (rising edge-triggered cell FDRE clocked by sys_clk_pin  {rise@0.000ns fall@5.000ns period=10.000ns})
  Destination:            disp_val[5]
                            (output port)
  Path Group:             (none)
  Path Type:              Max at Slow Process Corner
  Data Path Delay:        9.276ns  (logic 3.944ns (42.521%)  route 5.331ns (57.479%))
  Logic Levels:           3  (LUT5=1 LUT6=1 OBUF=1)
  Clock Uncertainty:      0.025ns  ((TSJ^2 + TIJ^2)^1/2 + DJ) / 2 + PE
    Total System Jitter     (TSJ):    0.050ns
    Total Input Jitter      (TIJ):    0.000ns
    Discrete Jitter          (DJ):    0.000ns
    Phase Error              (PE):    0.000ns

    Location             Delay type                Incr(ns)  Path(ns)    Netlist Resource(s)
  -------------------------------------------------------------------    -------------------
                         (clock sys_clk_pin rise edge)
                                                      0.000     0.000 r  
    E3                                                0.000     0.000 r  CLK (IN)
                         net (fo=0)                   0.000     0.000    CLK
    E3                   IBUF (Prop_ibuf_I_O)         1.413     1.413 r  CLK_IBUF_inst/O
                         net (fo=1, routed)           1.717     3.130    CLK_IBUF
    BUFGCTRL_X0Y16       BUFG (Prop_bufg_I_O)         0.081     3.211 r  CLK_IBUF_BUFG_inst/O
                         net (fo=20, routed)          1.430     4.641    CLK_IBUF_BUFG
    SLICE_X6Y115         FDRE                                         r  counter_reg[0]/C
  -------------------------------------------------------------------    -------------------
    SLICE_X6Y115         FDRE (Prop_fdre_C_Q)         0.433     5.074 f  counter_reg[0]/Q
                         net (fo=39, routed)          1.135     6.209    counter[0]
    SLICE_X0Y123         LUT5 (Prop_lut5_I4_O)        0.105     6.314 r  disp_val_OBUF[5]_inst_i_5/O
                         net (fo=1, routed)           0.790     7.105    disp_val_OBUF[5]_inst_i_5_n_0
    SLICE_X0Y117         LUT6 (Prop_lut6_I5_O)        0.105     7.210 r  disp_val_OBUF[5]_inst_i_1/O
                         net (fo=1, routed)           3.406    10.615    disp_val_OBUF[5]
    R10                  OBUF (Prop_obuf_I_O)         3.301    13.916 r  disp_val_OBUF[5]_inst/O
                         net (fo=0)                   0.000    13.916    disp_val[5]
    R10                                                               r  disp_val[5] (OUT)
  -------------------------------------------------------------------    -------------------

Slack:                    inf
  Source:                 counter_reg[0]/C
                            (rising edge-triggered cell FDRE clocked by sys_clk_pin  {rise@0.000ns fall@5.000ns period=10.000ns})
  Destination:            disp_val[6]
                            (output port)
  Path Group:             (none)
  Path Type:              Max at Slow Process Corner
  Data Path Delay:        9.148ns  (logic 4.146ns (45.316%)  route 5.003ns (54.684%))
  Logic Levels:           3  (LUT5=1 LUT6=1 OBUF=1)
  Clock Uncertainty:      0.025ns  ((TSJ^2 + TIJ^2)^1/2 + DJ) / 2 + PE
    Total System Jitter     (TSJ):    0.050ns
    Total Input Jitter      (TIJ):    0.000ns
    Discrete Jitter          (DJ):    0.000ns
    Phase Error              (PE):    0.000ns

    Location             Delay type                Incr(ns)  Path(ns)    Netlist Resource(s)
  -------------------------------------------------------------------    -------------------
                         (clock sys_clk_pin rise edge)
                                                      0.000     0.000 r  
    E3                                                0.000     0.000 r  CLK (IN)
                         net (fo=0)                   0.000     0.000    CLK
    E3                   IBUF (Prop_ibuf_I_O)         1.413     1.413 r  CLK_IBUF_inst/O
                         net (fo=1, routed)           1.717     3.130    CLK_IBUF
    BUFGCTRL_X0Y16       BUFG (Prop_bufg_I_O)         0.081     3.211 r  CLK_IBUF_BUFG_inst/O
                         net (fo=20, routed)          1.430     4.641    CLK_IBUF_BUFG
    SLICE_X6Y115         FDRE                                         r  counter_reg[0]/C
  -------------------------------------------------------------------    -------------------
    SLICE_X6Y115         FDRE (Prop_fdre_C_Q)         0.433     5.074 f  counter_reg[0]/Q
                         net (fo=39, routed)          1.135     6.209    counter[0]
    SLICE_X0Y123         LUT5 (Prop_lut5_I4_O)        0.115     6.324 r  disp_val_OBUF[6]_inst_i_5/O
                         net (fo=1, routed)           0.568     6.892    disp_val_OBUF[6]_inst_i_5_n_0
    SLICE_X1Y117         LUT6 (Prop_lut6_I5_O)        0.275     7.167 r  disp_val_OBUF[6]_inst_i_1/O
                         net (fo=1, routed)           3.299    10.467    disp_val_OBUF[6]
    T10                  OBUF (Prop_obuf_I_O)         3.323    13.789 r  disp_val_OBUF[6]_inst/O
                         net (fo=0)                   0.000    13.789    disp_val[6]
    T10                                                               r  disp_val[6] (OUT)
  -------------------------------------------------------------------    -------------------

Slack:                    inf
  Source:                 counter_reg[0]/C
                            (rising edge-triggered cell FDRE clocked by sys_clk_pin  {rise@0.000ns fall@5.000ns period=10.000ns})
  Destination:            disp_index[6]
                            (output port)
  Path Group:             (none)
  Path Type:              Max at Slow Process Corner
  Data Path Delay:        9.001ns  (logic 3.977ns (44.184%)  route 5.024ns (55.816%))
  Logic Levels:           2  (LUT3=1 OBUF=1)
  Clock Uncertainty:      0.025ns  ((TSJ^2 + TIJ^2)^1/2 + DJ) / 2 + PE
    Total System Jitter     (TSJ):    0.050ns
    Total Input Jitter      (TIJ):    0.000ns
    Discrete Jitter          (DJ):    0.000ns
    Phase Error              (PE):    0.000ns

    Location             Delay type                Incr(ns)  Path(ns)    Netlist Resource(s)
  -------------------------------------------------------------------    -------------------
                         (clock sys_clk_pin rise edge)
                                                      0.000     0.000 r  
    E3                                                0.000     0.000 r  CLK (IN)
                         net (fo=0)                   0.000     0.000    CLK
    E3                   IBUF (Prop_ibuf_I_O)         1.413     1.413 r  CLK_IBUF_inst/O
                         net (fo=1, routed)           1.717     3.130    CLK_IBUF
    BUFGCTRL_X0Y16       BUFG (Prop_bufg_I_O)         0.081     3.211 r  CLK_IBUF_BUFG_inst/O
                         net (fo=20, routed)          1.430     4.641    CLK_IBUF_BUFG
    SLICE_X6Y115         FDRE                                         r  counter_reg[0]/C
  -------------------------------------------------------------------    -------------------
    SLICE_X6Y115         FDRE (Prop_fdre_C_Q)         0.433     5.074 f  counter_reg[0]/Q
                         net (fo=39, routed)          1.530     6.604    counter[0]
    SLICE_X0Y112         LUT3 (Prop_lut3_I0_O)        0.119     6.723 r  disp_index_OBUF[6]_inst_i_1/O
                         net (fo=1, routed)           3.494    10.217    disp_index_OBUF[6]
    K2                   OBUF (Prop_obuf_I_O)         3.425    13.642 r  disp_index_OBUF[6]_inst/O
                         net (fo=0)                   0.000    13.642    disp_index[6]
    K2                                                                r  disp_index[6] (OUT)
  -------------------------------------------------------------------    -------------------

Slack:                    inf
  Source:                 counter_reg[0]/C
                            (rising edge-triggered cell FDRE clocked by sys_clk_pin  {rise@0.000ns fall@5.000ns period=10.000ns})
  Destination:            disp_val[1]
                            (output port)
  Path Group:             (none)
  Path Type:              Max at Slow Process Corner
  Data Path Delay:        8.945ns  (logic 3.949ns (44.151%)  route 4.996ns (55.849%))
  Logic Levels:           3  (LUT5=1 LUT6=1 OBUF=1)
  Clock Uncertainty:      0.025ns  ((TSJ^2 + TIJ^2)^1/2 + DJ) / 2 + PE
    Total System Jitter     (TSJ):    0.050ns
    Total Input Jitter      (TIJ):    0.000ns
    Discrete Jitter          (DJ):    0.000ns
    Phase Error              (PE):    0.000ns

    Location             Delay type                Incr(ns)  Path(ns)    Netlist Resource(s)
  -------------------------------------------------------------------    -------------------
                         (clock sys_clk_pin rise edge)
                                                      0.000     0.000 r  
    E3                                                0.000     0.000 r  CLK (IN)
                         net (fo=0)                   0.000     0.000    CLK
    E3                   IBUF (Prop_ibuf_I_O)         1.413     1.413 r  CLK_IBUF_inst/O
                         net (fo=1, routed)           1.717     3.130    CLK_IBUF
    BUFGCTRL_X0Y16       BUFG (Prop_bufg_I_O)         0.081     3.211 r  CLK_IBUF_BUFG_inst/O
                         net (fo=20, routed)          1.430     4.641    CLK_IBUF_BUFG
    SLICE_X6Y115         FDRE                                         r  counter_reg[0]/C
  -------------------------------------------------------------------    -------------------
    SLICE_X6Y115         FDRE (Prop_fdre_C_Q)         0.433     5.074 f  counter_reg[0]/Q
                         net (fo=39, routed)          1.129     6.203    counter[0]
    SLICE_X1Y123         LUT5 (Prop_lut5_I4_O)        0.105     6.308 r  disp_val_OBUF[1]_inst_i_5/O
                         net (fo=1, routed)           0.905     7.213    disp_val_OBUF[1]_inst_i_5_n_0
    SLICE_X1Y117         LUT6 (Prop_lut6_I5_O)        0.105     7.318 r  disp_val_OBUF[1]_inst_i_1/O
                         net (fo=1, routed)           2.961    10.280    disp_val_OBUF[1]
    T11                  OBUF (Prop_obuf_I_O)         3.306    13.586 r  disp_val_OBUF[1]_inst/O
                         net (fo=0)                   0.000    13.586    disp_val[1]
    T11                                                               r  disp_val[1] (OUT)
  -------------------------------------------------------------------    -------------------

Slack:                    inf
  Source:                 counter_reg[0]/C
                            (rising edge-triggered cell FDRE clocked by sys_clk_pin  {rise@0.000ns fall@5.000ns period=10.000ns})
  Destination:            disp_index[7]
                            (output port)
  Path Group:             (none)
  Path Type:              Max at Slow Process Corner
  Data Path Delay:        8.659ns  (logic 4.013ns (46.346%)  route 4.646ns (53.654%))
  Logic Levels:           2  (LUT3=1 OBUF=1)
  Clock Uncertainty:      0.025ns  ((TSJ^2 + TIJ^2)^1/2 + DJ) / 2 + PE
    Total System Jitter     (TSJ):    0.050ns
    Total Input Jitter      (TIJ):    0.000ns
    Discrete Jitter          (DJ):    0.000ns
    Phase Error              (PE):    0.000ns

    Location             Delay type                Incr(ns)  Path(ns)    Netlist Resource(s)
  -------------------------------------------------------------------    -------------------
                         (clock sys_clk_pin rise edge)
                                                      0.000     0.000 r  
    E3                                                0.000     0.000 r  CLK (IN)
                         net (fo=0)                   0.000     0.000    CLK
    E3                   IBUF (Prop_ibuf_I_O)         1.413     1.413 r  CLK_IBUF_inst/O
                         net (fo=1, routed)           1.717     3.130    CLK_IBUF
    BUFGCTRL_X0Y16       BUFG (Prop_bufg_I_O)         0.081     3.211 r  CLK_IBUF_BUFG_inst/O
                         net (fo=20, routed)          1.430     4.641    CLK_IBUF_BUFG
    SLICE_X6Y115         FDRE                                         r  counter_reg[0]/C
  -------------------------------------------------------------------    -------------------
    SLICE_X6Y115         FDRE (Prop_fdre_C_Q)         0.433     5.074 r  counter_reg[0]/Q
                         net (fo=39, routed)          1.523     6.597    counter[0]
    SLICE_X0Y112         LUT3 (Prop_lut3_I1_O)        0.118     6.715 r  disp_index_OBUF[7]_inst_i_1/O
                         net (fo=1, routed)           3.123     9.838    disp_index_OBUF[7]
    U13                  OBUF (Prop_obuf_I_O)         3.462    13.300 r  disp_index_OBUF[7]_inst/O
                         net (fo=0)                   0.000    13.300    disp_index[7]
    U13                                                               r  disp_index[7] (OUT)
  -------------------------------------------------------------------    -------------------

Slack:                    inf
  Source:                 counter_reg[0]/C
                            (rising edge-triggered cell FDRE clocked by sys_clk_pin  {rise@0.000ns fall@5.000ns period=10.000ns})
  Destination:            disp_val[2]
                            (output port)
  Path Group:             (none)
  Path Type:              Max at Slow Process Corner
  Data Path Delay:        8.461ns  (logic 4.208ns (49.735%)  route 4.253ns (50.265%))
  Logic Levels:           3  (LUT6=1 MUXF7=1 OBUF=1)
  Clock Uncertainty:      0.025ns  ((TSJ^2 + TIJ^2)^1/2 + DJ) / 2 + PE
    Total System Jitter     (TSJ):    0.050ns
    Total Input Jitter      (TIJ):    0.000ns
    Discrete Jitter          (DJ):    0.000ns
    Phase Error              (PE):    0.000ns

    Location             Delay type                Incr(ns)  Path(ns)    Netlist Resource(s)
  -------------------------------------------------------------------    -------------------
                         (clock sys_clk_pin rise edge)
                                                      0.000     0.000 r  
    E3                                                0.000     0.000 r  CLK (IN)
                         net (fo=0)                   0.000     0.000    CLK
    E3                   IBUF (Prop_ibuf_I_O)         1.413     1.413 r  CLK_IBUF_inst/O
                         net (fo=1, routed)           1.717     3.130    CLK_IBUF
    BUFGCTRL_X0Y16       BUFG (Prop_bufg_I_O)         0.081     3.211 r  CLK_IBUF_BUFG_inst/O
                         net (fo=20, routed)          1.430     4.641    CLK_IBUF_BUFG
    SLICE_X6Y115         FDRE                                         r  counter_reg[0]/C
  -------------------------------------------------------------------    -------------------
    SLICE_X6Y115         FDRE (Prop_fdre_C_Q)         0.433     5.074 r  counter_reg[0]/Q
                         net (fo=39, routed)          0.971     6.045    counter[0]
    SLICE_X1Y118         MUXF7 (Prop_muxf7_S_O)       0.246     6.291 r  disp_val_OBUF[2]_inst_i_2/O
                         net (fo=1, routed)           0.672     6.963    disp_val_OBUF[2]_inst_i_2_n_0
    SLICE_X1Y116         LUT6 (Prop_lut6_I0_O)        0.250     7.213 r  disp_val_OBUF[2]_inst_i_1/O
                         net (fo=1, routed)           2.610     9.823    disp_val_OBUF[2]
    P15                  OBUF (Prop_obuf_I_O)         3.279    13.102 r  disp_val_OBUF[2]_inst/O
                         net (fo=0)                   0.000    13.102    disp_val[2]
    P15                                                               r  disp_val[2] (OUT)
  -------------------------------------------------------------------    -------------------

Slack:                    inf
  Source:                 counter_reg[0]/C
                            (rising edge-triggered cell FDRE clocked by sys_clk_pin  {rise@0.000ns fall@5.000ns period=10.000ns})
  Destination:            disp_index[2]
                            (output port)
  Path Group:             (none)
  Path Type:              Max at Slow Process Corner
  Data Path Delay:        8.369ns  (logic 3.858ns (46.097%)  route 4.511ns (53.903%))
  Logic Levels:           2  (LUT3=1 OBUF=1)
  Clock Uncertainty:      0.025ns  ((TSJ^2 + TIJ^2)^1/2 + DJ) / 2 + PE
    Total System Jitter     (TSJ):    0.050ns
    Total Input Jitter      (TIJ):    0.000ns
    Discrete Jitter          (DJ):    0.000ns
    Phase Error              (PE):    0.000ns

    Location             Delay type                Incr(ns)  Path(ns)    Netlist Resource(s)
  -------------------------------------------------------------------    -------------------
                         (clock sys_clk_pin rise edge)
                                                      0.000     0.000 r  
    E3                                                0.000     0.000 r  CLK (IN)
                         net (fo=0)                   0.000     0.000    CLK
    E3                   IBUF (Prop_ibuf_I_O)         1.413     1.413 r  CLK_IBUF_inst/O
                         net (fo=1, routed)           1.717     3.130    CLK_IBUF
    BUFGCTRL_X0Y16       BUFG (Prop_bufg_I_O)         0.081     3.211 r  CLK_IBUF_BUFG_inst/O
                         net (fo=20, routed)          1.430     4.641    CLK_IBUF_BUFG
    SLICE_X6Y115         FDRE                                         r  counter_reg[0]/C
  -------------------------------------------------------------------    -------------------
    SLICE_X6Y115         FDRE (Prop_fdre_C_Q)         0.433     5.074 f  counter_reg[0]/Q
                         net (fo=39, routed)          1.523     6.596    counter[0]
    SLICE_X0Y112         LUT3 (Prop_lut3_I0_O)        0.105     6.701 r  disp_index_OBUF[2]_inst_i_1/O
                         net (fo=1, routed)           2.989     9.690    disp_index_OBUF[2]
    T9                   OBUF (Prop_obuf_I_O)         3.320    13.010 r  disp_index_OBUF[2]_inst/O
                         net (fo=0)                   0.000    13.010    disp_index[2]
    T9                                                                r  disp_index[2] (OUT)
  -------------------------------------------------------------------    -------------------

Slack:                    inf
  Source:                 counter_reg[0]/C
                            (rising edge-triggered cell FDRE clocked by sys_clk_pin  {rise@0.000ns fall@5.000ns period=10.000ns})
  Destination:            disp_index[5]
                            (output port)
  Path Group:             (none)
  Path Type:              Max at Slow Process Corner
  Data Path Delay:        8.138ns  (logic 4.013ns (49.316%)  route 4.125ns (50.684%))
  Logic Levels:           2  (LUT3=1 OBUF=1)
  Clock Uncertainty:      0.025ns  ((TSJ^2 + TIJ^2)^1/2 + DJ) / 2 + PE
    Total System Jitter     (TSJ):    0.050ns
    Total Input Jitter      (TIJ):    0.000ns
    Discrete Jitter          (DJ):    0.000ns
    Phase Error              (PE):    0.000ns

    Location             Delay type                Incr(ns)  Path(ns)    Netlist Resource(s)
  -------------------------------------------------------------------    -------------------
                         (clock sys_clk_pin rise edge)
                                                      0.000     0.000 r  
    E3                                                0.000     0.000 r  CLK (IN)
                         net (fo=0)                   0.000     0.000    CLK
    E3                   IBUF (Prop_ibuf_I_O)         1.413     1.413 r  CLK_IBUF_inst/O
                         net (fo=1, routed)           1.717     3.130    CLK_IBUF
    BUFGCTRL_X0Y16       BUFG (Prop_bufg_I_O)         0.081     3.211 r  CLK_IBUF_BUFG_inst/O
                         net (fo=20, routed)          1.430     4.641    CLK_IBUF_BUFG
    SLICE_X6Y115         FDRE                                         r  counter_reg[0]/C
  -------------------------------------------------------------------    -------------------
    SLICE_X6Y115         FDRE (Prop_fdre_C_Q)         0.433     5.074 r  counter_reg[0]/Q
                         net (fo=39, routed)          1.520     6.593    counter[0]
    SLICE_X0Y112         LUT3 (Prop_lut3_I1_O)        0.114     6.707 r  disp_index_OBUF[5]_inst_i_1/O
                         net (fo=1, routed)           2.605     9.313    disp_index_OBUF[5]
    T14                  OBUF (Prop_obuf_I_O)         3.466    12.779 r  disp_index_OBUF[5]_inst/O
                         net (fo=0)                   0.000    12.779    disp_index[5]
    T14                                                               r  disp_index[5] (OUT)
  -------------------------------------------------------------------    -------------------

Slack:                    inf
  Source:                 counter_reg[0]/C
                            (rising edge-triggered cell FDRE clocked by sys_clk_pin  {rise@0.000ns fall@5.000ns period=10.000ns})
  Destination:            disp_val[0]
                            (output port)
  Path Group:             (none)
  Path Type:              Max at Slow Process Corner
  Data Path Delay:        7.896ns  (logic 3.926ns (49.720%)  route 3.970ns (50.280%))
  Logic Levels:           3  (LUT5=1 LUT6=1 OBUF=1)
  Clock Uncertainty:      0.025ns  ((TSJ^2 + TIJ^2)^1/2 + DJ) / 2 + PE
    Total System Jitter     (TSJ):    0.050ns
    Total Input Jitter      (TIJ):    0.000ns
    Discrete Jitter          (DJ):    0.000ns
    Phase Error              (PE):    0.000ns

    Location             Delay type                Incr(ns)  Path(ns)    Netlist Resource(s)
  -------------------------------------------------------------------    -------------------
                         (clock sys_clk_pin rise edge)
                                                      0.000     0.000 r  
    E3                                                0.000     0.000 r  CLK (IN)
                         net (fo=0)                   0.000     0.000    CLK
    E3                   IBUF (Prop_ibuf_I_O)         1.413     1.413 r  CLK_IBUF_inst/O
                         net (fo=1, routed)           1.717     3.130    CLK_IBUF
    BUFGCTRL_X0Y16       BUFG (Prop_bufg_I_O)         0.081     3.211 r  CLK_IBUF_BUFG_inst/O
                         net (fo=20, routed)          1.430     4.641    CLK_IBUF_BUFG
    SLICE_X6Y115         FDRE                                         r  counter_reg[0]/C
  -------------------------------------------------------------------    -------------------
    SLICE_X6Y115         FDRE (Prop_fdre_C_Q)         0.433     5.074 r  counter_reg[0]/Q
                         net (fo=39, routed)          1.129     6.203    counter[0]
    SLICE_X0Y123         LUT5 (Prop_lut5_I4_O)        0.105     6.308 r  disp_val_OBUF[0]_inst_i_5/O
                         net (fo=1, routed)           0.762     7.069    disp_val_OBUF[0]_inst_i_5_n_0
    SLICE_X0Y117         LUT6 (Prop_lut6_I5_O)        0.105     7.174 r  disp_val_OBUF[0]_inst_i_1/O
                         net (fo=1, routed)           2.080     9.254    disp_val_OBUF[0]
    L18                  OBUF (Prop_obuf_I_O)         3.283    12.537 r  disp_val_OBUF[0]_inst/O
                         net (fo=0)                   0.000    12.537    disp_val[0]
    L18                                                               r  disp_val[0] (OUT)
  -------------------------------------------------------------------    -------------------

Slack:                    inf
  Source:                 counter_reg[0]/C
                            (rising edge-triggered cell FDRE clocked by sys_clk_pin  {rise@0.000ns fall@5.000ns period=10.000ns})
  Destination:            disp_val[4]
                            (output port)
  Path Group:             (none)
  Path Type:              Max at Slow Process Corner
  Data Path Delay:        7.721ns  (logic 4.065ns (52.647%)  route 3.656ns (47.353%))
  Logic Levels:           3  (LUT5=1 LUT6=1 OBUF=1)
  Clock Uncertainty:      0.025ns  ((TSJ^2 + TIJ^2)^1/2 + DJ) / 2 + PE
    Total System Jitter     (TSJ):    0.050ns
    Total Input Jitter      (TIJ):    0.000ns
    Discrete Jitter          (DJ):    0.000ns
    Phase Error              (PE):    0.000ns

    Location             Delay type                Incr(ns)  Path(ns)    Netlist Resource(s)
  -------------------------------------------------------------------    -------------------
                         (clock sys_clk_pin rise edge)
                                                      0.000     0.000 r  
    E3                                                0.000     0.000 r  CLK (IN)
                         net (fo=0)                   0.000     0.000    CLK
    E3                   IBUF (Prop_ibuf_I_O)         1.413     1.413 r  CLK_IBUF_inst/O
                         net (fo=1, routed)           1.717     3.130    CLK_IBUF
    BUFGCTRL_X0Y16       BUFG (Prop_bufg_I_O)         0.081     3.211 r  CLK_IBUF_BUFG_inst/O
                         net (fo=20, routed)          1.430     4.641    CLK_IBUF_BUFG
    SLICE_X6Y115         FDRE                                         r  counter_reg[0]/C
  -------------------------------------------------------------------    -------------------
    SLICE_X6Y115         FDRE (Prop_fdre_C_Q)         0.433     5.074 f  counter_reg[0]/Q
                         net (fo=39, routed)          0.932     6.006    counter[0]
    SLICE_X1Y123         LUT5 (Prop_lut5_I4_O)        0.126     6.132 r  disp_val_OBUF[4]_inst_i_5/O
                         net (fo=1, routed)           0.966     7.097    disp_val_OBUF[4]_inst_i_5_n_0
    SLICE_X1Y116         LUT6 (Prop_lut6_I5_O)        0.267     7.364 r  disp_val_OBUF[4]_inst_i_1/O
                         net (fo=1, routed)           1.758     9.123    disp_val_OBUF[4]
    K16                  OBUF (Prop_obuf_I_O)         3.239    12.361 r  disp_val_OBUF[4]_inst/O
                         net (fo=0)                   0.000    12.361    disp_val[4]
    K16                                                               r  disp_val[4] (OUT)
  -------------------------------------------------------------------    -------------------





Min Delay Paths
--------------------------------------------------------------------------------------
Slack:                    inf
  Source:                 counter_reg[1]/C
                            (rising edge-triggered cell FDRE clocked by sys_clk_pin  {rise@0.000ns fall@5.000ns period=10.000ns})
  Destination:            disp_val[3]
                            (output port)
  Path Group:             (none)
  Path Type:              Min at Fast Process Corner
  Data Path Delay:        2.121ns  (logic 1.497ns (70.580%)  route 0.624ns (29.420%))
  Logic Levels:           2  (LUT6=1 OBUF=1)
  Clock Uncertainty:      0.025ns  ((TSJ^2 + TIJ^2)^1/2 + DJ) / 2 + PE
    Total System Jitter     (TSJ):    0.050ns
    Total Input Jitter      (TIJ):    0.000ns
    Discrete Jitter          (DJ):    0.000ns
    Phase Error              (PE):    0.000ns

    Location             Delay type                Incr(ns)  Path(ns)    Netlist Resource(s)
  -------------------------------------------------------------------    -------------------
                         (clock sys_clk_pin rise edge)
                                                      0.000     0.000 r  
    E3                                                0.000     0.000 r  CLK (IN)
                         net (fo=0)                   0.000     0.000    CLK
    E3                   IBUF (Prop_ibuf_I_O)         0.250     0.250 r  CLK_IBUF_inst/O
                         net (fo=1, routed)           0.644     0.894    CLK_IBUF
    BUFGCTRL_X0Y16       BUFG (Prop_bufg_I_O)         0.026     0.920 r  CLK_IBUF_BUFG_inst/O
                         net (fo=20, routed)          0.593     1.512    CLK_IBUF_BUFG
    SLICE_X6Y115         FDRE                                         r  counter_reg[1]/C
  -------------------------------------------------------------------    -------------------
    SLICE_X6Y115         FDRE (Prop_fdre_C_Q)         0.148     1.660 r  counter_reg[1]/Q
                         net (fo=17, routed)          0.300     1.961    counter[1]
    SLICE_X0Y116         LUT6 (Prop_lut6_I4_O)        0.098     2.059 r  disp_val_OBUF[3]_inst_i_1/O
                         net (fo=1, routed)           0.324     2.382    disp_val_OBUF[3]
    K13                  OBUF (Prop_obuf_I_O)         1.251     3.633 r  disp_val_OBUF[3]_inst/O
                         net (fo=0)                   0.000     3.633    disp_val[3]
    K13                                                               r  disp_val[3] (OUT)
  -------------------------------------------------------------------    -------------------

Slack:                    inf
  Source:                 counter_reg[1]/C
                            (rising edge-triggered cell FDRE clocked by sys_clk_pin  {rise@0.000ns fall@5.000ns period=10.000ns})
  Destination:            disp_index[3]
                            (output port)
  Path Group:             (none)
  Path Type:              Min at Fast Process Corner
  Data Path Delay:        2.139ns  (logic 1.499ns (70.080%)  route 0.640ns (29.920%))
  Logic Levels:           2  (LUT3=1 OBUF=1)
  Clock Uncertainty:      0.025ns  ((TSJ^2 + TIJ^2)^1/2 + DJ) / 2 + PE
    Total System Jitter     (TSJ):    0.050ns
    Total Input Jitter      (TIJ):    0.000ns
    Discrete Jitter          (DJ):    0.000ns
    Phase Error              (PE):    0.000ns

    Location             Delay type                Incr(ns)  Path(ns)    Netlist Resource(s)
  -------------------------------------------------------------------    -------------------
                         (clock sys_clk_pin rise edge)
                                                      0.000     0.000 r  
    E3                                                0.000     0.000 r  CLK (IN)
                         net (fo=0)                   0.000     0.000    CLK
    E3                   IBUF (Prop_ibuf_I_O)         0.250     0.250 r  CLK_IBUF_inst/O
                         net (fo=1, routed)           0.644     0.894    CLK_IBUF
    BUFGCTRL_X0Y16       BUFG (Prop_bufg_I_O)         0.026     0.920 r  CLK_IBUF_BUFG_inst/O
                         net (fo=20, routed)          0.593     1.512    CLK_IBUF_BUFG
    SLICE_X6Y115         FDRE                                         r  counter_reg[1]/C
  -------------------------------------------------------------------    -------------------
    SLICE_X6Y115         FDRE (Prop_fdre_C_Q)         0.148     1.660 r  counter_reg[1]/Q
                         net (fo=17, routed)          0.316     1.977    counter[1]
    SLICE_X0Y112         LUT3 (Prop_lut3_I0_O)        0.098     2.075 r  disp_index_OBUF[3]_inst_i_1/O
                         net (fo=1, routed)           0.324     2.398    disp_index_OBUF[3]
    J14                  OBUF (Prop_obuf_I_O)         1.253     3.651 r  disp_index_OBUF[3]_inst/O
                         net (fo=0)                   0.000     3.651    disp_index[3]
    J14                                                               r  disp_index[3] (OUT)
  -------------------------------------------------------------------    -------------------

Slack:                    inf
  Source:                 counter_reg[2]/C
                            (rising edge-triggered cell FDRE clocked by sys_clk_pin  {rise@0.000ns fall@5.000ns period=10.000ns})
  Destination:            disp_val[4]
                            (output port)
  Path Group:             (none)
  Path Type:              Min at Fast Process Corner
  Data Path Delay:        2.240ns  (logic 1.403ns (62.636%)  route 0.837ns (37.364%))
  Logic Levels:           2  (LUT6=1 OBUF=1)
  Clock Uncertainty:      0.025ns  ((TSJ^2 + TIJ^2)^1/2 + DJ) / 2 + PE
    Total System Jitter     (TSJ):    0.050ns
    Total Input Jitter      (TIJ):    0.000ns
    Discrete Jitter          (DJ):    0.000ns
    Phase Error              (PE):    0.000ns

    Location             Delay type                Incr(ns)  Path(ns)    Netlist Resource(s)
  -------------------------------------------------------------------    -------------------
                         (clock sys_clk_pin rise edge)
                                                      0.000     0.000 r  
    E3                                                0.000     0.000 r  CLK (IN)
                         net (fo=0)                   0.000     0.000    CLK
    E3                   IBUF (Prop_ibuf_I_O)         0.250     0.250 r  CLK_IBUF_inst/O
                         net (fo=1, routed)           0.644     0.894    CLK_IBUF
    BUFGCTRL_X0Y16       BUFG (Prop_bufg_I_O)         0.026     0.920 r  CLK_IBUF_BUFG_inst/O
                         net (fo=20, routed)          0.593     1.512    CLK_IBUF_BUFG
    SLICE_X6Y115         FDRE                                         r  counter_reg[2]/C
  -------------------------------------------------------------------    -------------------
    SLICE_X6Y115         FDRE (Prop_fdre_C_Q)         0.164     1.676 r  counter_reg[2]/Q
                         net (fo=16, routed)          0.313     1.989    counter[2]
    SLICE_X1Y116         LUT6 (Prop_lut6_I2_O)        0.045     2.034 r  disp_val_OBUF[4]_inst_i_1/O
                         net (fo=1, routed)           0.524     2.559    disp_val_OBUF[4]
    K16                  OBUF (Prop_obuf_I_O)         1.194     3.753 r  disp_val_OBUF[4]_inst/O
                         net (fo=0)                   0.000     3.753    disp_val[4]
    K16                                                               r  disp_val[4] (OUT)
  -------------------------------------------------------------------    -------------------

Slack:                    inf
  Source:                 counter_reg[2]/C
                            (rising edge-triggered cell FDRE clocked by sys_clk_pin  {rise@0.000ns fall@5.000ns period=10.000ns})
  Destination:            disp_index[1]
                            (output port)
  Path Group:             (none)
  Path Type:              Min at Fast Process Corner
  Data Path Delay:        2.283ns  (logic 1.445ns (63.311%)  route 0.838ns (36.689%))
  Logic Levels:           2  (LUT3=1 OBUF=1)
  Clock Uncertainty:      0.025ns  ((TSJ^2 + TIJ^2)^1/2 + DJ) / 2 + PE
    Total System Jitter     (TSJ):    0.050ns
    Total Input Jitter      (TIJ):    0.000ns
    Discrete Jitter          (DJ):    0.000ns
    Phase Error              (PE):    0.000ns

    Location             Delay type                Incr(ns)  Path(ns)    Netlist Resource(s)
  -------------------------------------------------------------------    -------------------
                         (clock sys_clk_pin rise edge)
                                                      0.000     0.000 r  
    E3                                                0.000     0.000 r  CLK (IN)
                         net (fo=0)                   0.000     0.000    CLK
    E3                   IBUF (Prop_ibuf_I_O)         0.250     0.250 r  CLK_IBUF_inst/O
                         net (fo=1, routed)           0.644     0.894    CLK_IBUF
    BUFGCTRL_X0Y16       BUFG (Prop_bufg_I_O)         0.026     0.920 r  CLK_IBUF_BUFG_inst/O
                         net (fo=20, routed)          0.593     1.512    CLK_IBUF_BUFG
    SLICE_X6Y115         FDRE                                         r  counter_reg[2]/C
  -------------------------------------------------------------------    -------------------
    SLICE_X6Y115         FDRE (Prop_fdre_C_Q)         0.164     1.676 f  counter_reg[2]/Q
                         net (fo=16, routed)          0.352     2.028    counter[2]
    SLICE_X0Y112         LUT3 (Prop_lut3_I2_O)        0.045     2.073 r  disp_index_OBUF[1]_inst_i_1/O
                         net (fo=1, routed)           0.486     2.559    disp_index_OBUF[1]
    J18                  OBUF (Prop_obuf_I_O)         1.236     3.795 r  disp_index_OBUF[1]_inst/O
                         net (fo=0)                   0.000     3.795    disp_index[1]
    J18                                                               r  disp_index[1] (OUT)
  -------------------------------------------------------------------    -------------------

Slack:                    inf
  Source:                 counter_reg[2]/C
                            (rising edge-triggered cell FDRE clocked by sys_clk_pin  {rise@0.000ns fall@5.000ns period=10.000ns})
  Destination:            disp_index[0]
                            (output port)
  Path Group:             (none)
  Path Type:              Min at Fast Process Corner
  Data Path Delay:        2.315ns  (logic 1.512ns (65.338%)  route 0.802ns (34.662%))
  Logic Levels:           2  (LUT3=1 OBUF=1)
  Clock Uncertainty:      0.025ns  ((TSJ^2 + TIJ^2)^1/2 + DJ) / 2 + PE
    Total System Jitter     (TSJ):    0.050ns
    Total Input Jitter      (TIJ):    0.000ns
    Discrete Jitter          (DJ):    0.000ns
    Phase Error              (PE):    0.000ns

    Location             Delay type                Incr(ns)  Path(ns)    Netlist Resource(s)
  -------------------------------------------------------------------    -------------------
                         (clock sys_clk_pin rise edge)
                                                      0.000     0.000 r  
    E3                                                0.000     0.000 r  CLK (IN)
                         net (fo=0)                   0.000     0.000    CLK
    E3                   IBUF (Prop_ibuf_I_O)         0.250     0.250 r  CLK_IBUF_inst/O
                         net (fo=1, routed)           0.644     0.894    CLK_IBUF
    BUFGCTRL_X0Y16       BUFG (Prop_bufg_I_O)         0.026     0.920 r  CLK_IBUF_BUFG_inst/O
                         net (fo=20, routed)          0.593     1.512    CLK_IBUF_BUFG
    SLICE_X6Y115         FDRE                                         r  counter_reg[2]/C
  -------------------------------------------------------------------    -------------------
    SLICE_X6Y115         FDRE (Prop_fdre_C_Q)         0.164     1.676 f  counter_reg[2]/Q
                         net (fo=16, routed)          0.344     2.020    counter[2]
    SLICE_X0Y112         LUT3 (Prop_lut3_I2_O)        0.045     2.065 r  disp_index_OBUF[0]_inst_i_1/O
                         net (fo=1, routed)           0.458     2.524    disp_index_OBUF[0]
    J17                  OBUF (Prop_obuf_I_O)         1.303     3.827 r  disp_index_OBUF[0]_inst/O
                         net (fo=0)                   0.000     3.827    disp_index[0]
    J17                                                               r  disp_index[0] (OUT)
  -------------------------------------------------------------------    -------------------

Slack:                    inf
  Source:                 counter_reg[2]/C
                            (rising edge-triggered cell FDRE clocked by sys_clk_pin  {rise@0.000ns fall@5.000ns period=10.000ns})
  Destination:            disp_val[0]
                            (output port)
  Path Group:             (none)
  Path Type:              Min at Fast Process Corner
  Data Path Delay:        2.451ns  (logic 1.447ns (59.045%)  route 1.004ns (40.955%))
  Logic Levels:           2  (LUT6=1 OBUF=1)
  Clock Uncertainty:      0.025ns  ((TSJ^2 + TIJ^2)^1/2 + DJ) / 2 + PE
    Total System Jitter     (TSJ):    0.050ns
    Total Input Jitter      (TIJ):    0.000ns
    Discrete Jitter          (DJ):    0.000ns
    Phase Error              (PE):    0.000ns

    Location             Delay type                Incr(ns)  Path(ns)    Netlist Resource(s)
  -------------------------------------------------------------------    -------------------
                         (clock sys_clk_pin rise edge)
                                                      0.000     0.000 r  
    E3                                                0.000     0.000 r  CLK (IN)
                         net (fo=0)                   0.000     0.000    CLK
    E3                   IBUF (Prop_ibuf_I_O)         0.250     0.250 r  CLK_IBUF_inst/O
                         net (fo=1, routed)           0.644     0.894    CLK_IBUF
    BUFGCTRL_X0Y16       BUFG (Prop_bufg_I_O)         0.026     0.920 r  CLK_IBUF_BUFG_inst/O
                         net (fo=20, routed)          0.593     1.512    CLK_IBUF_BUFG
    SLICE_X6Y115         FDRE                                         r  counter_reg[2]/C
  -------------------------------------------------------------------    -------------------
    SLICE_X6Y115         FDRE (Prop_fdre_C_Q)         0.164     1.676 r  counter_reg[2]/Q
                         net (fo=16, routed)          0.328     2.005    counter[2]
    SLICE_X0Y117         LUT6 (Prop_lut6_I2_O)        0.045     2.050 r  disp_val_OBUF[0]_inst_i_1/O
                         net (fo=1, routed)           0.676     2.725    disp_val_OBUF[0]
    L18                  OBUF (Prop_obuf_I_O)         1.238     3.963 r  disp_val_OBUF[0]_inst/O
                         net (fo=0)                   0.000     3.963    disp_val[0]
    L18                                                               r  disp_val[0] (OUT)
  -------------------------------------------------------------------    -------------------

Slack:                    inf
  Source:                 counter_reg[1]/C
                            (rising edge-triggered cell FDRE clocked by sys_clk_pin  {rise@0.000ns fall@5.000ns period=10.000ns})
  Destination:            disp_index[4]
                            (output port)
  Path Group:             (none)
  Path Type:              Min at Fast Process Corner
  Data Path Delay:        2.561ns  (logic 1.497ns (58.446%)  route 1.064ns (41.554%))
  Logic Levels:           2  (LUT3=1 OBUF=1)
  Clock Uncertainty:      0.025ns  ((TSJ^2 + TIJ^2)^1/2 + DJ) / 2 + PE
    Total System Jitter     (TSJ):    0.050ns
    Total Input Jitter      (TIJ):    0.000ns
    Discrete Jitter          (DJ):    0.000ns
    Phase Error              (PE):    0.000ns

    Location             Delay type                Incr(ns)  Path(ns)    Netlist Resource(s)
  -------------------------------------------------------------------    -------------------
                         (clock sys_clk_pin rise edge)
                                                      0.000     0.000 r  
    E3                                                0.000     0.000 r  CLK (IN)
                         net (fo=0)                   0.000     0.000    CLK
    E3                   IBUF (Prop_ibuf_I_O)         0.250     0.250 r  CLK_IBUF_inst/O
                         net (fo=1, routed)           0.644     0.894    CLK_IBUF
    BUFGCTRL_X0Y16       BUFG (Prop_bufg_I_O)         0.026     0.920 r  CLK_IBUF_BUFG_inst/O
                         net (fo=20, routed)          0.593     1.512    CLK_IBUF_BUFG
    SLICE_X6Y115         FDRE                                         r  counter_reg[1]/C
  -------------------------------------------------------------------    -------------------
    SLICE_X6Y115         FDRE (Prop_fdre_C_Q)         0.148     1.660 f  counter_reg[1]/Q
                         net (fo=17, routed)          0.314     1.974    counter[1]
    SLICE_X0Y112         LUT3 (Prop_lut3_I0_O)        0.098     2.072 r  disp_index_OBUF[4]_inst_i_1/O
                         net (fo=1, routed)           0.751     2.823    disp_index_OBUF[4]
    P14                  OBUF (Prop_obuf_I_O)         1.251     4.073 r  disp_index_OBUF[4]_inst/O
                         net (fo=0)                   0.000     4.073    disp_index[4]
    P14                                                               r  disp_index[4] (OUT)
  -------------------------------------------------------------------    -------------------

Slack:                    inf
  Source:                 counter_reg[2]/C
                            (rising edge-triggered cell FDRE clocked by sys_clk_pin  {rise@0.000ns fall@5.000ns period=10.000ns})
  Destination:            disp_val[2]
                            (output port)
  Path Group:             (none)
  Path Type:              Min at Fast Process Corner
  Data Path Delay:        2.709ns  (logic 1.443ns (53.284%)  route 1.265ns (46.716%))
  Logic Levels:           2  (LUT6=1 OBUF=1)
  Clock Uncertainty:      0.025ns  ((TSJ^2 + TIJ^2)^1/2 + DJ) / 2 + PE
    Total System Jitter     (TSJ):    0.050ns
    Total Input Jitter      (TIJ):    0.000ns
    Discrete Jitter          (DJ):    0.000ns
    Phase Error              (PE):    0.000ns

    Location             Delay type                Incr(ns)  Path(ns)    Netlist Resource(s)
  -------------------------------------------------------------------    -------------------
                         (clock sys_clk_pin rise edge)
                                                      0.000     0.000 r  
    E3                                                0.000     0.000 r  CLK (IN)
                         net (fo=0)                   0.000     0.000    CLK
    E3                   IBUF (Prop_ibuf_I_O)         0.250     0.250 r  CLK_IBUF_inst/O
                         net (fo=1, routed)           0.644     0.894    CLK_IBUF
    BUFGCTRL_X0Y16       BUFG (Prop_bufg_I_O)         0.026     0.920 r  CLK_IBUF_BUFG_inst/O
                         net (fo=20, routed)          0.593     1.512    CLK_IBUF_BUFG
    SLICE_X6Y115         FDRE                                         r  counter_reg[2]/C
  -------------------------------------------------------------------    -------------------
    SLICE_X6Y115         FDRE (Prop_fdre_C_Q)         0.164     1.676 r  counter_reg[2]/Q
                         net (fo=16, routed)          0.313     1.989    counter[2]
    SLICE_X1Y116         LUT6 (Prop_lut6_I2_O)        0.045     2.034 r  disp_val_OBUF[2]_inst_i_1/O
                         net (fo=1, routed)           0.953     2.987    disp_val_OBUF[2]
    P15                  OBUF (Prop_obuf_I_O)         1.234     4.221 r  disp_val_OBUF[2]_inst/O
                         net (fo=0)                   0.000     4.221    disp_val[2]
    P15                                                               r  disp_val[2] (OUT)
  -------------------------------------------------------------------    -------------------

Slack:                    inf
  Source:                 counter_reg[1]/C
                            (rising edge-triggered cell FDRE clocked by sys_clk_pin  {rise@0.000ns fall@5.000ns period=10.000ns})
  Destination:            disp_index[5]
                            (output port)
  Path Group:             (none)
  Path Type:              Min at Fast Process Corner
  Data Path Delay:        2.827ns  (logic 1.562ns (55.266%)  route 1.265ns (44.734%))
  Logic Levels:           2  (LUT3=1 OBUF=1)
  Clock Uncertainty:      0.025ns  ((TSJ^2 + TIJ^2)^1/2 + DJ) / 2 + PE
    Total System Jitter     (TSJ):    0.050ns
    Total Input Jitter      (TIJ):    0.000ns
    Discrete Jitter          (DJ):    0.000ns
    Phase Error              (PE):    0.000ns

    Location             Delay type                Incr(ns)  Path(ns)    Netlist Resource(s)
  -------------------------------------------------------------------    -------------------
                         (clock sys_clk_pin rise edge)
                                                      0.000     0.000 r  
    E3                                                0.000     0.000 r  CLK (IN)
                         net (fo=0)                   0.000     0.000    CLK
    E3                   IBUF (Prop_ibuf_I_O)         0.250     0.250 r  CLK_IBUF_inst/O
                         net (fo=1, routed)           0.644     0.894    CLK_IBUF
    BUFGCTRL_X0Y16       BUFG (Prop_bufg_I_O)         0.026     0.920 r  CLK_IBUF_BUFG_inst/O
                         net (fo=20, routed)          0.593     1.512    CLK_IBUF_BUFG
    SLICE_X6Y115         FDRE                                         r  counter_reg[1]/C
  -------------------------------------------------------------------    -------------------
    SLICE_X6Y115         FDRE (Prop_fdre_C_Q)         0.148     1.660 f  counter_reg[1]/Q
                         net (fo=17, routed)          0.314     1.974    counter[1]
    SLICE_X0Y112         LUT3 (Prop_lut3_I0_O)        0.095     2.069 r  disp_index_OBUF[5]_inst_i_1/O
                         net (fo=1, routed)           0.951     3.020    disp_index_OBUF[5]
    T14                  OBUF (Prop_obuf_I_O)         1.319     4.339 r  disp_index_OBUF[5]_inst/O
                         net (fo=0)                   0.000     4.339    disp_index[5]
    T14                                                               r  disp_index[5] (OUT)
  -------------------------------------------------------------------    -------------------

Slack:                    inf
  Source:                 counter_reg[2]/C
                            (rising edge-triggered cell FDRE clocked by sys_clk_pin  {rise@0.000ns fall@5.000ns period=10.000ns})
  Destination:            disp_val[1]
                            (output port)
  Path Group:             (none)
  Path Type:              Min at Fast Process Corner
  Data Path Delay:        2.830ns  (logic 1.470ns (51.949%)  route 1.360ns (48.051%))
  Logic Levels:           2  (LUT6=1 OBUF=1)
  Clock Uncertainty:      0.025ns  ((TSJ^2 + TIJ^2)^1/2 + DJ) / 2 + PE
    Total System Jitter     (TSJ):    0.050ns
    Total Input Jitter      (TIJ):    0.000ns
    Discrete Jitter          (DJ):    0.000ns
    Phase Error              (PE):    0.000ns

    Location             Delay type                Incr(ns)  Path(ns)    Netlist Resource(s)
  -------------------------------------------------------------------    -------------------
                         (clock sys_clk_pin rise edge)
                                                      0.000     0.000 r  
    E3                                                0.000     0.000 r  CLK (IN)
                         net (fo=0)                   0.000     0.000    CLK
    E3                   IBUF (Prop_ibuf_I_O)         0.250     0.250 r  CLK_IBUF_inst/O
                         net (fo=1, routed)           0.644     0.894    CLK_IBUF
    BUFGCTRL_X0Y16       BUFG (Prop_bufg_I_O)         0.026     0.920 r  CLK_IBUF_BUFG_inst/O
                         net (fo=20, routed)          0.593     1.512    CLK_IBUF_BUFG
    SLICE_X6Y115         FDRE                                         r  counter_reg[2]/C
  -------------------------------------------------------------------    -------------------
    SLICE_X6Y115         FDRE (Prop_fdre_C_Q)         0.164     1.676 r  counter_reg[2]/Q
                         net (fo=16, routed)          0.247     1.924    counter[2]
    SLICE_X1Y117         LUT6 (Prop_lut6_I2_O)        0.045     1.969 r  disp_val_OBUF[1]_inst_i_1/O
                         net (fo=1, routed)           1.112     3.081    disp_val_OBUF[1]
    T11                  OBUF (Prop_obuf_I_O)         1.261     4.343 r  disp_val_OBUF[1]_inst/O
                         net (fo=0)                   0.000     4.343    disp_val[1]
    T11                                                               r  disp_val[1] (OUT)
  -------------------------------------------------------------------    -------------------





