Copyright 1986-2022 Xilinx, Inc. All Rights Reserved. Copyright 2022-2025 Advanced Micro Devices, Inc. All Rights Reserved.
---------------------------------------------------------------------------------------------------------------------------------------------------------------------------------------------------------------------------------
| Tool Version : Vivado v.2025.2 (lin64) Build 6299465 Fri Nov 14 12:34:56 MST 2025
| Date         : Tue Apr 28 20:51:16 2026
| Host         : pop-os running 64-bit Pop!_OS 22.04 LTS
| Command      : report_timing_summary -max_paths 10 -routable_nets -report_unconstrained -file Control_timing_summary_routed.rpt -pb Control_timing_summary_routed.pb -rpx Control_timing_summary_routed.rpx -warn_on_violation
| Design       : Control
| Device       : 7a100t-csg324
| Speed File   : -2  PRODUCTION 1.23 2018-06-13
| Design State : Routed
---------------------------------------------------------------------------------------------------------------------------------------------------------------------------------------------------------------------------------

Timing Summary Report

------------------------------------------------------------------------------------------------
| Timer Settings
| --------------
------------------------------------------------------------------------------------------------

  Enable Multi Corner Analysis               :  Yes
  Enable Pessimism Removal                   :  Yes
  Pessimism Removal Resolution               :  Nearest Common Node
  Enable Input Delay Default Clock           :  No
  Enable Preset / Clear Arcs                 :  No
  Disable Flight Delays                      :  No
  Ignore I/O Paths                           :  No
  Timing Early Launch at Borrowing Latches   :  No
  Borrow Time for Max Delay Exceptions       :  Yes
  Merge Timing Exceptions                    :  Yes
  Inter-SLR Compensation                     :  Conservative

  Corner  Analyze    Analyze    
  Name    Max Paths  Min Paths  
  ------  ---------  ---------  
  Slow    Yes        Yes        
  Fast    Yes        Yes        


------------------------------------------------------------------------------------------------
| Report Methodology
| ------------------
------------------------------------------------------------------------------------------------

Rule       Severity  Description                    Violations  
---------  --------  -----------------------------  ----------  
TIMING-18  Warning   Missing input or output delay  19          

Note: This report is based on the most recent report_methodology run and may not be up-to-date. Run report_methodology on the current design for the latest report.



check_timing report

Table of Contents
-----------------
1. checking no_clock (0)
2. checking constant_clock (0)
3. checking pulse_width_clock (0)
4. checking unconstrained_internal_endpoints (0)
5. checking no_input_delay (7)
6. checking no_output_delay (12)
7. checking multiple_clock (0)
8. checking generated_clocks (0)
9. checking loops (0)
10. checking partial_input_delay (0)
11. checking partial_output_delay (0)
12. checking latch_loops (0)

1. checking no_clock (0)
------------------------
 There are 0 register/latch pins with no clock.


2. checking constant_clock (0)
------------------------------
 There are 0 register/latch pins with constant_clock.


3. checking pulse_width_clock (0)
---------------------------------
 There are 0 register/latch pins which need pulse_width check


4. checking unconstrained_internal_endpoints (0)
------------------------------------------------
 There are 0 pins that are not constrained for maximum delay.

 There are 0 pins that are not constrained for maximum delay due to constant clock.


5. checking no_input_delay (7)
------------------------------
 There are 7 input ports with no input delay specified. (HIGH)

 There are 0 input ports with no input delay but user has a false path constraint.


6. checking no_output_delay (12)
--------------------------------
 There are 12 ports with no output delay specified. (HIGH)

 There are 0 ports with no output delay but user has a false path constraint

 There are 0 ports with no output delay but with a timing clock defined on it or propagating through it


7. checking multiple_clock (0)
------------------------------
 There are 0 register/latch pins with multiple clocks.


8. checking generated_clocks (0)
--------------------------------
 There are 0 generated clocks that are not connected to a clock source.


9. checking loops (0)
---------------------
 There are 0 combinational loops in the design.


10. checking partial_input_delay (0)
------------------------------------
 There are 0 input ports with partial input delay specified.


11. checking partial_output_delay (0)
-------------------------------------
 There are 0 ports with partial output delay specified.


12. checking latch_loops (0)
----------------------------
 There are 0 combinational latch loops in the design through latch input



------------------------------------------------------------------------------------------------
| Design Timing Summary
| ---------------------
------------------------------------------------------------------------------------------------

    WNS(ns)      TNS(ns)  TNS Failing Endpoints  TNS Total Endpoints      WHS(ns)      THS(ns)  THS Failing Endpoints  THS Total Endpoints     WPWS(ns)     TPWS(ns)  TPWS Failing Endpoints  TPWS Total Endpoints  
    -------      -------  ---------------------  -------------------      -------      -------  ---------------------  -------------------     --------     --------  ----------------------  --------------------  
        inf        0.000                      0                   24          inf        0.000                      0                   24        4.500        0.000                       0                    13  


All user specified timing constraints are met.


------------------------------------------------------------------------------------------------
| Clock Summary
| -------------
------------------------------------------------------------------------------------------------

Clock        Waveform(ns)       Period(ns)      Frequency(MHz)
-----        ------------       ----------      --------------
sys_clk_pin  {0.000 5.000}      10.000          100.000         


------------------------------------------------------------------------------------------------
| Intra Clock Table
| -----------------
------------------------------------------------------------------------------------------------

Clock             WNS(ns)      TNS(ns)  TNS Failing Endpoints  TNS Total Endpoints      WHS(ns)      THS(ns)  THS Failing Endpoints  THS Total Endpoints     WPWS(ns)     TPWS(ns)  TPWS Failing Endpoints  TPWS Total Endpoints  
-----             -------      -------  ---------------------  -------------------      -------      -------  ---------------------  -------------------     --------     --------  ----------------------  --------------------  
sys_clk_pin                                                                                                                                                     4.500        0.000                       0                    13  


------------------------------------------------------------------------------------------------
| Inter Clock Table
| -----------------
------------------------------------------------------------------------------------------------

From Clock    To Clock          WNS(ns)      TNS(ns)  TNS Failing Endpoints  TNS Total Endpoints      WHS(ns)      THS(ns)  THS Failing Endpoints  THS Total Endpoints  
----------    --------          -------      -------  ---------------------  -------------------      -------      -------  ---------------------  -------------------  


------------------------------------------------------------------------------------------------
| Other Path Groups Table
| -----------------------
------------------------------------------------------------------------------------------------

Path Group    From Clock    To Clock          WNS(ns)      TNS(ns)  TNS Failing Endpoints  TNS Total Endpoints      WHS(ns)      THS(ns)  THS Failing Endpoints  THS Total Endpoints  
----------    ----------    --------          -------      -------  ---------------------  -------------------      -------      -------  ---------------------  -------------------  


------------------------------------------------------------------------------------------------
| User Ignored Path Table
| -----------------------
------------------------------------------------------------------------------------------------

Path Group    From Clock    To Clock    
----------    ----------    --------    


------------------------------------------------------------------------------------------------
| Unconstrained Path Table
| ------------------------
------------------------------------------------------------------------------------------------

Path Group    From Clock    To Clock    
----------    ----------    --------    
(none)        sys_clk_pin                 
(none)                      sys_clk_pin   


------------------------------------------------------------------------------------------------
| Timing Details
| --------------
------------------------------------------------------------------------------------------------


---------------------------------------------------------------------------------------------------
From Clock:  sys_clk_pin
  To Clock:  sys_clk_pin

Setup :           NA  Failing Endpoints,  Worst Slack           NA  ,  Total Violation           NA
Hold  :           NA  Failing Endpoints,  Worst Slack           NA  ,  Total Violation           NA
PW    :            0  Failing Endpoints,  Worst Slack        4.500ns,  Total Violation        0.000ns
---------------------------------------------------------------------------------------------------


Pulse Width Checks
--------------------------------------------------------------------------------------
Clock Name:         sys_clk_pin
Waveform(ns):       { 0.000 5.000 }
Period(ns):         10.000
Sources:            { CLK }

Check Type        Corner  Lib Pin  Reference Pin  Required(ns)  Actual(ns)  Slack(ns)  Location        Pin
Min Period        n/a     BUFG/I   n/a            1.592         10.000      8.408      BUFGCTRL_X0Y16  CLK_IBUF_BUFG_inst/I
Min Period        n/a     FDRE/C   n/a            1.000         10.000      9.000      SLICE_X0Y101    ALUCtrl_reg[0]/C
Min Period        n/a     FDRE/C   n/a            1.000         10.000      9.000      SLICE_X0Y106    ALUCtrl_reg[1]/C
Min Period        n/a     FDRE/C   n/a            1.000         10.000      9.000      SLICE_X0Y106    ALUCtrl_reg[2]/C
Min Period        n/a     FDRE/C   n/a            1.000         10.000      9.000      SLICE_X0Y110    ALUSrc_reg/C
Min Period        n/a     FDRE/C   n/a            1.000         10.000      9.000      SLICE_X0Y101    ImmSrc_reg[0]/C
Min Period        n/a     FDRE/C   n/a            1.000         10.000      9.000      SLICE_X0Y101    ImmSrc_reg[1]/C
Min Period        n/a     FDRE/C   n/a            1.000         10.000      9.000      SLICE_X0Y101    ImmSrc_reg[2]/C
Min Period        n/a     FDRE/C   n/a            1.000         10.000      9.000      SLICE_X0Y110    PCCLR_reg/C
Min Period        n/a     FDRE/C   n/a            1.000         10.000      9.000      SLICE_X0Y102    PCLD_reg/C
Low Pulse Width   Slow    FDRE/C   n/a            0.500         5.000       4.500      SLICE_X0Y101    ALUCtrl_reg[0]/C
Low Pulse Width   Fast    FDRE/C   n/a            0.500         5.000       4.500      SLICE_X0Y101    ALUCtrl_reg[0]/C
Low Pulse Width   Slow    FDRE/C   n/a            0.500         5.000       4.500      SLICE_X0Y106    ALUCtrl_reg[1]/C
Low Pulse Width   Fast    FDRE/C   n/a            0.500         5.000       4.500      SLICE_X0Y106    ALUCtrl_reg[1]/C
Low Pulse Width   Slow    FDRE/C   n/a            0.500         5.000       4.500      SLICE_X0Y106    ALUCtrl_reg[2]/C
Low Pulse Width   Fast    FDRE/C   n/a            0.500         5.000       4.500      SLICE_X0Y106    ALUCtrl_reg[2]/C
Low Pulse Width   Slow    FDRE/C   n/a            0.500         5.000       4.500      SLICE_X0Y110    ALUSrc_reg/C
Low Pulse Width   Fast    FDRE/C   n/a            0.500         5.000       4.500      SLICE_X0Y110    ALUSrc_reg/C
Low Pulse Width   Slow    FDRE/C   n/a            0.500         5.000       4.500      SLICE_X0Y101    ImmSrc_reg[0]/C
Low Pulse Width   Fast    FDRE/C   n/a            0.500         5.000       4.500      SLICE_X0Y101    ImmSrc_reg[0]/C
High Pulse Width  Slow    FDRE/C   n/a            0.500         5.000       4.500      SLICE_X0Y101    ALUCtrl_reg[0]/C
High Pulse Width  Fast    FDRE/C   n/a            0.500         5.000       4.500      SLICE_X0Y101    ALUCtrl_reg[0]/C
High Pulse Width  Slow    FDRE/C   n/a            0.500         5.000       4.500      SLICE_X0Y106    ALUCtrl_reg[1]/C
High Pulse Width  Fast    FDRE/C   n/a            0.500         5.000       4.500      SLICE_X0Y106    ALUCtrl_reg[1]/C
High Pulse Width  Slow    FDRE/C   n/a            0.500         5.000       4.500      SLICE_X0Y106    ALUCtrl_reg[2]/C
High Pulse Width  Fast    FDRE/C   n/a            0.500         5.000       4.500      SLICE_X0Y106    ALUCtrl_reg[2]/C
High Pulse Width  Slow    FDRE/C   n/a            0.500         5.000       4.500      SLICE_X0Y110    ALUSrc_reg/C
High Pulse Width  Fast    FDRE/C   n/a            0.500         5.000       4.500      SLICE_X0Y110    ALUSrc_reg/C
High Pulse Width  Slow    FDRE/C   n/a            0.500         5.000       4.500      SLICE_X0Y101    ImmSrc_reg[0]/C
High Pulse Width  Fast    FDRE/C   n/a            0.500         5.000       4.500      SLICE_X0Y101    ImmSrc_reg[0]/C



--------------------------------------------------------------------------------------
Path Group:  (none)
From Clock:  sys_clk_pin
  To Clock:  

Max Delay            12 Endpoints
Min Delay            12 Endpoints
--------------------------------------------------------------------------------------


Max Delay Paths
--------------------------------------------------------------------------------------
Slack:                    inf
  Source:                 ImmSrc_reg[2]/C
                            (rising edge-triggered cell FDRE clocked by sys_clk_pin  {rise@0.000ns fall@5.000ns period=10.000ns})
  Destination:            ImmSrc[2]
                            (output port)
  Path Group:             (none)
  Path Type:              Max at Slow Process Corner
  Data Path Delay:        6.455ns  (logic 3.677ns (56.967%)  route 2.778ns (43.033%))
  Logic Levels:           1  (OBUF=1)
  Clock Uncertainty:      0.025ns  ((TSJ^2 + TIJ^2)^1/2 + DJ) / 2 + PE
    Total System Jitter     (TSJ):    0.050ns
    Total Input Jitter      (TIJ):    0.000ns
    Discrete Jitter          (DJ):    0.000ns
    Phase Error              (PE):    0.000ns

    Location             Delay type                Incr(ns)  Path(ns)    Netlist Resource(s)
  -------------------------------------------------------------------    -------------------
                         (clock sys_clk_pin rise edge)
                                                      0.000     0.000 r  
    E3                                                0.000     0.000 r  CLK (IN)
                         net (fo=0)                   0.000     0.000    CLK
    E3                   IBUF (Prop_ibuf_I_O)         1.413     1.413 r  CLK_IBUF_inst/O
                         net (fo=1, routed)           1.717     3.130    CLK_IBUF
    BUFGCTRL_X0Y16       BUFG (Prop_bufg_I_O)         0.081     3.211 r  CLK_IBUF_BUFG_inst/O
                         net (fo=12, routed)          1.441     4.652    CLK_IBUF_BUFG
    SLICE_X0Y101         FDRE                                         r  ImmSrc_reg[2]/C
  -------------------------------------------------------------------    -------------------
    SLICE_X0Y101         FDRE (Prop_fdre_C_Q)         0.379     5.031 r  ImmSrc_reg[2]/Q
                         net (fo=1, routed)           2.778     7.809    ImmSrc_OBUF[2]
    U14                  OBUF (Prop_obuf_I_O)         3.298    11.107 r  ImmSrc_OBUF[2]_inst/O
                         net (fo=0)                   0.000    11.107    ImmSrc[2]
    U14                                                               r  ImmSrc[2] (OUT)
  -------------------------------------------------------------------    -------------------

Slack:                    inf
  Source:                 ALUSrc_reg/C
                            (rising edge-triggered cell FDRE clocked by sys_clk_pin  {rise@0.000ns fall@5.000ns period=10.000ns})
  Destination:            ALUSrc
                            (output port)
  Path Group:             (none)
  Path Type:              Max at Slow Process Corner
  Data Path Delay:        6.286ns  (logic 3.680ns (58.536%)  route 2.607ns (41.464%))
  Logic Levels:           1  (OBUF=1)
  Clock Uncertainty:      0.025ns  ((TSJ^2 + TIJ^2)^1/2 + DJ) / 2 + PE
    Total System Jitter     (TSJ):    0.050ns
    Total Input Jitter      (TIJ):    0.000ns
    Discrete Jitter          (DJ):    0.000ns
    Phase Error              (PE):    0.000ns

    Location             Delay type                Incr(ns)  Path(ns)    Netlist Resource(s)
  -------------------------------------------------------------------    -------------------
                         (clock sys_clk_pin rise edge)
                                                      0.000     0.000 r  
    E3                                                0.000     0.000 r  CLK (IN)
                         net (fo=0)                   0.000     0.000    CLK
    E3                   IBUF (Prop_ibuf_I_O)         1.413     1.413 r  CLK_IBUF_inst/O
                         net (fo=1, routed)           1.717     3.130    CLK_IBUF
    BUFGCTRL_X0Y16       BUFG (Prop_bufg_I_O)         0.081     3.211 r  CLK_IBUF_BUFG_inst/O
                         net (fo=12, routed)          1.438     4.649    CLK_IBUF_BUFG
    SLICE_X0Y110         FDRE                                         r  ALUSrc_reg/C
  -------------------------------------------------------------------    -------------------
    SLICE_X0Y110         FDRE (Prop_fdre_C_Q)         0.379     5.028 r  ALUSrc_reg/Q
                         net (fo=1, routed)           2.607     7.634    ALUSrc_OBUF
    U17                  OBUF (Prop_obuf_I_O)         3.301    10.935 r  ALUSrc_OBUF_inst/O
                         net (fo=0)                   0.000    10.935    ALUSrc
    U17                                                               r  ALUSrc (OUT)
  -------------------------------------------------------------------    -------------------

Slack:                    inf
  Source:                 ALUCtrl_reg[2]/C
                            (rising edge-triggered cell FDRE clocked by sys_clk_pin  {rise@0.000ns fall@5.000ns period=10.000ns})
  Destination:            ALUCtrl[2]
                            (output port)
  Path Group:             (none)
  Path Type:              Max at Slow Process Corner
  Data Path Delay:        6.158ns  (logic 3.680ns (59.756%)  route 2.478ns (40.244%))
  Logic Levels:           1  (OBUF=1)
  Clock Uncertainty:      0.025ns  ((TSJ^2 + TIJ^2)^1/2 + DJ) / 2 + PE
    Total System Jitter     (TSJ):    0.050ns
    Total Input Jitter      (TIJ):    0.000ns
    Discrete Jitter          (DJ):    0.000ns
    Phase Error              (PE):    0.000ns

    Location             Delay type                Incr(ns)  Path(ns)    Netlist Resource(s)
  -------------------------------------------------------------------    -------------------
                         (clock sys_clk_pin rise edge)
                                                      0.000     0.000 r  
    E3                                                0.000     0.000 r  CLK (IN)
                         net (fo=0)                   0.000     0.000    CLK
    E3                   IBUF (Prop_ibuf_I_O)         1.413     1.413 r  CLK_IBUF_inst/O
                         net (fo=1, routed)           1.717     3.130    CLK_IBUF
    BUFGCTRL_X0Y16       BUFG (Prop_bufg_I_O)         0.081     3.211 r  CLK_IBUF_BUFG_inst/O
                         net (fo=12, routed)          1.440     4.651    CLK_IBUF_BUFG
    SLICE_X0Y106         FDRE                                         r  ALUCtrl_reg[2]/C
  -------------------------------------------------------------------    -------------------
    SLICE_X0Y106         FDRE (Prop_fdre_C_Q)         0.379     5.030 r  ALUCtrl_reg[2]/Q
                         net (fo=1, routed)           2.478     7.508    ALUCtrl_OBUF[2]
    U16                  OBUF (Prop_obuf_I_O)         3.301    10.809 r  ALUCtrl_OBUF[2]_inst/O
                         net (fo=0)                   0.000    10.809    ALUCtrl[2]
    U16                                                               r  ALUCtrl[2] (OUT)
  -------------------------------------------------------------------    -------------------

Slack:                    inf
  Source:                 ALUCtrl_reg[1]/C
                            (rising edge-triggered cell FDRE clocked by sys_clk_pin  {rise@0.000ns fall@5.000ns period=10.000ns})
  Destination:            ALUCtrl[1]
                            (output port)
  Path Group:             (none)
  Path Type:              Max at Slow Process Corner
  Data Path Delay:        6.156ns  (logic 3.672ns (59.649%)  route 2.484ns (40.351%))
  Logic Levels:           1  (OBUF=1)
  Clock Uncertainty:      0.025ns  ((TSJ^2 + TIJ^2)^1/2 + DJ) / 2 + PE
    Total System Jitter     (TSJ):    0.050ns
    Total Input Jitter      (TIJ):    0.000ns
    Discrete Jitter          (DJ):    0.000ns
    Phase Error              (PE):    0.000ns

    Location             Delay type                Incr(ns)  Path(ns)    Netlist Resource(s)
  -------------------------------------------------------------------    -------------------
                         (clock sys_clk_pin rise edge)
                                                      0.000     0.000 r  
    E3                                                0.000     0.000 r  CLK (IN)
                         net (fo=0)                   0.000     0.000    CLK
    E3                   IBUF (Prop_ibuf_I_O)         1.413     1.413 r  CLK_IBUF_inst/O
                         net (fo=1, routed)           1.717     3.130    CLK_IBUF
    BUFGCTRL_X0Y16       BUFG (Prop_bufg_I_O)         0.081     3.211 r  CLK_IBUF_BUFG_inst/O
                         net (fo=12, routed)          1.440     4.651    CLK_IBUF_BUFG
    SLICE_X0Y106         FDRE                                         r  ALUCtrl_reg[1]/C
  -------------------------------------------------------------------    -------------------
    SLICE_X0Y106         FDRE (Prop_fdre_C_Q)         0.379     5.030 r  ALUCtrl_reg[1]/Q
                         net (fo=1, routed)           2.484     7.514    ALUCtrl_OBUF[1]
    V16                  OBUF (Prop_obuf_I_O)         3.293    10.807 r  ALUCtrl_OBUF[1]_inst/O
                         net (fo=0)                   0.000    10.807    ALUCtrl[1]
    V16                                                               r  ALUCtrl[1] (OUT)
  -------------------------------------------------------------------    -------------------

Slack:                    inf
  Source:                 ImmSrc_reg[0]/C
                            (rising edge-triggered cell FDRE clocked by sys_clk_pin  {rise@0.000ns fall@5.000ns period=10.000ns})
  Destination:            ImmSrc[0]
                            (output port)
  Path Group:             (none)
  Path Type:              Max at Slow Process Corner
  Data Path Delay:        6.106ns  (logic 3.676ns (60.212%)  route 2.429ns (39.788%))
  Logic Levels:           1  (OBUF=1)
  Clock Uncertainty:      0.025ns  ((TSJ^2 + TIJ^2)^1/2 + DJ) / 2 + PE
    Total System Jitter     (TSJ):    0.050ns
    Total Input Jitter      (TIJ):    0.000ns
    Discrete Jitter          (DJ):    0.000ns
    Phase Error              (PE):    0.000ns

    Location             Delay type                Incr(ns)  Path(ns)    Netlist Resource(s)
  -------------------------------------------------------------------    -------------------
                         (clock sys_clk_pin rise edge)
                                                      0.000     0.000 r  
    E3                                                0.000     0.000 r  CLK (IN)
                         net (fo=0)                   0.000     0.000    CLK
    E3                   IBUF (Prop_ibuf_I_O)         1.413     1.413 r  CLK_IBUF_inst/O
                         net (fo=1, routed)           1.717     3.130    CLK_IBUF
    BUFGCTRL_X0Y16       BUFG (Prop_bufg_I_O)         0.081     3.211 r  CLK_IBUF_BUFG_inst/O
                         net (fo=12, routed)          1.441     4.652    CLK_IBUF_BUFG
    SLICE_X0Y101         FDRE                                         r  ImmSrc_reg[0]/C
  -------------------------------------------------------------------    -------------------
    SLICE_X0Y101         FDRE (Prop_fdre_C_Q)         0.379     5.031 r  ImmSrc_reg[0]/Q
                         net (fo=1, routed)           2.429     7.460    ImmSrc_OBUF[0]
    V15                  OBUF (Prop_obuf_I_O)         3.297    10.758 r  ImmSrc_OBUF[0]_inst/O
                         net (fo=0)                   0.000    10.758    ImmSrc[0]
    V15                                                               r  ImmSrc[0] (OUT)
  -------------------------------------------------------------------    -------------------

Slack:                    inf
  Source:                 ImmSrc_reg[1]/C
                            (rising edge-triggered cell FDRE clocked by sys_clk_pin  {rise@0.000ns fall@5.000ns period=10.000ns})
  Destination:            ImmSrc[1]
                            (output port)
  Path Group:             (none)
  Path Type:              Max at Slow Process Corner
  Data Path Delay:        5.921ns  (logic 3.656ns (61.748%)  route 2.265ns (38.252%))
  Logic Levels:           1  (OBUF=1)
  Clock Uncertainty:      0.025ns  ((TSJ^2 + TIJ^2)^1/2 + DJ) / 2 + PE
    Total System Jitter     (TSJ):    0.050ns
    Total Input Jitter      (TIJ):    0.000ns
    Discrete Jitter          (DJ):    0.000ns
    Phase Error              (PE):    0.000ns

    Location             Delay type                Incr(ns)  Path(ns)    Netlist Resource(s)
  -------------------------------------------------------------------    -------------------
                         (clock sys_clk_pin rise edge)
                                                      0.000     0.000 r  
    E3                                                0.000     0.000 r  CLK (IN)
                         net (fo=0)                   0.000     0.000    CLK
    E3                   IBUF (Prop_ibuf_I_O)         1.413     1.413 r  CLK_IBUF_inst/O
                         net (fo=1, routed)           1.717     3.130    CLK_IBUF
    BUFGCTRL_X0Y16       BUFG (Prop_bufg_I_O)         0.081     3.211 r  CLK_IBUF_BUFG_inst/O
                         net (fo=12, routed)          1.441     4.652    CLK_IBUF_BUFG
    SLICE_X0Y101         FDRE                                         r  ImmSrc_reg[1]/C
  -------------------------------------------------------------------    -------------------
    SLICE_X0Y101         FDRE (Prop_fdre_C_Q)         0.379     5.031 r  ImmSrc_reg[1]/Q
                         net (fo=1, routed)           2.265     7.296    ImmSrc_OBUF[1]
    T16                  OBUF (Prop_obuf_I_O)         3.277    10.573 r  ImmSrc_OBUF[1]_inst/O
                         net (fo=0)                   0.000    10.573    ImmSrc[1]
    T16                                                               r  ImmSrc[1] (OUT)
  -------------------------------------------------------------------    -------------------

Slack:                    inf
  Source:                 ALUCtrl_reg[0]/C
                            (rising edge-triggered cell FDRE clocked by sys_clk_pin  {rise@0.000ns fall@5.000ns period=10.000ns})
  Destination:            ALUCtrl[0]
                            (output port)
  Path Group:             (none)
  Path Type:              Max at Slow Process Corner
  Data Path Delay:        5.823ns  (logic 3.679ns (63.179%)  route 2.144ns (36.821%))
  Logic Levels:           1  (OBUF=1)
  Clock Uncertainty:      0.025ns  ((TSJ^2 + TIJ^2)^1/2 + DJ) / 2 + PE
    Total System Jitter     (TSJ):    0.050ns
    Total Input Jitter      (TIJ):    0.000ns
    Discrete Jitter          (DJ):    0.000ns
    Phase Error              (PE):    0.000ns

    Location             Delay type                Incr(ns)  Path(ns)    Netlist Resource(s)
  -------------------------------------------------------------------    -------------------
                         (clock sys_clk_pin rise edge)
                                                      0.000     0.000 r  
    E3                                                0.000     0.000 r  CLK (IN)
                         net (fo=0)                   0.000     0.000    CLK
    E3                   IBUF (Prop_ibuf_I_O)         1.413     1.413 r  CLK_IBUF_inst/O
                         net (fo=1, routed)           1.717     3.130    CLK_IBUF
    BUFGCTRL_X0Y16       BUFG (Prop_bufg_I_O)         0.081     3.211 r  CLK_IBUF_BUFG_inst/O
                         net (fo=12, routed)          1.441     4.652    CLK_IBUF_BUFG
    SLICE_X0Y101         FDRE                                         r  ALUCtrl_reg[0]/C
  -------------------------------------------------------------------    -------------------
    SLICE_X0Y101         FDRE (Prop_fdre_C_Q)         0.379     5.031 r  ALUCtrl_reg[0]/Q
                         net (fo=1, routed)           2.144     7.175    ALUCtrl_OBUF[0]
    T15                  OBUF (Prop_obuf_I_O)         3.300    10.475 r  ALUCtrl_OBUF[0]_inst/O
                         net (fo=0)                   0.000    10.475    ALUCtrl[0]
    T15                                                               r  ALUCtrl[0] (OUT)
  -------------------------------------------------------------------    -------------------

Slack:                    inf
  Source:                 ResultSrc_reg/C
                            (rising edge-triggered cell FDRE clocked by sys_clk_pin  {rise@0.000ns fall@5.000ns period=10.000ns})
  Destination:            ResultSrc
                            (output port)
  Path Group:             (none)
  Path Type:              Max at Slow Process Corner
  Data Path Delay:        5.666ns  (logic 3.779ns (66.698%)  route 1.887ns (33.302%))
  Logic Levels:           1  (OBUF=1)
  Clock Uncertainty:      0.025ns  ((TSJ^2 + TIJ^2)^1/2 + DJ) / 2 + PE
    Total System Jitter     (TSJ):    0.050ns
    Total Input Jitter      (TIJ):    0.000ns
    Discrete Jitter          (DJ):    0.000ns
    Phase Error              (PE):    0.000ns

    Location             Delay type                Incr(ns)  Path(ns)    Netlist Resource(s)
  -------------------------------------------------------------------    -------------------
                         (clock sys_clk_pin rise edge)
                                                      0.000     0.000 r  
    E3                                                0.000     0.000 r  CLK (IN)
                         net (fo=0)                   0.000     0.000    CLK
    E3                   IBUF (Prop_ibuf_I_O)         1.413     1.413 r  CLK_IBUF_inst/O
                         net (fo=1, routed)           1.717     3.130    CLK_IBUF
    BUFGCTRL_X0Y16       BUFG (Prop_bufg_I_O)         0.081     3.211 r  CLK_IBUF_BUFG_inst/O
                         net (fo=12, routed)          1.441     4.652    CLK_IBUF_BUFG
    SLICE_X0Y101         FDRE                                         r  ResultSrc_reg/C
  -------------------------------------------------------------------    -------------------
    SLICE_X0Y101         FDRE (Prop_fdre_C_Q)         0.348     5.000 r  ResultSrc_reg/Q
                         net (fo=1, routed)           1.887     6.887    ResultSrc_OBUF
    R18                  OBUF (Prop_obuf_I_O)         3.431    10.318 r  ResultSrc_OBUF_inst/O
                         net (fo=0)                   0.000    10.318    ResultSrc
    R18                                                               r  ResultSrc (OUT)
  -------------------------------------------------------------------    -------------------

Slack:                    inf
  Source:                 PCLD_reg/C
                            (rising edge-triggered cell FDRE clocked by sys_clk_pin  {rise@0.000ns fall@5.000ns period=10.000ns})
  Destination:            PCLD
                            (output port)
  Path Group:             (none)
  Path Type:              Max at Slow Process Corner
  Data Path Delay:        5.545ns  (logic 3.675ns (66.282%)  route 1.870ns (33.718%))
  Logic Levels:           1  (OBUF=1)
  Clock Uncertainty:      0.025ns  ((TSJ^2 + TIJ^2)^1/2 + DJ) / 2 + PE
    Total System Jitter     (TSJ):    0.050ns
    Total Input Jitter      (TIJ):    0.000ns
    Discrete Jitter          (DJ):    0.000ns
    Phase Error              (PE):    0.000ns

    Location             Delay type                Incr(ns)  Path(ns)    Netlist Resource(s)
  -------------------------------------------------------------------    -------------------
                         (clock sys_clk_pin rise edge)
                                                      0.000     0.000 r  
    E3                                                0.000     0.000 r  CLK (IN)
                         net (fo=0)                   0.000     0.000    CLK
    E3                   IBUF (Prop_ibuf_I_O)         1.413     1.413 r  CLK_IBUF_inst/O
                         net (fo=1, routed)           1.717     3.130    CLK_IBUF
    BUFGCTRL_X0Y16       BUFG (Prop_bufg_I_O)         0.081     3.211 r  CLK_IBUF_BUFG_inst/O
                         net (fo=12, routed)          1.441     4.652    CLK_IBUF_BUFG
    SLICE_X0Y102         FDRE                                         r  PCLD_reg/C
  -------------------------------------------------------------------    -------------------
    SLICE_X0Y102         FDRE (Prop_fdre_C_Q)         0.379     5.031 r  PCLD_reg/Q
                         net (fo=1, routed)           1.870     6.900    PCLD_OBUF
    N14                  OBUF (Prop_obuf_I_O)         3.296    10.197 r  PCLD_OBUF_inst/O
                         net (fo=0)                   0.000    10.197    PCLD
    N14                                                               r  PCLD (OUT)
  -------------------------------------------------------------------    -------------------

Slack:                    inf
  Source:                 PCCLR_reg/C
                            (rising edge-triggered cell FDRE clocked by sys_clk_pin  {rise@0.000ns fall@5.000ns period=10.000ns})
  Destination:            PCCLR
                            (output port)
  Path Group:             (none)
  Path Type:              Max at Slow Process Corner
  Data Path Delay:        5.195ns  (logic 3.783ns (72.822%)  route 1.412ns (27.178%))
  Logic Levels:           1  (OBUF=1)
  Clock Uncertainty:      0.025ns  ((TSJ^2 + TIJ^2)^1/2 + DJ) / 2 + PE
    Total System Jitter     (TSJ):    0.050ns
    Total Input Jitter      (TIJ):    0.000ns
    Discrete Jitter          (DJ):    0.000ns
    Phase Error              (PE):    0.000ns

    Location             Delay type                Incr(ns)  Path(ns)    Netlist Resource(s)
  -------------------------------------------------------------------    -------------------
                         (clock sys_clk_pin rise edge)
                                                      0.000     0.000 r  
    E3                                                0.000     0.000 r  CLK (IN)
                         net (fo=0)                   0.000     0.000    CLK
    E3                   IBUF (Prop_ibuf_I_O)         1.413     1.413 r  CLK_IBUF_inst/O
                         net (fo=1, routed)           1.717     3.130    CLK_IBUF
    BUFGCTRL_X0Y16       BUFG (Prop_bufg_I_O)         0.081     3.211 r  CLK_IBUF_BUFG_inst/O
                         net (fo=12, routed)          1.438     4.649    CLK_IBUF_BUFG
    SLICE_X0Y110         FDRE                                         r  PCCLR_reg/C
  -------------------------------------------------------------------    -------------------
    SLICE_X0Y110         FDRE (Prop_fdre_C_Q)         0.348     4.997 r  PCCLR_reg/Q
                         net (fo=1, routed)           1.412     6.409    PCCLR_OBUF
    J13                  OBUF (Prop_obuf_I_O)         3.435     9.844 r  PCCLR_OBUF_inst/O
                         net (fo=0)                   0.000     9.844    PCCLR
    J13                                                               r  PCCLR (OUT)
  -------------------------------------------------------------------    -------------------





Min Delay Paths
--------------------------------------------------------------------------------------
Slack:                    inf
  Source:                 RegWrite_reg/C
                            (rising edge-triggered cell FDRE clocked by sys_clk_pin  {rise@0.000ns fall@5.000ns period=10.000ns})
  Destination:            RegWrite
                            (output port)
  Path Group:             (none)
  Path Type:              Min at Fast Process Corner
  Data Path Delay:        1.681ns  (logic 1.362ns (81.023%)  route 0.319ns (18.977%))
  Logic Levels:           1  (OBUF=1)
  Clock Uncertainty:      0.025ns  ((TSJ^2 + TIJ^2)^1/2 + DJ) / 2 + PE
    Total System Jitter     (TSJ):    0.050ns
    Total Input Jitter      (TIJ):    0.000ns
    Discrete Jitter          (DJ):    0.000ns
    Phase Error              (PE):    0.000ns

    Location             Delay type                Incr(ns)  Path(ns)    Netlist Resource(s)
  -------------------------------------------------------------------    -------------------
                         (clock sys_clk_pin rise edge)
                                                      0.000     0.000 r  
    E3                                                0.000     0.000 r  CLK (IN)
                         net (fo=0)                   0.000     0.000    CLK
    E3                   IBUF (Prop_ibuf_I_O)         0.250     0.250 r  CLK_IBUF_inst/O
                         net (fo=1, routed)           0.644     0.894    CLK_IBUF
    BUFGCTRL_X0Y16       BUFG (Prop_bufg_I_O)         0.026     0.920 r  CLK_IBUF_BUFG_inst/O
                         net (fo=12, routed)          0.594     1.513    CLK_IBUF_BUFG
    SLICE_X0Y113         FDRE                                         r  RegWrite_reg/C
  -------------------------------------------------------------------    -------------------
    SLICE_X0Y113         FDRE (Prop_fdre_C_Q)         0.141     1.654 r  RegWrite_reg/Q
                         net (fo=1, routed)           0.319     1.974    RegWrite_OBUF
    H17                  OBUF (Prop_obuf_I_O)         1.221     3.195 r  RegWrite_OBUF_inst/O
                         net (fo=0)                   0.000     3.195    RegWrite
    H17                                                               r  RegWrite (OUT)
  -------------------------------------------------------------------    -------------------

Slack:                    inf
  Source:                 WriteSel_reg/C
                            (rising edge-triggered cell FDRE clocked by sys_clk_pin  {rise@0.000ns fall@5.000ns period=10.000ns})
  Destination:            WriteSel
                            (output port)
  Path Group:             (none)
  Path Type:              Min at Fast Process Corner
  Data Path Delay:        1.732ns  (logic 1.417ns (81.818%)  route 0.315ns (18.182%))
  Logic Levels:           1  (OBUF=1)
  Clock Uncertainty:      0.025ns  ((TSJ^2 + TIJ^2)^1/2 + DJ) / 2 + PE
    Total System Jitter     (TSJ):    0.050ns
    Total Input Jitter      (TIJ):    0.000ns
    Discrete Jitter          (DJ):    0.000ns
    Phase Error              (PE):    0.000ns

    Location             Delay type                Incr(ns)  Path(ns)    Netlist Resource(s)
  -------------------------------------------------------------------    -------------------
                         (clock sys_clk_pin rise edge)
                                                      0.000     0.000 r  
    E3                                                0.000     0.000 r  CLK (IN)
                         net (fo=0)                   0.000     0.000    CLK
    E3                   IBUF (Prop_ibuf_I_O)         0.250     0.250 r  CLK_IBUF_inst/O
                         net (fo=1, routed)           0.644     0.894    CLK_IBUF
    BUFGCTRL_X0Y16       BUFG (Prop_bufg_I_O)         0.026     0.920 r  CLK_IBUF_BUFG_inst/O
                         net (fo=12, routed)          0.599     1.518    CLK_IBUF_BUFG
    SLICE_X0Y101         FDRE                                         r  WriteSel_reg/C
  -------------------------------------------------------------------    -------------------
    SLICE_X0Y101         FDRE (Prop_fdre_C_Q)         0.128     1.646 r  WriteSel_reg/Q
                         net (fo=1, routed)           0.315     1.961    WriteSel_OBUF
    K15                  OBUF (Prop_obuf_I_O)         1.289     3.250 r  WriteSel_OBUF_inst/O
                         net (fo=0)                   0.000     3.250    WriteSel
    K15                                                               r  WriteSel (OUT)
  -------------------------------------------------------------------    -------------------

Slack:                    inf
  Source:                 PCCLR_reg/C
                            (rising edge-triggered cell FDRE clocked by sys_clk_pin  {rise@0.000ns fall@5.000ns period=10.000ns})
  Destination:            PCCLR
                            (output port)
  Path Group:             (none)
  Path Type:              Min at Fast Process Corner
  Data Path Delay:        1.789ns  (logic 1.435ns (80.220%)  route 0.354ns (19.780%))
  Logic Levels:           1  (OBUF=1)
  Clock Uncertainty:      0.025ns  ((TSJ^2 + TIJ^2)^1/2 + DJ) / 2 + PE
    Total System Jitter     (TSJ):    0.050ns
    Total Input Jitter      (TIJ):    0.000ns
    Discrete Jitter          (DJ):    0.000ns
    Phase Error              (PE):    0.000ns

    Location             Delay type                Incr(ns)  Path(ns)    Netlist Resource(s)
  -------------------------------------------------------------------    -------------------
                         (clock sys_clk_pin rise edge)
                                                      0.000     0.000 r  
    E3                                                0.000     0.000 r  CLK (IN)
                         net (fo=0)                   0.000     0.000    CLK
    E3                   IBUF (Prop_ibuf_I_O)         0.250     0.250 r  CLK_IBUF_inst/O
                         net (fo=1, routed)           0.644     0.894    CLK_IBUF
    BUFGCTRL_X0Y16       BUFG (Prop_bufg_I_O)         0.026     0.920 r  CLK_IBUF_BUFG_inst/O
                         net (fo=12, routed)          0.596     1.515    CLK_IBUF_BUFG
    SLICE_X0Y110         FDRE                                         r  PCCLR_reg/C
  -------------------------------------------------------------------    -------------------
    SLICE_X0Y110         FDRE (Prop_fdre_C_Q)         0.128     1.643 r  PCCLR_reg/Q
                         net (fo=1, routed)           0.354     1.997    PCCLR_OBUF
    J13                  OBUF (Prop_obuf_I_O)         1.307     3.305 r  PCCLR_OBUF_inst/O
                         net (fo=0)                   0.000     3.305    PCCLR
    J13                                                               r  PCCLR (OUT)
  -------------------------------------------------------------------    -------------------

Slack:                    inf
  Source:                 PCLD_reg/C
                            (rising edge-triggered cell FDRE clocked by sys_clk_pin  {rise@0.000ns fall@5.000ns period=10.000ns})
  Destination:            PCLD
                            (output port)
  Path Group:             (none)
  Path Type:              Min at Fast Process Corner
  Data Path Delay:        1.974ns  (logic 1.392ns (70.536%)  route 0.582ns (29.464%))
  Logic Levels:           1  (OBUF=1)
  Clock Uncertainty:      0.025ns  ((TSJ^2 + TIJ^2)^1/2 + DJ) / 2 + PE
    Total System Jitter     (TSJ):    0.050ns
    Total Input Jitter      (TIJ):    0.000ns
    Discrete Jitter          (DJ):    0.000ns
    Phase Error              (PE):    0.000ns

    Location             Delay type                Incr(ns)  Path(ns)    Netlist Resource(s)
  -------------------------------------------------------------------    -------------------
                         (clock sys_clk_pin rise edge)
                                                      0.000     0.000 r  
    E3                                                0.000     0.000 r  CLK (IN)
                         net (fo=0)                   0.000     0.000    CLK
    E3                   IBUF (Prop_ibuf_I_O)         0.250     0.250 r  CLK_IBUF_inst/O
                         net (fo=1, routed)           0.644     0.894    CLK_IBUF
    BUFGCTRL_X0Y16       BUFG (Prop_bufg_I_O)         0.026     0.920 r  CLK_IBUF_BUFG_inst/O
                         net (fo=12, routed)          0.599     1.518    CLK_IBUF_BUFG
    SLICE_X0Y102         FDRE                                         r  PCLD_reg/C
  -------------------------------------------------------------------    -------------------
    SLICE_X0Y102         FDRE (Prop_fdre_C_Q)         0.141     1.659 r  PCLD_reg/Q
                         net (fo=1, routed)           0.582     2.241    PCLD_OBUF
    N14                  OBUF (Prop_obuf_I_O)         1.251     3.492 r  PCLD_OBUF_inst/O
                         net (fo=0)                   0.000     3.492    PCLD
    N14                                                               r  PCLD (OUT)
  -------------------------------------------------------------------    -------------------

Slack:                    inf
  Source:                 ResultSrc_reg/C
                            (rising edge-triggered cell FDRE clocked by sys_clk_pin  {rise@0.000ns fall@5.000ns period=10.000ns})
  Destination:            ResultSrc
                            (output port)
  Path Group:             (none)
  Path Type:              Min at Fast Process Corner
  Data Path Delay:        2.011ns  (logic 1.433ns (71.263%)  route 0.578ns (28.737%))
  Logic Levels:           1  (OBUF=1)
  Clock Uncertainty:      0.025ns  ((TSJ^2 + TIJ^2)^1/2 + DJ) / 2 + PE
    Total System Jitter     (TSJ):    0.050ns
    Total Input Jitter      (TIJ):    0.000ns
    Discrete Jitter          (DJ):    0.000ns
    Phase Error              (PE):    0.000ns

    Location             Delay type                Incr(ns)  Path(ns)    Netlist Resource(s)
  -------------------------------------------------------------------    -------------------
                         (clock sys_clk_pin rise edge)
                                                      0.000     0.000 r  
    E3                                                0.000     0.000 r  CLK (IN)
                         net (fo=0)                   0.000     0.000    CLK
    E3                   IBUF (Prop_ibuf_I_O)         0.250     0.250 r  CLK_IBUF_inst/O
                         net (fo=1, routed)           0.644     0.894    CLK_IBUF
    BUFGCTRL_X0Y16       BUFG (Prop_bufg_I_O)         0.026     0.920 r  CLK_IBUF_BUFG_inst/O
                         net (fo=12, routed)          0.599     1.518    CLK_IBUF_BUFG
    SLICE_X0Y101         FDRE                                         r  ResultSrc_reg/C
  -------------------------------------------------------------------    -------------------
    SLICE_X0Y101         FDRE (Prop_fdre_C_Q)         0.128     1.646 r  ResultSrc_reg/Q
                         net (fo=1, routed)           0.578     2.224    ResultSrc_OBUF
    R18                  OBUF (Prop_obuf_I_O)         1.305     3.530 r  ResultSrc_OBUF_inst/O
                         net (fo=0)                   0.000     3.530    ResultSrc
    R18                                                               r  ResultSrc (OUT)
  -------------------------------------------------------------------    -------------------

Slack:                    inf
  Source:                 ALUCtrl_reg[0]/C
                            (rising edge-triggered cell FDRE clocked by sys_clk_pin  {rise@0.000ns fall@5.000ns period=10.000ns})
  Destination:            ALUCtrl[0]
                            (output port)
  Path Group:             (none)
  Path Type:              Min at Fast Process Corner
  Data Path Delay:        2.128ns  (logic 1.396ns (65.598%)  route 0.732ns (34.402%))
  Logic Levels:           1  (OBUF=1)
  Clock Uncertainty:      0.025ns  ((TSJ^2 + TIJ^2)^1/2 + DJ) / 2 + PE
    Total System Jitter     (TSJ):    0.050ns
    Total Input Jitter      (TIJ):    0.000ns
    Discrete Jitter          (DJ):    0.000ns
    Phase Error              (PE):    0.000ns

    Location             Delay type                Incr(ns)  Path(ns)    Netlist Resource(s)
  -------------------------------------------------------------------    -------------------
                         (clock sys_clk_pin rise edge)
                                                      0.000     0.000 r  
    E3                                                0.000     0.000 r  CLK (IN)
                         net (fo=0)                   0.000     0.000    CLK
    E3                   IBUF (Prop_ibuf_I_O)         0.250     0.250 r  CLK_IBUF_inst/O
                         net (fo=1, routed)           0.644     0.894    CLK_IBUF
    BUFGCTRL_X0Y16       BUFG (Prop_bufg_I_O)         0.026     0.920 r  CLK_IBUF_BUFG_inst/O
                         net (fo=12, routed)          0.599     1.518    CLK_IBUF_BUFG
    SLICE_X0Y101         FDRE                                         r  ALUCtrl_reg[0]/C
  -------------------------------------------------------------------    -------------------
    SLICE_X0Y101         FDRE (Prop_fdre_C_Q)         0.141     1.659 r  ALUCtrl_reg[0]/Q
                         net (fo=1, routed)           0.732     2.392    ALUCtrl_OBUF[0]
    T15                  OBUF (Prop_obuf_I_O)         1.255     3.646 r  ALUCtrl_OBUF[0]_inst/O
                         net (fo=0)                   0.000     3.646    ALUCtrl[0]
    T15                                                               r  ALUCtrl[0] (OUT)
  -------------------------------------------------------------------    -------------------

Slack:                    inf
  Source:                 ImmSrc_reg[1]/C
                            (rising edge-triggered cell FDRE clocked by sys_clk_pin  {rise@0.000ns fall@5.000ns period=10.000ns})
  Destination:            ImmSrc[1]
                            (output port)
  Path Group:             (none)
  Path Type:              Min at Fast Process Corner
  Data Path Delay:        2.167ns  (logic 1.373ns (63.368%)  route 0.794ns (36.632%))
  Logic Levels:           1  (OBUF=1)
  Clock Uncertainty:      0.025ns  ((TSJ^2 + TIJ^2)^1/2 + DJ) / 2 + PE
    Total System Jitter     (TSJ):    0.050ns
    Total Input Jitter      (TIJ):    0.000ns
    Discrete Jitter          (DJ):    0.000ns
    Phase Error              (PE):    0.000ns

    Location             Delay type                Incr(ns)  Path(ns)    Netlist Resource(s)
  -------------------------------------------------------------------    -------------------
                         (clock sys_clk_pin rise edge)
                                                      0.000     0.000 r  
    E3                                                0.000     0.000 r  CLK (IN)
                         net (fo=0)                   0.000     0.000    CLK
    E3                   IBUF (Prop_ibuf_I_O)         0.250     0.250 r  CLK_IBUF_inst/O
                         net (fo=1, routed)           0.644     0.894    CLK_IBUF
    BUFGCTRL_X0Y16       BUFG (Prop_bufg_I_O)         0.026     0.920 r  CLK_IBUF_BUFG_inst/O
                         net (fo=12, routed)          0.599     1.518    CLK_IBUF_BUFG
    SLICE_X0Y101         FDRE                                         r  ImmSrc_reg[1]/C
  -------------------------------------------------------------------    -------------------
    SLICE_X0Y101         FDRE (Prop_fdre_C_Q)         0.141     1.659 r  ImmSrc_reg[1]/Q
                         net (fo=1, routed)           0.794     2.453    ImmSrc_OBUF[1]
    T16                  OBUF (Prop_obuf_I_O)         1.232     3.685 r  ImmSrc_OBUF[1]_inst/O
                         net (fo=0)                   0.000     3.685    ImmSrc[1]
    T16                                                               r  ImmSrc[1] (OUT)
  -------------------------------------------------------------------    -------------------

Slack:                    inf
  Source:                 ImmSrc_reg[0]/C
                            (rising edge-triggered cell FDRE clocked by sys_clk_pin  {rise@0.000ns fall@5.000ns period=10.000ns})
  Destination:            ImmSrc[0]
                            (output port)
  Path Group:             (none)
  Path Type:              Min at Fast Process Corner
  Data Path Delay:        2.253ns  (logic 1.393ns (61.854%)  route 0.859ns (38.146%))
  Logic Levels:           1  (OBUF=1)
  Clock Uncertainty:      0.025ns  ((TSJ^2 + TIJ^2)^1/2 + DJ) / 2 + PE
    Total System Jitter     (TSJ):    0.050ns
    Total Input Jitter      (TIJ):    0.000ns
    Discrete Jitter          (DJ):    0.000ns
    Phase Error              (PE):    0.000ns

    Location             Delay type                Incr(ns)  Path(ns)    Netlist Resource(s)
  -------------------------------------------------------------------    -------------------
                         (clock sys_clk_pin rise edge)
                                                      0.000     0.000 r  
    E3                                                0.000     0.000 r  CLK (IN)
                         net (fo=0)                   0.000     0.000    CLK
    E3                   IBUF (Prop_ibuf_I_O)         0.250     0.250 r  CLK_IBUF_inst/O
                         net (fo=1, routed)           0.644     0.894    CLK_IBUF
    BUFGCTRL_X0Y16       BUFG (Prop_bufg_I_O)         0.026     0.920 r  CLK_IBUF_BUFG_inst/O
                         net (fo=12, routed)          0.599     1.518    CLK_IBUF_BUFG
    SLICE_X0Y101         FDRE                                         r  ImmSrc_reg[0]/C
  -------------------------------------------------------------------    -------------------
    SLICE_X0Y101         FDRE (Prop_fdre_C_Q)         0.141     1.659 r  ImmSrc_reg[0]/Q
                         net (fo=1, routed)           0.859     2.519    ImmSrc_OBUF[0]
    V15                  OBUF (Prop_obuf_I_O)         1.252     3.771 r  ImmSrc_OBUF[0]_inst/O
                         net (fo=0)                   0.000     3.771    ImmSrc[0]
    V15                                                               r  ImmSrc[0] (OUT)
  -------------------------------------------------------------------    -------------------

Slack:                    inf
  Source:                 ALUCtrl_reg[1]/C
                            (rising edge-triggered cell FDRE clocked by sys_clk_pin  {rise@0.000ns fall@5.000ns period=10.000ns})
  Destination:            ALUCtrl[1]
                            (output port)
  Path Group:             (none)
  Path Type:              Min at Fast Process Corner
  Data Path Delay:        2.276ns  (logic 1.389ns (61.030%)  route 0.887ns (38.970%))
  Logic Levels:           1  (OBUF=1)
  Clock Uncertainty:      0.025ns  ((TSJ^2 + TIJ^2)^1/2 + DJ) / 2 + PE
    Total System Jitter     (TSJ):    0.050ns
    Total Input Jitter      (TIJ):    0.000ns
    Discrete Jitter          (DJ):    0.000ns
    Phase Error              (PE):    0.000ns

    Location             Delay type                Incr(ns)  Path(ns)    Netlist Resource(s)
  -------------------------------------------------------------------    -------------------
                         (clock sys_clk_pin rise edge)
                                                      0.000     0.000 r  
    E3                                                0.000     0.000 r  CLK (IN)
                         net (fo=0)                   0.000     0.000    CLK
    E3                   IBUF (Prop_ibuf_I_O)         0.250     0.250 r  CLK_IBUF_inst/O
                         net (fo=1, routed)           0.644     0.894    CLK_IBUF
    BUFGCTRL_X0Y16       BUFG (Prop_bufg_I_O)         0.026     0.920 r  CLK_IBUF_BUFG_inst/O
                         net (fo=12, routed)          0.598     1.517    CLK_IBUF_BUFG
    SLICE_X0Y106         FDRE                                         r  ALUCtrl_reg[1]/C
  -------------------------------------------------------------------    -------------------
    SLICE_X0Y106         FDRE (Prop_fdre_C_Q)         0.141     1.658 r  ALUCtrl_reg[1]/Q
                         net (fo=1, routed)           0.887     2.546    ALUCtrl_OBUF[1]
    V16                  OBUF (Prop_obuf_I_O)         1.248     3.794 r  ALUCtrl_OBUF[1]_inst/O
                         net (fo=0)                   0.000     3.794    ALUCtrl[1]
    V16                                                               r  ALUCtrl[1] (OUT)
  -------------------------------------------------------------------    -------------------

Slack:                    inf
  Source:                 ALUCtrl_reg[2]/C
                            (rising edge-triggered cell FDRE clocked by sys_clk_pin  {rise@0.000ns fall@5.000ns period=10.000ns})
  Destination:            ALUCtrl[2]
                            (output port)
  Path Group:             (none)
  Path Type:              Min at Fast Process Corner
  Data Path Delay:        2.294ns  (logic 1.397ns (60.889%)  route 0.897ns (39.111%))
  Logic Levels:           1  (OBUF=1)
  Clock Uncertainty:      0.025ns  ((TSJ^2 + TIJ^2)^1/2 + DJ) / 2 + PE
    Total System Jitter     (TSJ):    0.050ns
    Total Input Jitter      (TIJ):    0.000ns
    Discrete Jitter          (DJ):    0.000ns
    Phase Error              (PE):    0.000ns

    Location             Delay type                Incr(ns)  Path(ns)    Netlist Resource(s)
  -------------------------------------------------------------------    -------------------
                         (clock sys_clk_pin rise edge)
                                                      0.000     0.000 r  
    E3                                                0.000     0.000 r  CLK (IN)
                         net (fo=0)                   0.000     0.000    CLK
    E3                   IBUF (Prop_ibuf_I_O)         0.250     0.250 r  CLK_IBUF_inst/O
                         net (fo=1, routed)           0.644     0.894    CLK_IBUF
    BUFGCTRL_X0Y16       BUFG (Prop_bufg_I_O)         0.026     0.920 r  CLK_IBUF_BUFG_inst/O
                         net (fo=12, routed)          0.598     1.517    CLK_IBUF_BUFG
    SLICE_X0Y106         FDRE                                         r  ALUCtrl_reg[2]/C
  -------------------------------------------------------------------    -------------------
    SLICE_X0Y106         FDRE (Prop_fdre_C_Q)         0.141     1.658 r  ALUCtrl_reg[2]/Q
                         net (fo=1, routed)           0.897     2.556    ALUCtrl_OBUF[2]
    U16                  OBUF (Prop_obuf_I_O)         1.256     3.812 r  ALUCtrl_OBUF[2]_inst/O
                         net (fo=0)                   0.000     3.812    ALUCtrl[2]
    U16                                                               r  ALUCtrl[2] (OUT)
  -------------------------------------------------------------------    -------------------





--------------------------------------------------------------------------------------
Path Group:  (none)
From Clock:  
  To Clock:  sys_clk_pin

Max Delay            12 Endpoints
Min Delay            12 Endpoints
--------------------------------------------------------------------------------------


Max Delay Paths
--------------------------------------------------------------------------------------
Slack:                    inf
  Source:                 Funct2[0]
                            (input port)
  Destination:            PCLD_reg/D
                            (rising edge-triggered cell FDRE clocked by sys_clk_pin  {rise@0.000ns fall@5.000ns period=10.000ns})
  Path Group:             (none)
  Path Type:              Setup (Max at Slow Process Corner)
  Data Path Delay:        4.721ns  (logic 1.637ns (34.675%)  route 3.084ns (65.325%))
  Logic Levels:           3  (IBUF=1 LUT2=1 LUT6=1)
  Clock Path Skew:        4.383ns (DCD - SCD + CPR)
    Destination Clock Delay (DCD):    4.383ns
    Source Clock Delay      (SCD):    0.000ns
    Clock Pessimism Removal (CPR):    0.000ns
  Clock Uncertainty:      0.025ns  ((TSJ^2 + TIJ^2)^1/2 + DJ) / 2 + PE
    Total System Jitter     (TSJ):    0.050ns
    Total Input Jitter      (TIJ):    0.000ns
    Discrete Jitter          (DJ):    0.000ns
    Phase Error              (PE):    0.000ns

    Location             Delay type                Incr(ns)  Path(ns)    Netlist Resource(s)
  -------------------------------------------------------------------    -------------------
    F13                                               0.000     0.000 f  Funct2[0] (IN)
                         net (fo=0)                   0.000     0.000    Funct2[0]
    F13                  IBUF (Prop_ibuf_I_O)         1.427     1.427 f  Funct2_IBUF[0]_inst/O
                         net (fo=3, routed)           1.887     3.314    Funct2_IBUF[0]
    SLICE_X0Y113         LUT2 (Prop_lut2_I1_O)        0.105     3.419 f  RegWrite_i_2/O
                         net (fo=3, routed)           1.197     4.616    RegWrite_i_2_n_0
    SLICE_X0Y102         LUT6 (Prop_lut6_I0_O)        0.105     4.721 r  PCLD_i_1/O
                         net (fo=1, routed)           0.000     4.721    PCLD_i_1_n_0
    SLICE_X0Y102         FDRE                                         r  PCLD_reg/D
  -------------------------------------------------------------------    -------------------

                         (clock sys_clk_pin rise edge)
                                                      0.000     0.000 r  
    E3                                                0.000     0.000 r  CLK (IN)
                         net (fo=0)                   0.000     0.000    CLK
    E3                   IBUF (Prop_ibuf_I_O)         1.347     1.347 r  CLK_IBUF_inst/O
                         net (fo=1, routed)           1.628     2.975    CLK_IBUF
    BUFGCTRL_X0Y16       BUFG (Prop_bufg_I_O)         0.077     3.052 r  CLK_IBUF_BUFG_inst/O
                         net (fo=12, routed)          1.331     4.383    CLK_IBUF_BUFG
    SLICE_X0Y102         FDRE                                         r  PCLD_reg/C

Slack:                    inf
  Source:                 Opcode[3]
                            (input port)
  Destination:            WriteSel_reg/D
                            (rising edge-triggered cell FDRE clocked by sys_clk_pin  {rise@0.000ns fall@5.000ns period=10.000ns})
  Path Group:             (none)
  Path Type:              Setup (Max at Slow Process Corner)
  Data Path Delay:        4.482ns  (logic 1.527ns (34.069%)  route 2.955ns (65.931%))
  Logic Levels:           2  (IBUF=1 LUT5=1)
  Clock Path Skew:        4.383ns (DCD - SCD + CPR)
    Destination Clock Delay (DCD):    4.383ns
    Source Clock Delay      (SCD):    0.000ns
    Clock Pessimism Removal (CPR):    0.000ns
  Clock Uncertainty:      0.025ns  ((TSJ^2 + TIJ^2)^1/2 + DJ) / 2 + PE
    Total System Jitter     (TSJ):    0.050ns
    Total Input Jitter      (TIJ):    0.000ns
    Discrete Jitter          (DJ):    0.000ns
    Phase Error              (PE):    0.000ns

    Location             Delay type                Incr(ns)  Path(ns)    Netlist Resource(s)
  -------------------------------------------------------------------    -------------------
    G13                                               0.000     0.000 r  Opcode[3] (IN)
                         net (fo=0)                   0.000     0.000    Opcode[3]
    G13                  IBUF (Prop_ibuf_I_O)         1.406     1.406 r  Opcode_IBUF[3]_inst/O
                         net (fo=12, routed)          2.955     4.361    Opcode_IBUF[3]
    SLICE_X0Y101         LUT5 (Prop_lut5_I0_O)        0.121     4.482 r  WriteSel_i_1/O
                         net (fo=1, routed)           0.000     4.482    WriteSel_i_1_n_0
    SLICE_X0Y101         FDRE                                         r  WriteSel_reg/D
  -------------------------------------------------------------------    -------------------

                         (clock sys_clk_pin rise edge)
                                                      0.000     0.000 r  
    E3                                                0.000     0.000 r  CLK (IN)
                         net (fo=0)                   0.000     0.000    CLK
    E3                   IBUF (Prop_ibuf_I_O)         1.347     1.347 r  CLK_IBUF_inst/O
                         net (fo=1, routed)           1.628     2.975    CLK_IBUF
    BUFGCTRL_X0Y16       BUFG (Prop_bufg_I_O)         0.077     3.052 r  CLK_IBUF_BUFG_inst/O
                         net (fo=12, routed)          1.331     4.383    CLK_IBUF_BUFG
    SLICE_X0Y101         FDRE                                         r  WriteSel_reg/C

Slack:                    inf
  Source:                 Opcode[3]
                            (input port)
  Destination:            ImmSrc_reg[2]/D
                            (rising edge-triggered cell FDRE clocked by sys_clk_pin  {rise@0.000ns fall@5.000ns period=10.000ns})
  Path Group:             (none)
  Path Type:              Setup (Max at Slow Process Corner)
  Data Path Delay:        4.466ns  (logic 1.511ns (33.832%)  route 2.955ns (66.168%))
  Logic Levels:           2  (IBUF=1 LUT5=1)
  Clock Path Skew:        4.383ns (DCD - SCD + CPR)
    Destination Clock Delay (DCD):    4.383ns
    Source Clock Delay      (SCD):    0.000ns
    Clock Pessimism Removal (CPR):    0.000ns
  Clock Uncertainty:      0.025ns  ((TSJ^2 + TIJ^2)^1/2 + DJ) / 2 + PE
    Total System Jitter     (TSJ):    0.050ns
    Total Input Jitter      (TIJ):    0.000ns
    Discrete Jitter          (DJ):    0.000ns
    Phase Error              (PE):    0.000ns

    Location             Delay type                Incr(ns)  Path(ns)    Netlist Resource(s)
  -------------------------------------------------------------------    -------------------
    G13                                               0.000     0.000 r  Opcode[3] (IN)
                         net (fo=0)                   0.000     0.000    Opcode[3]
    G13                  IBUF (Prop_ibuf_I_O)         1.406     1.406 r  Opcode_IBUF[3]_inst/O
                         net (fo=12, routed)          2.955     4.361    Opcode_IBUF[3]
    SLICE_X0Y101         LUT5 (Prop_lut5_I3_O)        0.105     4.466 r  ImmSrc[2]_i_1/O
                         net (fo=1, routed)           0.000     4.466    ImmSrc[2]_i_1_n_0
    SLICE_X0Y101         FDRE                                         r  ImmSrc_reg[2]/D
  -------------------------------------------------------------------    -------------------

                         (clock sys_clk_pin rise edge)
                                                      0.000     0.000 r  
    E3                                                0.000     0.000 r  CLK (IN)
                         net (fo=0)                   0.000     0.000    CLK
    E3                   IBUF (Prop_ibuf_I_O)         1.347     1.347 r  CLK_IBUF_inst/O
                         net (fo=1, routed)           1.628     2.975    CLK_IBUF
    BUFGCTRL_X0Y16       BUFG (Prop_bufg_I_O)         0.077     3.052 r  CLK_IBUF_BUFG_inst/O
                         net (fo=12, routed)          1.331     4.383    CLK_IBUF_BUFG
    SLICE_X0Y101         FDRE                                         r  ImmSrc_reg[2]/C

Slack:                    inf
  Source:                 Opcode[3]
                            (input port)
  Destination:            ImmSrc_reg[0]/D
                            (rising edge-triggered cell FDRE clocked by sys_clk_pin  {rise@0.000ns fall@5.000ns period=10.000ns})
  Path Group:             (none)
  Path Type:              Setup (Max at Slow Process Corner)
  Data Path Delay:        4.465ns  (logic 1.511ns (33.839%)  route 2.954ns (66.161%))
  Logic Levels:           2  (IBUF=1 LUT4=1)
  Clock Path Skew:        4.383ns (DCD - SCD + CPR)
    Destination Clock Delay (DCD):    4.383ns
    Source Clock Delay      (SCD):    0.000ns
    Clock Pessimism Removal (CPR):    0.000ns
  Clock Uncertainty:      0.025ns  ((TSJ^2 + TIJ^2)^1/2 + DJ) / 2 + PE
    Total System Jitter     (TSJ):    0.050ns
    Total Input Jitter      (TIJ):    0.000ns
    Discrete Jitter          (DJ):    0.000ns
    Phase Error              (PE):    0.000ns

    Location             Delay type                Incr(ns)  Path(ns)    Netlist Resource(s)
  -------------------------------------------------------------------    -------------------
    G13                                               0.000     0.000 f  Opcode[3] (IN)
                         net (fo=0)                   0.000     0.000    Opcode[3]
    G13                  IBUF (Prop_ibuf_I_O)         1.406     1.406 f  Opcode_IBUF[3]_inst/O
                         net (fo=12, routed)          2.954     4.360    Opcode_IBUF[3]
    SLICE_X0Y101         LUT4 (Prop_lut4_I3_O)        0.105     4.465 r  ImmSrc[0]_i_1/O
                         net (fo=1, routed)           0.000     4.465    ImmSrc[0]_i_1_n_0
    SLICE_X0Y101         FDRE                                         r  ImmSrc_reg[0]/D
  -------------------------------------------------------------------    -------------------

                         (clock sys_clk_pin rise edge)
                                                      0.000     0.000 r  
    E3                                                0.000     0.000 r  CLK (IN)
                         net (fo=0)                   0.000     0.000    CLK
    E3                   IBUF (Prop_ibuf_I_O)         1.347     1.347 r  CLK_IBUF_inst/O
                         net (fo=1, routed)           1.628     2.975    CLK_IBUF
    BUFGCTRL_X0Y16       BUFG (Prop_bufg_I_O)         0.077     3.052 r  CLK_IBUF_BUFG_inst/O
                         net (fo=12, routed)          1.331     4.383    CLK_IBUF_BUFG
    SLICE_X0Y101         FDRE                                         r  ImmSrc_reg[0]/C

Slack:                    inf
  Source:                 Funct2[0]
                            (input port)
  Destination:            ALUCtrl_reg[0]/D
                            (rising edge-triggered cell FDRE clocked by sys_clk_pin  {rise@0.000ns fall@5.000ns period=10.000ns})
  Path Group:             (none)
  Path Type:              Setup (Max at Slow Process Corner)
  Data Path Delay:        4.401ns  (logic 1.637ns (37.194%)  route 2.764ns (62.806%))
  Logic Levels:           3  (IBUF=1 LUT2=1 LUT6=1)
  Clock Path Skew:        4.383ns (DCD - SCD + CPR)
    Destination Clock Delay (DCD):    4.383ns
    Source Clock Delay      (SCD):    0.000ns
    Clock Pessimism Removal (CPR):    0.000ns
  Clock Uncertainty:      0.025ns  ((TSJ^2 + TIJ^2)^1/2 + DJ) / 2 + PE
    Total System Jitter     (TSJ):    0.050ns
    Total Input Jitter      (TIJ):    0.000ns
    Discrete Jitter          (DJ):    0.000ns
    Phase Error              (PE):    0.000ns

    Location             Delay type                Incr(ns)  Path(ns)    Netlist Resource(s)
  -------------------------------------------------------------------    -------------------
    F13                                               0.000     0.000 f  Funct2[0] (IN)
                         net (fo=0)                   0.000     0.000    Funct2[0]
    F13                  IBUF (Prop_ibuf_I_O)         1.427     1.427 f  Funct2_IBUF[0]_inst/O
                         net (fo=3, routed)           1.887     3.314    Funct2_IBUF[0]
    SLICE_X0Y113         LUT2 (Prop_lut2_I1_O)        0.105     3.419 f  RegWrite_i_2/O
                         net (fo=3, routed)           0.877     4.296    RegWrite_i_2_n_0
    SLICE_X0Y101         LUT6 (Prop_lut6_I0_O)        0.105     4.401 r  ALUCtrl[0]_i_1/O
                         net (fo=1, routed)           0.000     4.401    ALUCtrl[0]_i_1_n_0
    SLICE_X0Y101         FDRE                                         r  ALUCtrl_reg[0]/D
  -------------------------------------------------------------------    -------------------

                         (clock sys_clk_pin rise edge)
                                                      0.000     0.000 r  
    E3                                                0.000     0.000 r  CLK (IN)
                         net (fo=0)                   0.000     0.000    CLK
    E3                   IBUF (Prop_ibuf_I_O)         1.347     1.347 r  CLK_IBUF_inst/O
                         net (fo=1, routed)           1.628     2.975    CLK_IBUF
    BUFGCTRL_X0Y16       BUFG (Prop_bufg_I_O)         0.077     3.052 r  CLK_IBUF_BUFG_inst/O
                         net (fo=12, routed)          1.331     4.383    CLK_IBUF_BUFG
    SLICE_X0Y101         FDRE                                         r  ALUCtrl_reg[0]/C

Slack:                    inf
  Source:                 Opcode[3]
                            (input port)
  Destination:            ResultSrc_reg/D
                            (rising edge-triggered cell FDRE clocked by sys_clk_pin  {rise@0.000ns fall@5.000ns period=10.000ns})
  Path Group:             (none)
  Path Type:              Setup (Max at Slow Process Corner)
  Data Path Delay:        4.332ns  (logic 1.531ns (35.340%)  route 2.801ns (64.660%))
  Logic Levels:           2  (IBUF=1 LUT5=1)
  Clock Path Skew:        4.383ns (DCD - SCD + CPR)
    Destination Clock Delay (DCD):    4.383ns
    Source Clock Delay      (SCD):    0.000ns
    Clock Pessimism Removal (CPR):    0.000ns
  Clock Uncertainty:      0.025ns  ((TSJ^2 + TIJ^2)^1/2 + DJ) / 2 + PE
    Total System Jitter     (TSJ):    0.050ns
    Total Input Jitter      (TIJ):    0.000ns
    Discrete Jitter          (DJ):    0.000ns
    Phase Error              (PE):    0.000ns

    Location             Delay type                Incr(ns)  Path(ns)    Netlist Resource(s)
  -------------------------------------------------------------------    -------------------
    G13                                               0.000     0.000 f  Opcode[3] (IN)
                         net (fo=0)                   0.000     0.000    Opcode[3]
    G13                  IBUF (Prop_ibuf_I_O)         1.406     1.406 f  Opcode_IBUF[3]_inst/O
                         net (fo=12, routed)          2.801     4.207    Opcode_IBUF[3]
    SLICE_X0Y101         LUT5 (Prop_lut5_I0_O)        0.125     4.332 r  ResultSrc_i_1/O
                         net (fo=1, routed)           0.000     4.332    ResultSrc_i_1_n_0
    SLICE_X0Y101         FDRE                                         r  ResultSrc_reg/D
  -------------------------------------------------------------------    -------------------

                         (clock sys_clk_pin rise edge)
                                                      0.000     0.000 r  
    E3                                                0.000     0.000 r  CLK (IN)
                         net (fo=0)                   0.000     0.000    CLK
    E3                   IBUF (Prop_ibuf_I_O)         1.347     1.347 r  CLK_IBUF_inst/O
                         net (fo=1, routed)           1.628     2.975    CLK_IBUF
    BUFGCTRL_X0Y16       BUFG (Prop_bufg_I_O)         0.077     3.052 r  CLK_IBUF_BUFG_inst/O
                         net (fo=12, routed)          1.331     4.383    CLK_IBUF_BUFG
    SLICE_X0Y101         FDRE                                         r  ResultSrc_reg/C

Slack:                    inf
  Source:                 Opcode[3]
                            (input port)
  Destination:            ImmSrc_reg[1]/D
                            (rising edge-triggered cell FDRE clocked by sys_clk_pin  {rise@0.000ns fall@5.000ns period=10.000ns})
  Path Group:             (none)
  Path Type:              Setup (Max at Slow Process Corner)
  Data Path Delay:        4.312ns  (logic 1.511ns (35.040%)  route 2.801ns (64.960%))
  Logic Levels:           2  (IBUF=1 LUT5=1)
  Clock Path Skew:        4.383ns (DCD - SCD + CPR)
    Destination Clock Delay (DCD):    4.383ns
    Source Clock Delay      (SCD):    0.000ns
    Clock Pessimism Removal (CPR):    0.000ns
  Clock Uncertainty:      0.025ns  ((TSJ^2 + TIJ^2)^1/2 + DJ) / 2 + PE
    Total System Jitter     (TSJ):    0.050ns
    Total Input Jitter      (TIJ):    0.000ns
    Discrete Jitter          (DJ):    0.000ns
    Phase Error              (PE):    0.000ns

    Location             Delay type                Incr(ns)  Path(ns)    Netlist Resource(s)
  -------------------------------------------------------------------    -------------------
    G13                                               0.000     0.000 f  Opcode[3] (IN)
                         net (fo=0)                   0.000     0.000    Opcode[3]
    G13                  IBUF (Prop_ibuf_I_O)         1.406     1.406 f  Opcode_IBUF[3]_inst/O
                         net (fo=12, routed)          2.801     4.207    Opcode_IBUF[3]
    SLICE_X0Y101         LUT5 (Prop_lut5_I0_O)        0.105     4.312 r  ImmSrc[1]_i_1/O
                         net (fo=1, routed)           0.000     4.312    ImmSrc[1]_i_1_n_0
    SLICE_X0Y101         FDRE                                         r  ImmSrc_reg[1]/D
  -------------------------------------------------------------------    -------------------

                         (clock sys_clk_pin rise edge)
                                                      0.000     0.000 r  
    E3                                                0.000     0.000 r  CLK (IN)
                         net (fo=0)                   0.000     0.000    CLK
    E3                   IBUF (Prop_ibuf_I_O)         1.347     1.347 r  CLK_IBUF_inst/O
                         net (fo=1, routed)           1.628     2.975    CLK_IBUF
    BUFGCTRL_X0Y16       BUFG (Prop_bufg_I_O)         0.077     3.052 r  CLK_IBUF_BUFG_inst/O
                         net (fo=12, routed)          1.331     4.383    CLK_IBUF_BUFG
    SLICE_X0Y101         FDRE                                         r  ImmSrc_reg[1]/C

Slack:                    inf
  Source:                 Funct2[0]
                            (input port)
  Destination:            ALUCtrl_reg[1]/D
                            (rising edge-triggered cell FDRE clocked by sys_clk_pin  {rise@0.000ns fall@5.000ns period=10.000ns})
  Path Group:             (none)
  Path Type:              Setup (Max at Slow Process Corner)
  Data Path Delay:        3.961ns  (logic 1.818ns (45.895%)  route 2.143ns (54.105%))
  Logic Levels:           3  (IBUF=1 LUT3=1 LUT6=1)
  Clock Path Skew:        4.383ns (DCD - SCD + CPR)
    Destination Clock Delay (DCD):    4.383ns
    Source Clock Delay      (SCD):    0.000ns
    Clock Pessimism Removal (CPR):    0.000ns
  Clock Uncertainty:      0.025ns  ((TSJ^2 + TIJ^2)^1/2 + DJ) / 2 + PE
    Total System Jitter     (TSJ):    0.050ns
    Total Input Jitter      (TIJ):    0.000ns
    Discrete Jitter          (DJ):    0.000ns
    Phase Error              (PE):    0.000ns

    Location             Delay type                Incr(ns)  Path(ns)    Netlist Resource(s)
  -------------------------------------------------------------------    -------------------
    F13                                               0.000     0.000 r  Funct2[0] (IN)
                         net (fo=0)                   0.000     0.000    Funct2[0]
    F13                  IBUF (Prop_ibuf_I_O)         1.427     1.427 r  Funct2_IBUF[0]_inst/O
                         net (fo=3, routed)           1.736     3.163    Funct2_IBUF[0]
    SLICE_X0Y113         LUT3 (Prop_lut3_I0_O)        0.124     3.287 f  ALUCtrl[1]_i_2/O
                         net (fo=1, routed)           0.407     3.694    ALUCtrl[1]_i_2_n_0
    SLICE_X0Y106         LUT6 (Prop_lut6_I1_O)        0.267     3.961 r  ALUCtrl[1]_i_1/O
                         net (fo=1, routed)           0.000     3.961    ALUCtrl[1]_i_1_n_0
    SLICE_X0Y106         FDRE                                         r  ALUCtrl_reg[1]/D
  -------------------------------------------------------------------    -------------------

                         (clock sys_clk_pin rise edge)
                                                      0.000     0.000 r  
    E3                                                0.000     0.000 r  CLK (IN)
                         net (fo=0)                   0.000     0.000    CLK
    E3                   IBUF (Prop_ibuf_I_O)         1.347     1.347 r  CLK_IBUF_inst/O
                         net (fo=1, routed)           1.628     2.975    CLK_IBUF
    BUFGCTRL_X0Y16       BUFG (Prop_bufg_I_O)         0.077     3.052 r  CLK_IBUF_BUFG_inst/O
                         net (fo=12, routed)          1.331     4.383    CLK_IBUF_BUFG
    SLICE_X0Y106         FDRE                                         r  ALUCtrl_reg[1]/C

Slack:                    inf
  Source:                 Funct2[0]
                            (input port)
  Destination:            ALUCtrl_reg[2]/D
                            (rising edge-triggered cell FDRE clocked by sys_clk_pin  {rise@0.000ns fall@5.000ns period=10.000ns})
  Path Group:             (none)
  Path Type:              Setup (Max at Slow Process Corner)
  Data Path Delay:        3.775ns  (logic 1.637ns (43.364%)  route 2.138ns (56.636%))
  Logic Levels:           3  (IBUF=1 LUT3=1 LUT6=1)
  Clock Path Skew:        4.383ns (DCD - SCD + CPR)
    Destination Clock Delay (DCD):    4.383ns
    Source Clock Delay      (SCD):    0.000ns
    Clock Pessimism Removal (CPR):    0.000ns
  Clock Uncertainty:      0.025ns  ((TSJ^2 + TIJ^2)^1/2 + DJ) / 2 + PE
    Total System Jitter     (TSJ):    0.050ns
    Total Input Jitter      (TIJ):    0.000ns
    Discrete Jitter          (DJ):    0.000ns
    Phase Error              (PE):    0.000ns

    Location             Delay type                Incr(ns)  Path(ns)    Netlist Resource(s)
  -------------------------------------------------------------------    -------------------
    F13                                               0.000     0.000 f  Funct2[0] (IN)
                         net (fo=0)                   0.000     0.000    Funct2[0]
    F13                  IBUF (Prop_ibuf_I_O)         1.427     1.427 f  Funct2_IBUF[0]_inst/O
                         net (fo=3, routed)           1.736     3.163    Funct2_IBUF[0]
    SLICE_X0Y113         LUT3 (Prop_lut3_I1_O)        0.105     3.268 f  ALUCtrl[2]_i_2/O
                         net (fo=1, routed)           0.402     3.670    ALUCtrl[2]_i_2_n_0
    SLICE_X0Y106         LUT6 (Prop_lut6_I0_O)        0.105     3.775 r  ALUCtrl[2]_i_1/O
                         net (fo=1, routed)           0.000     3.775    ALUCtrl[2]_i_1_n_0
    SLICE_X0Y106         FDRE                                         r  ALUCtrl_reg[2]/D
  -------------------------------------------------------------------    -------------------

                         (clock sys_clk_pin rise edge)
                                                      0.000     0.000 r  
    E3                                                0.000     0.000 r  CLK (IN)
                         net (fo=0)                   0.000     0.000    CLK
    E3                   IBUF (Prop_ibuf_I_O)         1.347     1.347 r  CLK_IBUF_inst/O
                         net (fo=1, routed)           1.628     2.975    CLK_IBUF
    BUFGCTRL_X0Y16       BUFG (Prop_bufg_I_O)         0.077     3.052 r  CLK_IBUF_BUFG_inst/O
                         net (fo=12, routed)          1.331     4.383    CLK_IBUF_BUFG
    SLICE_X0Y106         FDRE                                         r  ALUCtrl_reg[2]/C

Slack:                    inf
  Source:                 Opcode[3]
                            (input port)
  Destination:            PCCLR_reg/D
                            (rising edge-triggered cell FDRE clocked by sys_clk_pin  {rise@0.000ns fall@5.000ns period=10.000ns})
  Path Group:             (none)
  Path Type:              Setup (Max at Slow Process Corner)
  Data Path Delay:        3.693ns  (logic 1.530ns (41.427%)  route 2.163ns (58.573%))
  Logic Levels:           2  (IBUF=1 LUT5=1)
  Clock Path Skew:        4.381ns (DCD - SCD + CPR)
    Destination Clock Delay (DCD):    4.381ns
    Source Clock Delay      (SCD):    0.000ns
    Clock Pessimism Removal (CPR):    0.000ns
  Clock Uncertainty:      0.025ns  ((TSJ^2 + TIJ^2)^1/2 + DJ) / 2 + PE
    Total System Jitter     (TSJ):    0.050ns
    Total Input Jitter      (TIJ):    0.000ns
    Discrete Jitter          (DJ):    0.000ns
    Phase Error              (PE):    0.000ns

    Location             Delay type                Incr(ns)  Path(ns)    Netlist Resource(s)
  -------------------------------------------------------------------    -------------------
    G13                                               0.000     0.000 r  Opcode[3] (IN)
                         net (fo=0)                   0.000     0.000    Opcode[3]
    G13                  IBUF (Prop_ibuf_I_O)         1.406     1.406 r  Opcode_IBUF[3]_inst/O
                         net (fo=12, routed)          2.163     3.569    Opcode_IBUF[3]
    SLICE_X0Y110         LUT5 (Prop_lut5_I4_O)        0.124     3.693 r  PCCLR_i_1/O
                         net (fo=1, routed)           0.000     3.693    PCCLR_i_1_n_0
    SLICE_X0Y110         FDRE                                         r  PCCLR_reg/D
  -------------------------------------------------------------------    -------------------

                         (clock sys_clk_pin rise edge)
                                                      0.000     0.000 r  
    E3                                                0.000     0.000 r  CLK (IN)
                         net (fo=0)                   0.000     0.000    CLK
    E3                   IBUF (Prop_ibuf_I_O)         1.347     1.347 r  CLK_IBUF_inst/O
                         net (fo=1, routed)           1.628     2.975    CLK_IBUF
    BUFGCTRL_X0Y16       BUFG (Prop_bufg_I_O)         0.077     3.052 r  CLK_IBUF_BUFG_inst/O
                         net (fo=12, routed)          1.329     4.381    CLK_IBUF_BUFG
    SLICE_X0Y110         FDRE                                         r  PCCLR_reg/C





Min Delay Paths
--------------------------------------------------------------------------------------
Slack:                    inf
  Source:                 Funct1
                            (input port)
  Destination:            RegWrite_reg/D
                            (rising edge-triggered cell FDRE clocked by sys_clk_pin  {rise@0.000ns fall@5.000ns period=10.000ns})
  Path Group:             (none)
  Path Type:              Hold (Min at Fast Process Corner)
  Data Path Delay:        0.770ns  (logic 0.280ns (36.378%)  route 0.490ns (63.622%))
  Logic Levels:           2  (IBUF=1 LUT6=1)
  Clock Path Skew:        2.031ns (DCD - SCD - CPR)
    Destination Clock Delay (DCD):    2.031ns
    Source Clock Delay      (SCD):    0.000ns
    Clock Pessimism Removal (CPR):    -0.000ns

    Location             Delay type                Incr(ns)  Path(ns)    Netlist Resource(s)
  -------------------------------------------------------------------    -------------------
    F16                                               0.000     0.000 r  Funct1 (IN)
                         net (fo=0)                   0.000     0.000    Funct1
    F16                  IBUF (Prop_ibuf_I_O)         0.235     0.235 r  Funct1_IBUF_inst/O
                         net (fo=13, routed)          0.490     0.725    Funct1_IBUF
    SLICE_X0Y113         LUT6 (Prop_lut6_I2_O)        0.045     0.770 r  RegWrite_i_1/O
                         net (fo=1, routed)           0.000     0.770    RegWrite_i_1_n_0
    SLICE_X0Y113         FDRE                                         r  RegWrite_reg/D
  -------------------------------------------------------------------    -------------------

                         (clock sys_clk_pin rise edge)
                                                      0.000     0.000 r  
    E3                                                0.000     0.000 r  CLK (IN)
                         net (fo=0)                   0.000     0.000    CLK
    E3                   IBUF (Prop_ibuf_I_O)         0.438     0.438 r  CLK_IBUF_inst/O
                         net (fo=1, routed)           0.699     1.136    CLK_IBUF
    BUFGCTRL_X0Y16       BUFG (Prop_bufg_I_O)         0.029     1.165 r  CLK_IBUF_BUFG_inst/O
                         net (fo=12, routed)          0.866     2.031    CLK_IBUF_BUFG
    SLICE_X0Y113         FDRE                                         r  RegWrite_reg/C

Slack:                    inf
  Source:                 Funct1
                            (input port)
  Destination:            ALUSrc_reg/D
                            (rising edge-triggered cell FDRE clocked by sys_clk_pin  {rise@0.000ns fall@5.000ns period=10.000ns})
  Path Group:             (none)
  Path Type:              Hold (Min at Fast Process Corner)
  Data Path Delay:        0.888ns  (logic 0.280ns (31.566%)  route 0.607ns (68.434%))
  Logic Levels:           2  (IBUF=1 LUT5=1)
  Clock Path Skew:        2.034ns (DCD - SCD - CPR)
    Destination Clock Delay (DCD):    2.034ns
    Source Clock Delay      (SCD):    0.000ns
    Clock Pessimism Removal (CPR):    -0.000ns

    Location             Delay type                Incr(ns)  Path(ns)    Netlist Resource(s)
  -------------------------------------------------------------------    -------------------
    F16                                               0.000     0.000 f  Funct1 (IN)
                         net (fo=0)                   0.000     0.000    Funct1
    F16                  IBUF (Prop_ibuf_I_O)         0.235     0.235 f  Funct1_IBUF_inst/O
                         net (fo=13, routed)          0.607     0.843    Funct1_IBUF
    SLICE_X0Y110         LUT5 (Prop_lut5_I3_O)        0.045     0.888 r  ALUSrc_i_1/O
                         net (fo=1, routed)           0.000     0.888    ALUSrc_i_1_n_0
    SLICE_X0Y110         FDRE                                         r  ALUSrc_reg/D
  -------------------------------------------------------------------    -------------------

                         (clock sys_clk_pin rise edge)
                                                      0.000     0.000 r  
    E3                                                0.000     0.000 r  CLK (IN)
                         net (fo=0)                   0.000     0.000    CLK
    E3                   IBUF (Prop_ibuf_I_O)         0.438     0.438 r  CLK_IBUF_inst/O
                         net (fo=1, routed)           0.699     1.136    CLK_IBUF
    BUFGCTRL_X0Y16       BUFG (Prop_bufg_I_O)         0.029     1.165 r  CLK_IBUF_BUFG_inst/O
                         net (fo=12, routed)          0.869     2.034    CLK_IBUF_BUFG
    SLICE_X0Y110         FDRE                                         r  ALUSrc_reg/C

Slack:                    inf
  Source:                 Funct1
                            (input port)
  Destination:            PCCLR_reg/D
                            (rising edge-triggered cell FDRE clocked by sys_clk_pin  {rise@0.000ns fall@5.000ns period=10.000ns})
  Path Group:             (none)
  Path Type:              Hold (Min at Fast Process Corner)
  Data Path Delay:        0.891ns  (logic 0.283ns (31.796%)  route 0.607ns (68.204%))
  Logic Levels:           2  (IBUF=1 LUT5=1)
  Clock Path Skew:        2.034ns (DCD - SCD - CPR)
    Destination Clock Delay (DCD):    2.034ns
    Source Clock Delay      (SCD):    0.000ns
    Clock Pessimism Removal (CPR):    -0.000ns

    Location             Delay type                Incr(ns)  Path(ns)    Netlist Resource(s)
  -------------------------------------------------------------------    -------------------
    F16                                               0.000     0.000 f  Funct1 (IN)
                         net (fo=0)                   0.000     0.000    Funct1
    F16                  IBUF (Prop_ibuf_I_O)         0.235     0.235 f  Funct1_IBUF_inst/O
                         net (fo=13, routed)          0.607     0.843    Funct1_IBUF
    SLICE_X0Y110         LUT5 (Prop_lut5_I3_O)        0.048     0.891 r  PCCLR_i_1/O
                         net (fo=1, routed)           0.000     0.891    PCCLR_i_1_n_0
    SLICE_X0Y110         FDRE                                         r  PCCLR_reg/D
  -------------------------------------------------------------------    -------------------

                         (clock sys_clk_pin rise edge)
                                                      0.000     0.000 r  
    E3                                                0.000     0.000 r  CLK (IN)
                         net (fo=0)                   0.000     0.000    CLK
    E3                   IBUF (Prop_ibuf_I_O)         0.438     0.438 r  CLK_IBUF_inst/O
                         net (fo=1, routed)           0.699     1.136    CLK_IBUF
    BUFGCTRL_X0Y16       BUFG (Prop_bufg_I_O)         0.029     1.165 r  CLK_IBUF_BUFG_inst/O
                         net (fo=12, routed)          0.869     2.034    CLK_IBUF_BUFG
    SLICE_X0Y110         FDRE                                         r  PCCLR_reg/C

Slack:                    inf
  Source:                 Funct1
                            (input port)
  Destination:            ALUCtrl_reg[1]/D
                            (rising edge-triggered cell FDRE clocked by sys_clk_pin  {rise@0.000ns fall@5.000ns period=10.000ns})
  Path Group:             (none)
  Path Type:              Hold (Min at Fast Process Corner)
  Data Path Delay:        0.993ns  (logic 0.280ns (28.222%)  route 0.713ns (71.778%))
  Logic Levels:           2  (IBUF=1 LUT6=1)
  Clock Path Skew:        2.036ns (DCD - SCD - CPR)
    Destination Clock Delay (DCD):    2.036ns
    Source Clock Delay      (SCD):    0.000ns
    Clock Pessimism Removal (CPR):    -0.000ns

    Location             Delay type                Incr(ns)  Path(ns)    Netlist Resource(s)
  -------------------------------------------------------------------    -------------------
    F16                                               0.000     0.000 r  Funct1 (IN)
                         net (fo=0)                   0.000     0.000    Funct1
    F16                  IBUF (Prop_ibuf_I_O)         0.235     0.235 r  Funct1_IBUF_inst/O
                         net (fo=13, routed)          0.713     0.948    Funct1_IBUF
    SLICE_X0Y106         LUT6 (Prop_lut6_I0_O)        0.045     0.993 r  ALUCtrl[1]_i_1/O
                         net (fo=1, routed)           0.000     0.993    ALUCtrl[1]_i_1_n_0
    SLICE_X0Y106         FDRE                                         r  ALUCtrl_reg[1]/D
  -------------------------------------------------------------------    -------------------

                         (clock sys_clk_pin rise edge)
                                                      0.000     0.000 r  
    E3                                                0.000     0.000 r  CLK (IN)
                         net (fo=0)                   0.000     0.000    CLK
    E3                   IBUF (Prop_ibuf_I_O)         0.438     0.438 r  CLK_IBUF_inst/O
                         net (fo=1, routed)           0.699     1.136    CLK_IBUF
    BUFGCTRL_X0Y16       BUFG (Prop_bufg_I_O)         0.029     1.165 r  CLK_IBUF_BUFG_inst/O
                         net (fo=12, routed)          0.871     2.036    CLK_IBUF_BUFG
    SLICE_X0Y106         FDRE                                         r  ALUCtrl_reg[1]/C

Slack:                    inf
  Source:                 Opcode[0]
                            (input port)
  Destination:            ALUCtrl_reg[2]/D
                            (rising edge-triggered cell FDRE clocked by sys_clk_pin  {rise@0.000ns fall@5.000ns period=10.000ns})
  Path Group:             (none)
  Path Type:              Hold (Min at Fast Process Corner)
  Data Path Delay:        1.051ns  (logic 0.285ns (27.124%)  route 0.766ns (72.876%))
  Logic Levels:           2  (IBUF=1 LUT6=1)
  Clock Path Skew:        2.036ns (DCD - SCD - CPR)
    Destination Clock Delay (DCD):    2.036ns
    Source Clock Delay      (SCD):    0.000ns
    Clock Pessimism Removal (CPR):    -0.000ns

    Location             Delay type                Incr(ns)  Path(ns)    Netlist Resource(s)
  -------------------------------------------------------------------    -------------------
    H14                                               0.000     0.000 r  Opcode[0] (IN)
                         net (fo=0)                   0.000     0.000    Opcode[0]
    H14                  IBUF (Prop_ibuf_I_O)         0.240     0.240 r  Opcode_IBUF[0]_inst/O
                         net (fo=12, routed)          0.766     1.006    Opcode_IBUF[0]
    SLICE_X0Y106         LUT6 (Prop_lut6_I1_O)        0.045     1.051 r  ALUCtrl[2]_i_1/O
                         net (fo=1, routed)           0.000     1.051    ALUCtrl[2]_i_1_n_0
    SLICE_X0Y106         FDRE                                         r  ALUCtrl_reg[2]/D
  -------------------------------------------------------------------    -------------------

                         (clock sys_clk_pin rise edge)
                                                      0.000     0.000 r  
    E3                                                0.000     0.000 r  CLK (IN)
                         net (fo=0)                   0.000     0.000    CLK
    E3                   IBUF (Prop_ibuf_I_O)         0.438     0.438 r  CLK_IBUF_inst/O
                         net (fo=1, routed)           0.699     1.136    CLK_IBUF
    BUFGCTRL_X0Y16       BUFG (Prop_bufg_I_O)         0.029     1.165 r  CLK_IBUF_BUFG_inst/O
                         net (fo=12, routed)          0.871     2.036    CLK_IBUF_BUFG
    SLICE_X0Y106         FDRE                                         r  ALUCtrl_reg[2]/C

Slack:                    inf
  Source:                 Funct1
                            (input port)
  Destination:            PCLD_reg/D
                            (rising edge-triggered cell FDRE clocked by sys_clk_pin  {rise@0.000ns fall@5.000ns period=10.000ns})
  Path Group:             (none)
  Path Type:              Hold (Min at Fast Process Corner)
  Data Path Delay:        1.060ns  (logic 0.280ns (26.435%)  route 0.780ns (73.565%))
  Logic Levels:           2  (IBUF=1 LUT6=1)
  Clock Path Skew:        2.037ns (DCD - SCD - CPR)
    Destination Clock Delay (DCD):    2.037ns
    Source Clock Delay      (SCD):    0.000ns
    Clock Pessimism Removal (CPR):    -0.000ns

    Location             Delay type                Incr(ns)  Path(ns)    Netlist Resource(s)
  -------------------------------------------------------------------    -------------------
    F16                                               0.000     0.000 f  Funct1 (IN)
                         net (fo=0)                   0.000     0.000    Funct1
    F16                  IBUF (Prop_ibuf_I_O)         0.235     0.235 f  Funct1_IBUF_inst/O
                         net (fo=13, routed)          0.780     1.015    Funct1_IBUF
    SLICE_X0Y102         LUT6 (Prop_lut6_I2_O)        0.045     1.060 r  PCLD_i_1/O
                         net (fo=1, routed)           0.000     1.060    PCLD_i_1_n_0
    SLICE_X0Y102         FDRE                                         r  PCLD_reg/D
  -------------------------------------------------------------------    -------------------

                         (clock sys_clk_pin rise edge)
                                                      0.000     0.000 r  
    E3                                                0.000     0.000 r  CLK (IN)
                         net (fo=0)                   0.000     0.000    CLK
    E3                   IBUF (Prop_ibuf_I_O)         0.438     0.438 r  CLK_IBUF_inst/O
                         net (fo=1, routed)           0.699     1.136    CLK_IBUF
    BUFGCTRL_X0Y16       BUFG (Prop_bufg_I_O)         0.029     1.165 r  CLK_IBUF_BUFG_inst/O
                         net (fo=12, routed)          0.872     2.037    CLK_IBUF_BUFG
    SLICE_X0Y102         FDRE                                         r  PCLD_reg/C

Slack:                    inf
  Source:                 Funct1
                            (input port)
  Destination:            ImmSrc_reg[1]/D
                            (rising edge-triggered cell FDRE clocked by sys_clk_pin  {rise@0.000ns fall@5.000ns period=10.000ns})
  Path Group:             (none)
  Path Type:              Hold (Min at Fast Process Corner)
  Data Path Delay:        1.062ns  (logic 0.280ns (26.390%)  route 0.781ns (73.610%))
  Logic Levels:           2  (IBUF=1 LUT5=1)
  Clock Path Skew:        2.037ns (DCD - SCD - CPR)
    Destination Clock Delay (DCD):    2.037ns
    Source Clock Delay      (SCD):    0.000ns
    Clock Pessimism Removal (CPR):    -0.000ns

    Location             Delay type                Incr(ns)  Path(ns)    Netlist Resource(s)
  -------------------------------------------------------------------    -------------------
    F16                                               0.000     0.000 r  Funct1 (IN)
                         net (fo=0)                   0.000     0.000    Funct1
    F16                  IBUF (Prop_ibuf_I_O)         0.235     0.235 r  Funct1_IBUF_inst/O
                         net (fo=13, routed)          0.781     1.017    Funct1_IBUF
    SLICE_X0Y101         LUT5 (Prop_lut5_I3_O)        0.045     1.062 r  ImmSrc[1]_i_1/O
                         net (fo=1, routed)           0.000     1.062    ImmSrc[1]_i_1_n_0
    SLICE_X0Y101         FDRE                                         r  ImmSrc_reg[1]/D
  -------------------------------------------------------------------    -------------------

                         (clock sys_clk_pin rise edge)
                                                      0.000     0.000 r  
    E3                                                0.000     0.000 r  CLK (IN)
                         net (fo=0)                   0.000     0.000    CLK
    E3                   IBUF (Prop_ibuf_I_O)         0.438     0.438 r  CLK_IBUF_inst/O
                         net (fo=1, routed)           0.699     1.136    CLK_IBUF
    BUFGCTRL_X0Y16       BUFG (Prop_bufg_I_O)         0.029     1.165 r  CLK_IBUF_BUFG_inst/O
                         net (fo=12, routed)          0.872     2.037    CLK_IBUF_BUFG
    SLICE_X0Y101         FDRE                                         r  ImmSrc_reg[1]/C

Slack:                    inf
  Source:                 Funct1
                            (input port)
  Destination:            ResultSrc_reg/D
                            (rising edge-triggered cell FDRE clocked by sys_clk_pin  {rise@0.000ns fall@5.000ns period=10.000ns})
  Path Group:             (none)
  Path Type:              Hold (Min at Fast Process Corner)
  Data Path Delay:        1.066ns  (logic 0.284ns (26.666%)  route 0.781ns (73.334%))
  Logic Levels:           2  (IBUF=1 LUT5=1)
  Clock Path Skew:        2.037ns (DCD - SCD - CPR)
    Destination Clock Delay (DCD):    2.037ns
    Source Clock Delay      (SCD):    0.000ns
    Clock Pessimism Removal (CPR):    -0.000ns

    Location             Delay type                Incr(ns)  Path(ns)    Netlist Resource(s)
  -------------------------------------------------------------------    -------------------
    F16                                               0.000     0.000 r  Funct1 (IN)
                         net (fo=0)                   0.000     0.000    Funct1
    F16                  IBUF (Prop_ibuf_I_O)         0.235     0.235 r  Funct1_IBUF_inst/O
                         net (fo=13, routed)          0.781     1.017    Funct1_IBUF
    SLICE_X0Y101         LUT5 (Prop_lut5_I1_O)        0.049     1.066 r  ResultSrc_i_1/O
                         net (fo=1, routed)           0.000     1.066    ResultSrc_i_1_n_0
    SLICE_X0Y101         FDRE                                         r  ResultSrc_reg/D
  -------------------------------------------------------------------    -------------------

                         (clock sys_clk_pin rise edge)
                                                      0.000     0.000 r  
    E3                                                0.000     0.000 r  CLK (IN)
                         net (fo=0)                   0.000     0.000    CLK
    E3                   IBUF (Prop_ibuf_I_O)         0.438     0.438 r  CLK_IBUF_inst/O
                         net (fo=1, routed)           0.699     1.136    CLK_IBUF
    BUFGCTRL_X0Y16       BUFG (Prop_bufg_I_O)         0.029     1.165 r  CLK_IBUF_BUFG_inst/O
                         net (fo=12, routed)          0.872     2.037    CLK_IBUF_BUFG
    SLICE_X0Y101         FDRE                                         r  ResultSrc_reg/C

Slack:                    inf
  Source:                 Funct1
                            (input port)
  Destination:            ALUCtrl_reg[0]/D
                            (rising edge-triggered cell FDRE clocked by sys_clk_pin  {rise@0.000ns fall@5.000ns period=10.000ns})
  Path Group:             (none)
  Path Type:              Hold (Min at Fast Process Corner)
  Data Path Delay:        1.086ns  (logic 0.280ns (25.802%)  route 0.806ns (74.198%))
  Logic Levels:           2  (IBUF=1 LUT6=1)
  Clock Path Skew:        2.037ns (DCD - SCD - CPR)
    Destination Clock Delay (DCD):    2.037ns
    Source Clock Delay      (SCD):    0.000ns
    Clock Pessimism Removal (CPR):    -0.000ns

    Location             Delay type                Incr(ns)  Path(ns)    Netlist Resource(s)
  -------------------------------------------------------------------    -------------------
    F16                                               0.000     0.000 r  Funct1 (IN)
                         net (fo=0)                   0.000     0.000    Funct1
    F16                  IBUF (Prop_ibuf_I_O)         0.235     0.235 r  Funct1_IBUF_inst/O
                         net (fo=13, routed)          0.806     1.041    Funct1_IBUF
    SLICE_X0Y101         LUT6 (Prop_lut6_I5_O)        0.045     1.086 r  ALUCtrl[0]_i_1/O
                         net (fo=1, routed)           0.000     1.086    ALUCtrl[0]_i_1_n_0
    SLICE_X0Y101         FDRE                                         r  ALUCtrl_reg[0]/D
  -------------------------------------------------------------------    -------------------

                         (clock sys_clk_pin rise edge)
                                                      0.000     0.000 r  
    E3                                                0.000     0.000 r  CLK (IN)
                         net (fo=0)                   0.000     0.000    CLK
    E3                   IBUF (Prop_ibuf_I_O)         0.438     0.438 r  CLK_IBUF_inst/O
                         net (fo=1, routed)           0.699     1.136    CLK_IBUF
    BUFGCTRL_X0Y16       BUFG (Prop_bufg_I_O)         0.029     1.165 r  CLK_IBUF_BUFG_inst/O
                         net (fo=12, routed)          0.872     2.037    CLK_IBUF_BUFG
    SLICE_X0Y101         FDRE                                         r  ALUCtrl_reg[0]/C

Slack:                    inf
  Source:                 Funct1
                            (input port)
  Destination:            ImmSrc_reg[2]/D
                            (rising edge-triggered cell FDRE clocked by sys_clk_pin  {rise@0.000ns fall@5.000ns period=10.000ns})
  Path Group:             (none)
  Path Type:              Hold (Min at Fast Process Corner)
  Data Path Delay:        1.172ns  (logic 0.280ns (23.905%)  route 0.892ns (76.095%))
  Logic Levels:           2  (IBUF=1 LUT5=1)
  Clock Path Skew:        2.037ns (DCD - SCD - CPR)
    Destination Clock Delay (DCD):    2.037ns
    Source Clock Delay      (SCD):    0.000ns
    Clock Pessimism Removal (CPR):    -0.000ns

    Location             Delay type                Incr(ns)  Path(ns)    Netlist Resource(s)
  -------------------------------------------------------------------    -------------------
    F16                                               0.000     0.000 f  Funct1 (IN)
                         net (fo=0)                   0.000     0.000    Funct1
    F16                  IBUF (Prop_ibuf_I_O)         0.235     0.235 f  Funct1_IBUF_inst/O
                         net (fo=13, routed)          0.892     1.127    Funct1_IBUF
    SLICE_X0Y101         LUT5 (Prop_lut5_I4_O)        0.045     1.172 r  ImmSrc[2]_i_1/O
                         net (fo=1, routed)           0.000     1.172    ImmSrc[2]_i_1_n_0
    SLICE_X0Y101         FDRE                                         r  ImmSrc_reg[2]/D
  -------------------------------------------------------------------    -------------------

                         (clock sys_clk_pin rise edge)
                                                      0.000     0.000 r  
    E3                                                0.000     0.000 r  CLK (IN)
                         net (fo=0)                   0.000     0.000    CLK
    E3                   IBUF (Prop_ibuf_I_O)         0.438     0.438 r  CLK_IBUF_inst/O
                         net (fo=1, routed)           0.699     1.136    CLK_IBUF
    BUFGCTRL_X0Y16       BUFG (Prop_bufg_I_O)         0.029     1.165 r  CLK_IBUF_BUFG_inst/O
                         net (fo=12, routed)          0.872     2.037    CLK_IBUF_BUFG
    SLICE_X0Y101         FDRE                                         r  ImmSrc_reg[2]/C





