Copyright 1986-2022 Xilinx, Inc. All Rights Reserved. Copyright 2022-2025 Advanced Micro Devices, Inc. All Rights Reserved.
---------------------------------------------------------------------------------------------------------------------------------------------------------------------------------------------------------------------------------
| Tool Version : Vivado v.2025.2 (lin64) Build 6299465 Fri Nov 14 12:34:56 MST 2025
| Date         : Thu Apr  9 15:15:17 2026
| Host         : pop-os running 64-bit Pop!_OS 22.04 LTS
| Command      : report_timing_summary -max_paths 10 -routable_nets -report_unconstrained -file ArchReg_timing_summary_routed.rpt -pb ArchReg_timing_summary_routed.pb -rpx ArchReg_timing_summary_routed.rpx -warn_on_violation
| Design       : ArchReg
| Device       : 7a100t-csg324
| Speed File   : -2  PRODUCTION 1.23 2018-06-13
| Design State : Routed
---------------------------------------------------------------------------------------------------------------------------------------------------------------------------------------------------------------------------------

Timing Summary Report

------------------------------------------------------------------------------------------------
| Timer Settings
| --------------
------------------------------------------------------------------------------------------------

  Enable Multi Corner Analysis               :  Yes
  Enable Pessimism Removal                   :  Yes
  Pessimism Removal Resolution               :  Nearest Common Node
  Enable Input Delay Default Clock           :  No
  Enable Preset / Clear Arcs                 :  No
  Disable Flight Delays                      :  No
  Ignore I/O Paths                           :  No
  Timing Early Launch at Borrowing Latches   :  No
  Borrow Time for Max Delay Exceptions       :  Yes
  Merge Timing Exceptions                    :  Yes
  Inter-SLR Compensation                     :  Conservative

  Corner  Analyze    Analyze    
  Name    Max Paths  Min Paths  
  ------  ---------  ---------  
  Slow    Yes        Yes        
  Fast    Yes        Yes        


------------------------------------------------------------------------------------------------
| Report Methodology
| ------------------
------------------------------------------------------------------------------------------------

Rule       Severity  Description                    Violations  
---------  --------  -----------------------------  ----------  
TIMING-18  Warning   Missing input or output delay  28          

Note: This report is based on the most recent report_methodology run and may not be up-to-date. Run report_methodology on the current design for the latest report.



check_timing report

Table of Contents
-----------------
1. checking no_clock (0)
2. checking constant_clock (0)
3. checking pulse_width_clock (0)
4. checking unconstrained_internal_endpoints (0)
5. checking no_input_delay (12)
6. checking no_output_delay (16)
7. checking multiple_clock (0)
8. checking generated_clocks (0)
9. checking loops (0)
10. checking partial_input_delay (0)
11. checking partial_output_delay (0)
12. checking latch_loops (0)

1. checking no_clock (0)
------------------------
 There are 0 register/latch pins with no clock.


2. checking constant_clock (0)
------------------------------
 There are 0 register/latch pins with constant_clock.


3. checking pulse_width_clock (0)
---------------------------------
 There are 0 register/latch pins which need pulse_width check


4. checking unconstrained_internal_endpoints (0)
------------------------------------------------
 There are 0 pins that are not constrained for maximum delay.

 There are 0 pins that are not constrained for maximum delay due to constant clock.


5. checking no_input_delay (12)
-------------------------------
 There are 12 input ports with no input delay specified. (HIGH)

 There are 0 input ports with no input delay but user has a false path constraint.


6. checking no_output_delay (16)
--------------------------------
 There are 16 ports with no output delay specified. (HIGH)

 There are 0 ports with no output delay but user has a false path constraint

 There are 0 ports with no output delay but with a timing clock defined on it or propagating through it


7. checking multiple_clock (0)
------------------------------
 There are 0 register/latch pins with multiple clocks.


8. checking generated_clocks (0)
--------------------------------
 There are 0 generated clocks that are not connected to a clock source.


9. checking loops (0)
---------------------
 There are 0 combinational loops in the design.


10. checking partial_input_delay (0)
------------------------------------
 There are 0 input ports with partial input delay specified.


11. checking partial_output_delay (0)
-------------------------------------
 There are 0 ports with partial output delay specified.


12. checking latch_loops (0)
----------------------------
 There are 0 combinational latch loops in the design through latch input



------------------------------------------------------------------------------------------------
| Design Timing Summary
| ---------------------
------------------------------------------------------------------------------------------------

    WNS(ns)      TNS(ns)  TNS Failing Endpoints  TNS Total Endpoints      WHS(ns)      THS(ns)  THS Failing Endpoints  THS Total Endpoints     WPWS(ns)     TPWS(ns)  TPWS Failing Endpoints  TPWS Total Endpoints  
    -------      -------  ---------------------  -------------------      -------      -------  ---------------------  -------------------     --------     --------  ----------------------  --------------------  
        inf        0.000                      0                  132          inf        0.000                      0                  132        3.870        0.000                       0                    25  


All user specified timing constraints are met.


------------------------------------------------------------------------------------------------
| Clock Summary
| -------------
------------------------------------------------------------------------------------------------

Clock        Waveform(ns)       Period(ns)      Frequency(MHz)
-----        ------------       ----------      --------------
sys_clk_pin  {0.000 5.000}      10.000          100.000         


------------------------------------------------------------------------------------------------
| Intra Clock Table
| -----------------
------------------------------------------------------------------------------------------------

Clock             WNS(ns)      TNS(ns)  TNS Failing Endpoints  TNS Total Endpoints      WHS(ns)      THS(ns)  THS Failing Endpoints  THS Total Endpoints     WPWS(ns)     TPWS(ns)  TPWS Failing Endpoints  TPWS Total Endpoints  
-----             -------      -------  ---------------------  -------------------      -------      -------  ---------------------  -------------------     --------     --------  ----------------------  --------------------  
sys_clk_pin                                                                                                                                                     3.870        0.000                       0                    25  


------------------------------------------------------------------------------------------------
| Inter Clock Table
| -----------------
------------------------------------------------------------------------------------------------

From Clock    To Clock          WNS(ns)      TNS(ns)  TNS Failing Endpoints  TNS Total Endpoints      WHS(ns)      THS(ns)  THS Failing Endpoints  THS Total Endpoints  
----------    --------          -------      -------  ---------------------  -------------------      -------      -------  ---------------------  -------------------  


------------------------------------------------------------------------------------------------
| Other Path Groups Table
| -----------------------
------------------------------------------------------------------------------------------------

Path Group    From Clock    To Clock          WNS(ns)      TNS(ns)  TNS Failing Endpoints  TNS Total Endpoints      WHS(ns)      THS(ns)  THS Failing Endpoints  THS Total Endpoints  
----------    ----------    --------          -------      -------  ---------------------  -------------------      -------      -------  ---------------------  -------------------  


------------------------------------------------------------------------------------------------
| User Ignored Path Table
| -----------------------
------------------------------------------------------------------------------------------------

Path Group    From Clock    To Clock    
----------    ----------    --------    


------------------------------------------------------------------------------------------------
| Unconstrained Path Table
| ------------------------
------------------------------------------------------------------------------------------------

Path Group    From Clock    To Clock    
----------    ----------    --------    
(none)                                    
(none)        sys_clk_pin                 
(none)                      sys_clk_pin   


------------------------------------------------------------------------------------------------
| Timing Details
| --------------
------------------------------------------------------------------------------------------------


---------------------------------------------------------------------------------------------------
From Clock:  sys_clk_pin
  To Clock:  sys_clk_pin

Setup :           NA  Failing Endpoints,  Worst Slack           NA  ,  Total Violation           NA
Hold  :           NA  Failing Endpoints,  Worst Slack           NA  ,  Total Violation           NA
PW    :            0  Failing Endpoints,  Worst Slack        3.870ns,  Total Violation        0.000ns
---------------------------------------------------------------------------------------------------


Pulse Width Checks
--------------------------------------------------------------------------------------
Clock Name:         sys_clk_pin
Waveform(ns):       { 0.000 5.000 }
Period(ns):         10.000
Sources:            { CLK }

Check Type        Corner  Lib Pin     Reference Pin  Required(ns)  Actual(ns)  Slack(ns)  Location        Pin
Min Period        n/a     BUFG/I      n/a            1.592         10.000      8.408      BUFGCTRL_X0Y16  CLK_IBUF_BUFG_inst/I
Low Pulse Width   Slow    RAMD32/CLK  n/a            1.130         5.000       3.870      SLICE_X2Y106    REGISTROS_reg_r1_0_7_0_5/RAMA/CLK
Low Pulse Width   Fast    RAMD32/CLK  n/a            1.130         5.000       3.870      SLICE_X2Y106    REGISTROS_reg_r1_0_7_0_5/RAMA/CLK
Low Pulse Width   Slow    RAMD32/CLK  n/a            1.130         5.000       3.870      SLICE_X2Y106    REGISTROS_reg_r1_0_7_0_5/RAMA_D1/CLK
Low Pulse Width   Fast    RAMD32/CLK  n/a            1.130         5.000       3.870      SLICE_X2Y106    REGISTROS_reg_r1_0_7_0_5/RAMA_D1/CLK
Low Pulse Width   Slow    RAMD32/CLK  n/a            1.130         5.000       3.870      SLICE_X2Y106    REGISTROS_reg_r1_0_7_0_5/RAMB/CLK
Low Pulse Width   Fast    RAMD32/CLK  n/a            1.130         5.000       3.870      SLICE_X2Y106    REGISTROS_reg_r1_0_7_0_5/RAMB/CLK
Low Pulse Width   Slow    RAMD32/CLK  n/a            1.130         5.000       3.870      SLICE_X2Y106    REGISTROS_reg_r1_0_7_0_5/RAMB_D1/CLK
Low Pulse Width   Fast    RAMD32/CLK  n/a            1.130         5.000       3.870      SLICE_X2Y106    REGISTROS_reg_r1_0_7_0_5/RAMB_D1/CLK
Low Pulse Width   Slow    RAMD32/CLK  n/a            1.130         5.000       3.870      SLICE_X2Y106    REGISTROS_reg_r1_0_7_0_5/RAMC/CLK
Low Pulse Width   Fast    RAMD32/CLK  n/a            1.130         5.000       3.870      SLICE_X2Y106    REGISTROS_reg_r1_0_7_0_5/RAMC/CLK
High Pulse Width  Slow    RAMD32/CLK  n/a            1.130         5.000       3.870      SLICE_X2Y106    REGISTROS_reg_r1_0_7_0_5/RAMA/CLK
High Pulse Width  Fast    RAMD32/CLK  n/a            1.130         5.000       3.870      SLICE_X2Y106    REGISTROS_reg_r1_0_7_0_5/RAMA/CLK
High Pulse Width  Slow    RAMD32/CLK  n/a            1.130         5.000       3.870      SLICE_X2Y106    REGISTROS_reg_r1_0_7_0_5/RAMA_D1/CLK
High Pulse Width  Fast    RAMD32/CLK  n/a            1.130         5.000       3.870      SLICE_X2Y106    REGISTROS_reg_r1_0_7_0_5/RAMA_D1/CLK
High Pulse Width  Slow    RAMD32/CLK  n/a            1.130         5.000       3.870      SLICE_X2Y106    REGISTROS_reg_r1_0_7_0_5/RAMB/CLK
High Pulse Width  Fast    RAMD32/CLK  n/a            1.130         5.000       3.870      SLICE_X2Y106    REGISTROS_reg_r1_0_7_0_5/RAMB/CLK
High Pulse Width  Slow    RAMD32/CLK  n/a            1.130         5.000       3.870      SLICE_X2Y106    REGISTROS_reg_r1_0_7_0_5/RAMB_D1/CLK
High Pulse Width  Fast    RAMD32/CLK  n/a            1.130         5.000       3.870      SLICE_X2Y106    REGISTROS_reg_r1_0_7_0_5/RAMB_D1/CLK
High Pulse Width  Slow    RAMD32/CLK  n/a            1.130         5.000       3.870      SLICE_X2Y106    REGISTROS_reg_r1_0_7_0_5/RAMC/CLK
High Pulse Width  Fast    RAMD32/CLK  n/a            1.130         5.000       3.870      SLICE_X2Y106    REGISTROS_reg_r1_0_7_0_5/RAMC/CLK



--------------------------------------------------------------------------------------
Path Group:  (none)
From Clock:  
  To Clock:  

Max Delay            16 Endpoints
Min Delay            16 Endpoints
--------------------------------------------------------------------------------------


Max Delay Paths
--------------------------------------------------------------------------------------
Slack:                    inf
  Source:                 A2[0]
                            (input port)
  Destination:            RD2[2]
                            (output port)
  Path Group:             (none)
  Path Type:              Max at Slow Process Corner
  Data Path Delay:        10.550ns  (logic 5.008ns (47.470%)  route 5.542ns (52.530%))
  Logic Levels:           3  (IBUF=1 OBUF=1 RAMD32=1)

    Location             Delay type                Incr(ns)  Path(ns)    Netlist Resource(s)
  -------------------------------------------------------------------    -------------------
    D14                                               0.000     0.000 r  A2[0] (IN)
                         net (fo=0)                   0.000     0.000    A2[0]
    D14                  IBUF (Prop_ibuf_I_O)         1.414     1.414 r  A2_IBUF[0]_inst/O
                         net (fo=8, routed)           2.619     4.033    REGISTROS_reg_r2_0_7_0_5/ADDRB0
    SLICE_X2Y104         RAMD32 (Prop_ramd32_RADR0_O)
                                                      0.118     4.151 r  REGISTROS_reg_r2_0_7_0_5/RAMB/O
                         net (fo=1, routed)           2.923     7.074    RD2_OBUF[2]
    U14                  OBUF (Prop_obuf_I_O)         3.476    10.550 r  RD2_OBUF[2]_inst/O
                         net (fo=0)                   0.000    10.550    RD2[2]
    U14                                                               r  RD2[2] (OUT)
  -------------------------------------------------------------------    -------------------

Slack:                    inf
  Source:                 A2[0]
                            (input port)
  Destination:            RD2[5]
                            (output port)
  Path Group:             (none)
  Path Type:              Max at Slow Process Corner
  Data Path Delay:        10.453ns  (logic 4.819ns (46.097%)  route 5.635ns (53.903%))
  Logic Levels:           3  (IBUF=1 OBUF=1 RAMD32=1)

    Location             Delay type                Incr(ns)  Path(ns)    Netlist Resource(s)
  -------------------------------------------------------------------    -------------------
    D14                                               0.000     0.000 r  A2[0] (IN)
                         net (fo=0)                   0.000     0.000    A2[0]
    D14                  IBUF (Prop_ibuf_I_O)         1.414     1.414 r  A2_IBUF[0]_inst/O
                         net (fo=8, routed)           2.732     4.145    REGISTROS_reg_r2_0_7_0_5/ADDRC0
    SLICE_X2Y104         RAMD32 (Prop_ramd32_RADR0_O)
                                                      0.105     4.250 r  REGISTROS_reg_r2_0_7_0_5/RAMC_D1/O
                         net (fo=1, routed)           2.903     7.153    RD2_OBUF[5]
    V14                  OBUF (Prop_obuf_I_O)         3.300    10.453 r  RD2_OBUF[5]_inst/O
                         net (fo=0)                   0.000    10.453    RD2[5]
    V14                                                               r  RD2[5] (OUT)
  -------------------------------------------------------------------    -------------------

Slack:                    inf
  Source:                 A2[0]
                            (input port)
  Destination:            RD2[6]
                            (output port)
  Path Group:             (none)
  Path Type:              Max at Slow Process Corner
  Data Path Delay:        10.301ns  (logic 5.007ns (48.605%)  route 5.294ns (51.395%))
  Logic Levels:           3  (IBUF=1 OBUF=1 RAMD32=1)

    Location             Delay type                Incr(ns)  Path(ns)    Netlist Resource(s)
  -------------------------------------------------------------------    -------------------
    D14                                               0.000     0.000 r  A2[0] (IN)
                         net (fo=0)                   0.000     0.000    A2[0]
    D14                  IBUF (Prop_ibuf_I_O)         1.414     1.414 r  A2_IBUF[0]_inst/O
                         net (fo=8, routed)           2.520     3.934    REGISTROS_reg_r2_0_7_6_7/DPRA0
    SLICE_X2Y105         RAMD32 (Prop_ramd32_RADR0_O)
                                                      0.118     4.052 r  REGISTROS_reg_r2_0_7_6_7/DP/O
                         net (fo=1, routed)           2.774     6.826    RD2_OBUF[6]
    V12                  OBUF (Prop_obuf_I_O)         3.475    10.301 r  RD2_OBUF[6]_inst/O
                         net (fo=0)                   0.000    10.301    RD2[6]
    V12                                                               r  RD2[6] (OUT)
  -------------------------------------------------------------------    -------------------

Slack:                    inf
  Source:                 A2[0]
                            (input port)
  Destination:            RD2[4]
                            (output port)
  Path Group:             (none)
  Path Type:              Max at Slow Process Corner
  Data Path Delay:        10.284ns  (logic 4.993ns (48.551%)  route 5.291ns (51.449%))
  Logic Levels:           3  (IBUF=1 OBUF=1 RAMD32=1)

    Location             Delay type                Incr(ns)  Path(ns)    Netlist Resource(s)
  -------------------------------------------------------------------    -------------------
    D14                                               0.000     0.000 r  A2[0] (IN)
                         net (fo=0)                   0.000     0.000    A2[0]
    D14                  IBUF (Prop_ibuf_I_O)         1.414     1.414 r  A2_IBUF[0]_inst/O
                         net (fo=8, routed)           2.732     4.145    REGISTROS_reg_r2_0_7_0_5/ADDRC0
    SLICE_X2Y104         RAMD32 (Prop_ramd32_RADR0_O)
                                                      0.119     4.264 r  REGISTROS_reg_r2_0_7_0_5/RAMC/O
                         net (fo=1, routed)           2.560     6.824    RD2_OBUF[4]
    V15                  OBUF (Prop_obuf_I_O)         3.460    10.284 r  RD2_OBUF[4]_inst/O
                         net (fo=0)                   0.000    10.284    RD2[4]
    V15                                                               r  RD2[4] (OUT)
  -------------------------------------------------------------------    -------------------

Slack:                    inf
  Source:                 A2[0]
                            (input port)
  Destination:            RD2[0]
                            (output port)
  Path Group:             (none)
  Path Type:              Max at Slow Process Corner
  Data Path Delay:        10.164ns  (logic 4.984ns (49.038%)  route 5.180ns (50.962%))
  Logic Levels:           3  (IBUF=1 OBUF=1 RAMD32=1)

    Location             Delay type                Incr(ns)  Path(ns)    Netlist Resource(s)
  -------------------------------------------------------------------    -------------------
    D14                                               0.000     0.000 r  A2[0] (IN)
                         net (fo=0)                   0.000     0.000    A2[0]
    D14                  IBUF (Prop_ibuf_I_O)         1.414     1.414 r  A2_IBUF[0]_inst/O
                         net (fo=8, routed)           2.628     4.042    REGISTROS_reg_r2_0_7_0_5/ADDRA0
    SLICE_X2Y104         RAMD32 (Prop_ramd32_RADR0_O)
                                                      0.118     4.160 r  REGISTROS_reg_r2_0_7_0_5/RAMA/O
                         net (fo=1, routed)           2.552     6.711    RD2_OBUF[0]
    V16                  OBUF (Prop_obuf_I_O)         3.452    10.164 r  RD2_OBUF[0]_inst/O
                         net (fo=0)                   0.000    10.164    RD2[0]
    V16                                                               r  RD2[0] (OUT)
  -------------------------------------------------------------------    -------------------

Slack:                    inf
  Source:                 A1[0]
                            (input port)
  Destination:            RD1[7]
                            (output port)
  Path Group:             (none)
  Path Type:              Max at Slow Process Corner
  Data Path Delay:        10.048ns  (logic 4.989ns (49.650%)  route 5.059ns (50.350%))
  Logic Levels:           3  (IBUF=1 OBUF=1 RAMD32=1)

    Location             Delay type                Incr(ns)  Path(ns)    Netlist Resource(s)
  -------------------------------------------------------------------    -------------------
    G13                                               0.000     0.000 r  A1[0] (IN)
                         net (fo=0)                   0.000     0.000    A1[0]
    G13                  IBUF (Prop_ibuf_I_O)         1.406     1.406 r  A1_IBUF[0]_inst/O
                         net (fo=8, routed)           2.479     3.885    REGISTROS_reg_r1_0_7_6_7__0/DPRA0
    SLICE_X2Y105         RAMD32 (Prop_ramd32_RADR0_O)
                                                      0.119     4.004 r  REGISTROS_reg_r1_0_7_6_7__0/DP/O
                         net (fo=1, routed)           2.580     6.584    RD1_OBUF[7]
    U16                  OBUF (Prop_obuf_I_O)         3.464    10.048 r  RD1_OBUF[7]_inst/O
                         net (fo=0)                   0.000    10.048    RD1[7]
    U16                                                               r  RD1[7] (OUT)
  -------------------------------------------------------------------    -------------------

Slack:                    inf
  Source:                 A1[0]
                            (input port)
  Destination:            RD1[5]
                            (output port)
  Path Group:             (none)
  Path Type:              Max at Slow Process Corner
  Data Path Delay:        9.910ns  (logic 4.808ns (48.521%)  route 5.101ns (51.479%))
  Logic Levels:           3  (IBUF=1 OBUF=1 RAMD32=1)

    Location             Delay type                Incr(ns)  Path(ns)    Netlist Resource(s)
  -------------------------------------------------------------------    -------------------
    G13                                               0.000     0.000 r  A1[0] (IN)
                         net (fo=0)                   0.000     0.000    A1[0]
    G13                  IBUF (Prop_ibuf_I_O)         1.406     1.406 r  A1_IBUF[0]_inst/O
                         net (fo=8, routed)           2.371     3.777    REGISTROS_reg_r1_0_7_0_5/ADDRC0
    SLICE_X2Y106         RAMD32 (Prop_ramd32_RADR0_O)
                                                      0.105     3.882 r  REGISTROS_reg_r1_0_7_0_5/RAMC_D1/O
                         net (fo=1, routed)           2.730     6.612    RD1_OBUF[5]
    V17                  OBUF (Prop_obuf_I_O)         3.297     9.910 r  RD1_OBUF[5]_inst/O
                         net (fo=0)                   0.000     9.910    RD1[5]
    V17                                                               r  RD1[5] (OUT)
  -------------------------------------------------------------------    -------------------

Slack:                    inf
  Source:                 A1[0]
                            (input port)
  Destination:            RD1[6]
                            (output port)
  Path Group:             (none)
  Path Type:              Max at Slow Process Corner
  Data Path Delay:        9.884ns  (logic 4.811ns (48.680%)  route 5.072ns (51.320%))
  Logic Levels:           3  (IBUF=1 OBUF=1 RAMD32=1)

    Location             Delay type                Incr(ns)  Path(ns)    Netlist Resource(s)
  -------------------------------------------------------------------    -------------------
    G13                                               0.000     0.000 r  A1[0] (IN)
                         net (fo=0)                   0.000     0.000    A1[0]
    G13                  IBUF (Prop_ibuf_I_O)         1.406     1.406 r  A1_IBUF[0]_inst/O
                         net (fo=8, routed)           2.479     3.885    REGISTROS_reg_r1_0_7_6_7/DPRA0
    SLICE_X2Y105         RAMD32 (Prop_ramd32_RADR0_O)
                                                      0.105     3.990 r  REGISTROS_reg_r1_0_7_6_7/DP/O
                         net (fo=1, routed)           2.593     6.583    RD1_OBUF[6]
    U17                  OBUF (Prop_obuf_I_O)         3.301     9.884 r  RD1_OBUF[6]_inst/O
                         net (fo=0)                   0.000     9.884    RD1[6]
    U17                                                               r  RD1[6] (OUT)
  -------------------------------------------------------------------    -------------------

Slack:                    inf
  Source:                 A2[0]
                            (input port)
  Destination:            RD2[3]
                            (output port)
  Path Group:             (none)
  Path Type:              Max at Slow Process Corner
  Data Path Delay:        9.719ns  (logic 4.796ns (49.346%)  route 4.923ns (50.654%))
  Logic Levels:           3  (IBUF=1 OBUF=1 RAMD32=1)

    Location             Delay type                Incr(ns)  Path(ns)    Netlist Resource(s)
  -------------------------------------------------------------------    -------------------
    D14                                               0.000     0.000 r  A2[0] (IN)
                         net (fo=0)                   0.000     0.000    A2[0]
    D14                  IBUF (Prop_ibuf_I_O)         1.414     1.414 r  A2_IBUF[0]_inst/O
                         net (fo=8, routed)           2.619     4.033    REGISTROS_reg_r2_0_7_0_5/ADDRB0
    SLICE_X2Y104         RAMD32 (Prop_ramd32_RADR0_O)
                                                      0.105     4.138 r  REGISTROS_reg_r2_0_7_0_5/RAMB_D1/O
                         net (fo=1, routed)           2.304     6.442    RD2_OBUF[3]
    T16                  OBUF (Prop_obuf_I_O)         3.277     9.719 r  RD2_OBUF[3]_inst/O
                         net (fo=0)                   0.000     9.719    RD2[3]
    T16                                                               r  RD2[3] (OUT)
  -------------------------------------------------------------------    -------------------

Slack:                    inf
  Source:                 A2[0]
                            (input port)
  Destination:            RD2[7]
                            (output port)
  Path Group:             (none)
  Path Type:              Max at Slow Process Corner
  Data Path Delay:        9.651ns  (logic 4.833ns (50.083%)  route 4.817ns (49.917%))
  Logic Levels:           3  (IBUF=1 OBUF=1 RAMD32=1)

    Location             Delay type                Incr(ns)  Path(ns)    Netlist Resource(s)
  -------------------------------------------------------------------    -------------------
    D14                                               0.000     0.000 r  A2[0] (IN)
                         net (fo=0)                   0.000     0.000    A2[0]
    D14                  IBUF (Prop_ibuf_I_O)         1.414     1.414 r  A2_IBUF[0]_inst/O
                         net (fo=8, routed)           2.520     3.934    REGISTROS_reg_r2_0_7_6_7__0/DPRA0
    SLICE_X2Y105         RAMD32 (Prop_ramd32_RADR0_O)
                                                      0.105     4.039 r  REGISTROS_reg_r2_0_7_6_7__0/DP/O
                         net (fo=1, routed)           2.298     6.336    RD2_OBUF[7]
    V11                  OBUF (Prop_obuf_I_O)         3.315     9.651 r  RD2_OBUF[7]_inst/O
                         net (fo=0)                   0.000     9.651    RD2[7]
    V11                                                               r  RD2[7] (OUT)
  -------------------------------------------------------------------    -------------------





Min Delay Paths
--------------------------------------------------------------------------------------
Slack:                    inf
  Source:                 A1[1]
                            (input port)
  Destination:            RD1[1]
                            (output port)
  Path Group:             (none)
  Path Type:              Min at Fast Process Corner
  Data Path Delay:        2.691ns  (logic 1.509ns (56.075%)  route 1.182ns (43.925%))
  Logic Levels:           3  (IBUF=1 OBUF=1 RAMD32=1)

    Location             Delay type                Incr(ns)  Path(ns)    Netlist Resource(s)
  -------------------------------------------------------------------    -------------------
    G16                                               0.000     0.000 r  A1[1] (IN)
                         net (fo=0)                   0.000     0.000    A1[1]
    G16                  IBUF (Prop_ibuf_I_O)         0.228     0.228 r  A1_IBUF[1]_inst/O
                         net (fo=8, routed)           0.769     0.997    REGISTROS_reg_r1_0_7_0_5/ADDRA1
    SLICE_X2Y106         RAMD32 (Prop_ramd32_RADR1_O)
                                                      0.045     1.042 r  REGISTROS_reg_r1_0_7_0_5/RAMA_D1/O
                         net (fo=1, routed)           0.413     1.455    RD1_OBUF[1]
    K15                  OBUF (Prop_obuf_I_O)         1.236     2.691 r  RD1_OBUF[1]_inst/O
                         net (fo=0)                   0.000     2.691    RD1[1]
    K15                                                               r  RD1[1] (OUT)
  -------------------------------------------------------------------    -------------------

Slack:                    inf
  Source:                 A1[1]
                            (input port)
  Destination:            RD1[0]
                            (output port)
  Path Group:             (none)
  Path Type:              Min at Fast Process Corner
  Data Path Delay:        2.807ns  (logic 1.559ns (55.561%)  route 1.247ns (44.439%))
  Logic Levels:           3  (IBUF=1 OBUF=1 RAMD32=1)

    Location             Delay type                Incr(ns)  Path(ns)    Netlist Resource(s)
  -------------------------------------------------------------------    -------------------
    G16                                               0.000     0.000 r  A1[1] (IN)
                         net (fo=0)                   0.000     0.000    A1[1]
    G16                  IBUF (Prop_ibuf_I_O)         0.228     0.228 r  A1_IBUF[1]_inst/O
                         net (fo=8, routed)           0.769     0.997    REGISTROS_reg_r1_0_7_0_5/ADDRA1
    SLICE_X2Y106         RAMD32 (Prop_ramd32_RADR1_O)
                                                      0.044     1.041 r  REGISTROS_reg_r1_0_7_0_5/RAMA/O
                         net (fo=1, routed)           0.478     1.519    RD1_OBUF[0]
    H17                  OBUF (Prop_obuf_I_O)         1.287     2.807 r  RD1_OBUF[0]_inst/O
                         net (fo=0)                   0.000     2.807    RD1[0]
    H17                                                               r  RD1[0] (OUT)
  -------------------------------------------------------------------    -------------------

Slack:                    inf
  Source:                 A1[1]
                            (input port)
  Destination:            RD1[2]
                            (output port)
  Path Group:             (none)
  Path Type:              Min at Fast Process Corner
  Data Path Delay:        2.840ns  (logic 1.598ns (56.273%)  route 1.242ns (43.727%))
  Logic Levels:           3  (IBUF=1 OBUF=1 RAMD32=1)

    Location             Delay type                Incr(ns)  Path(ns)    Netlist Resource(s)
  -------------------------------------------------------------------    -------------------
    G16                                               0.000     0.000 r  A1[1] (IN)
                         net (fo=0)                   0.000     0.000    A1[1]
    G16                  IBUF (Prop_ibuf_I_O)         0.228     0.228 r  A1_IBUF[1]_inst/O
                         net (fo=8, routed)           0.767     0.995    REGISTROS_reg_r1_0_7_0_5/ADDRB1
    SLICE_X2Y106         RAMD32 (Prop_ramd32_RADR1_O)
                                                      0.044     1.039 r  REGISTROS_reg_r1_0_7_0_5/RAMB/O
                         net (fo=1, routed)           0.475     1.514    RD1_OBUF[2]
    J13                  OBUF (Prop_obuf_I_O)         1.326     2.840 r  RD1_OBUF[2]_inst/O
                         net (fo=0)                   0.000     2.840    RD1[2]
    J13                                                               r  RD1[2] (OUT)
  -------------------------------------------------------------------    -------------------

Slack:                    inf
  Source:                 A1[1]
                            (input port)
  Destination:            RD1[3]
                            (output port)
  Path Group:             (none)
  Path Type:              Min at Fast Process Corner
  Data Path Delay:        2.911ns  (logic 1.524ns (52.362%)  route 1.387ns (47.638%))
  Logic Levels:           3  (IBUF=1 OBUF=1 RAMD32=1)

    Location             Delay type                Incr(ns)  Path(ns)    Netlist Resource(s)
  -------------------------------------------------------------------    -------------------
    G16                                               0.000     0.000 r  A1[1] (IN)
                         net (fo=0)                   0.000     0.000    A1[1]
    G16                  IBUF (Prop_ibuf_I_O)         0.228     0.228 r  A1_IBUF[1]_inst/O
                         net (fo=8, routed)           0.767     0.995    REGISTROS_reg_r1_0_7_0_5/ADDRB1
    SLICE_X2Y106         RAMD32 (Prop_ramd32_RADR1_O)
                                                      0.045     1.040 r  REGISTROS_reg_r1_0_7_0_5/RAMB_D1/O
                         net (fo=1, routed)           0.620     1.660    RD1_OBUF[3]
    N14                  OBUF (Prop_obuf_I_O)         1.251     2.911 r  RD1_OBUF[3]_inst/O
                         net (fo=0)                   0.000     2.911    RD1[3]
    N14                                                               r  RD1[3] (OUT)
  -------------------------------------------------------------------    -------------------

Slack:                    inf
  Source:                 A2[2]
                            (input port)
  Destination:            RD2[1]
                            (output port)
  Path Group:             (none)
  Path Type:              Min at Fast Process Corner
  Data Path Delay:        2.927ns  (logic 1.535ns (52.451%)  route 1.392ns (47.549%))
  Logic Levels:           3  (IBUF=1 OBUF=1 RAMD32=1)

    Location             Delay type                Incr(ns)  Path(ns)    Netlist Resource(s)
  -------------------------------------------------------------------    -------------------
    F16                                               0.000     0.000 r  A2[2] (IN)
                         net (fo=0)                   0.000     0.000    A2[2]
    F16                  IBUF (Prop_ibuf_I_O)         0.235     0.235 r  A2_IBUF[2]_inst/O
                         net (fo=8, routed)           0.659     0.895    REGISTROS_reg_r2_0_7_0_5/ADDRA2
    SLICE_X2Y104         RAMD32 (Prop_ramd32_RADR2_O)
                                                      0.045     0.940 r  REGISTROS_reg_r2_0_7_0_5/RAMA_D1/O
                         net (fo=1, routed)           0.732     1.672    RD2_OBUF[1]
    T15                  OBUF (Prop_obuf_I_O)         1.255     2.927 r  RD2_OBUF[1]_inst/O
                         net (fo=0)                   0.000     2.927    RD2[1]
    T15                                                               r  RD2[1] (OUT)
  -------------------------------------------------------------------    -------------------

Slack:                    inf
  Source:                 A2[2]
                            (input port)
  Destination:            RD2[3]
                            (output port)
  Path Group:             (none)
  Path Type:              Min at Fast Process Corner
  Data Path Delay:        2.965ns  (logic 1.512ns (51.008%)  route 1.453ns (48.992%))
  Logic Levels:           3  (IBUF=1 OBUF=1 RAMD32=1)

    Location             Delay type                Incr(ns)  Path(ns)    Netlist Resource(s)
  -------------------------------------------------------------------    -------------------
    F16                                               0.000     0.000 r  A2[2] (IN)
                         net (fo=0)                   0.000     0.000    A2[2]
    F16                  IBUF (Prop_ibuf_I_O)         0.235     0.235 r  A2_IBUF[2]_inst/O
                         net (fo=8, routed)           0.659     0.895    REGISTROS_reg_r2_0_7_0_5/ADDRB2
    SLICE_X2Y104         RAMD32 (Prop_ramd32_RADR2_O)
                                                      0.045     0.940 r  REGISTROS_reg_r2_0_7_0_5/RAMB_D1/O
                         net (fo=1, routed)           0.793     1.733    RD2_OBUF[3]
    T16                  OBUF (Prop_obuf_I_O)         1.232     2.965 r  RD2_OBUF[3]_inst/O
                         net (fo=0)                   0.000     2.965    RD2[3]
    T16                                                               r  RD2[3] (OUT)
  -------------------------------------------------------------------    -------------------

Slack:                    inf
  Source:                 A1[2]
                            (input port)
  Destination:            RD1[4]
                            (output port)
  Path Group:             (none)
  Path Type:              Min at Fast Process Corner
  Data Path Delay:        2.971ns  (logic 1.602ns (53.924%)  route 1.369ns (46.076%))
  Logic Levels:           3  (IBUF=1 OBUF=1 RAMD32=1)

    Location             Delay type                Incr(ns)  Path(ns)    Netlist Resource(s)
  -------------------------------------------------------------------    -------------------
    H16                                               0.000     0.000 r  A1[2] (IN)
                         net (fo=0)                   0.000     0.000    A1[2]
    H16                  IBUF (Prop_ibuf_I_O)         0.239     0.239 r  A1_IBUF[2]_inst/O
                         net (fo=8, routed)           0.767     1.006    REGISTROS_reg_r1_0_7_0_5/ADDRC2
    SLICE_X2Y106         RAMD32 (Prop_ramd32_RADR2_O)
                                                      0.043     1.049 r  REGISTROS_reg_r1_0_7_0_5/RAMC/O
                         net (fo=1, routed)           0.602     1.651    RD1_OBUF[4]
    R18                  OBUF (Prop_obuf_I_O)         1.320     2.971 r  RD1_OBUF[4]_inst/O
                         net (fo=0)                   0.000     2.971    RD1[4]
    R18                                                               r  RD1[4] (OUT)
  -------------------------------------------------------------------    -------------------

Slack:                    inf
  Source:                 A2[2]
                            (input port)
  Destination:            RD2[7]
                            (output port)
  Path Group:             (none)
  Path Type:              Min at Fast Process Corner
  Data Path Delay:        3.015ns  (logic 1.550ns (51.403%)  route 1.465ns (48.597%))
  Logic Levels:           3  (IBUF=1 OBUF=1 RAMD32=1)

    Location             Delay type                Incr(ns)  Path(ns)    Netlist Resource(s)
  -------------------------------------------------------------------    -------------------
    F16                                               0.000     0.000 r  A2[2] (IN)
                         net (fo=0)                   0.000     0.000    A2[2]
    F16                  IBUF (Prop_ibuf_I_O)         0.235     0.235 r  A2_IBUF[2]_inst/O
                         net (fo=8, routed)           0.713     0.949    REGISTROS_reg_r2_0_7_6_7__0/DPRA2
    SLICE_X2Y105         RAMD32 (Prop_ramd32_RADR2_O)
                                                      0.045     0.994 r  REGISTROS_reg_r2_0_7_6_7__0/DP/O
                         net (fo=1, routed)           0.752     1.745    RD2_OBUF[7]
    V11                  OBUF (Prop_obuf_I_O)         1.269     3.015 r  RD2_OBUF[7]_inst/O
                         net (fo=0)                   0.000     3.015    RD2[7]
    V11                                                               r  RD2[7] (OUT)
  -------------------------------------------------------------------    -------------------

Slack:                    inf
  Source:                 A2[2]
                            (input port)
  Destination:            RD2[0]
                            (output port)
  Path Group:             (none)
  Path Type:              Min at Fast Process Corner
  Data Path Delay:        3.159ns  (logic 1.592ns (50.414%)  route 1.566ns (49.586%))
  Logic Levels:           3  (IBUF=1 OBUF=1 RAMD32=1)

    Location             Delay type                Incr(ns)  Path(ns)    Netlist Resource(s)
  -------------------------------------------------------------------    -------------------
    F16                                               0.000     0.000 r  A2[2] (IN)
                         net (fo=0)                   0.000     0.000    A2[2]
    F16                  IBUF (Prop_ibuf_I_O)         0.235     0.235 r  A2_IBUF[2]_inst/O
                         net (fo=8, routed)           0.659     0.895    REGISTROS_reg_r2_0_7_0_5/ADDRA2
    SLICE_X2Y104         RAMD32 (Prop_ramd32_RADR2_O)
                                                      0.043     0.938 r  REGISTROS_reg_r2_0_7_0_5/RAMA/O
                         net (fo=1, routed)           0.907     1.844    RD2_OBUF[0]
    V16                  OBUF (Prop_obuf_I_O)         1.314     3.159 r  RD2_OBUF[0]_inst/O
                         net (fo=0)                   0.000     3.159    RD2[0]
    V16                                                               r  RD2[0] (OUT)
  -------------------------------------------------------------------    -------------------

Slack:                    inf
  Source:                 A1[2]
                            (input port)
  Destination:            RD1[6]
                            (output port)
  Path Group:             (none)
  Path Type:              Min at Fast Process Corner
  Data Path Delay:        3.208ns  (logic 1.540ns (47.998%)  route 1.668ns (52.002%))
  Logic Levels:           3  (IBUF=1 OBUF=1 RAMD32=1)

    Location             Delay type                Incr(ns)  Path(ns)    Netlist Resource(s)
  -------------------------------------------------------------------    -------------------
    H16                                               0.000     0.000 r  A1[2] (IN)
                         net (fo=0)                   0.000     0.000    A1[2]
    H16                  IBUF (Prop_ibuf_I_O)         0.239     0.239 r  A1_IBUF[2]_inst/O
                         net (fo=8, routed)           0.713     0.952    REGISTROS_reg_r1_0_7_6_7/DPRA2
    SLICE_X2Y105         RAMD32 (Prop_ramd32_RADR2_O)
                                                      0.045     0.997 r  REGISTROS_reg_r1_0_7_6_7/DP/O
                         net (fo=1, routed)           0.955     1.952    RD1_OBUF[6]
    U17                  OBUF (Prop_obuf_I_O)         1.256     3.208 r  RD1_OBUF[6]_inst/O
                         net (fo=0)                   0.000     3.208    RD1[6]
    U17                                                               r  RD1[6] (OUT)
  -------------------------------------------------------------------    -------------------





--------------------------------------------------------------------------------------
Path Group:  (none)
From Clock:  sys_clk_pin
  To Clock:  

Max Delay            16 Endpoints
Min Delay            16 Endpoints
--------------------------------------------------------------------------------------


Max Delay Paths
--------------------------------------------------------------------------------------
Slack:                    inf
  Source:                 REGISTROS_reg_r2_0_7_0_5/RAMB/CLK
                            (rising edge-triggered cell RAMD32 clocked by sys_clk_pin  {rise@0.000ns fall@5.000ns period=10.000ns})
  Destination:            RD2[2]
                            (output port)
  Path Group:             (none)
  Path Type:              Max at Slow Process Corner
  Data Path Delay:        7.506ns  (logic 4.583ns (61.058%)  route 2.923ns (38.942%))
  Logic Levels:           1  (OBUF=1)
  Clock Uncertainty:      0.025ns  ((TSJ^2 + TIJ^2)^1/2 + DJ) / 2 + PE
    Total System Jitter     (TSJ):    0.050ns
    Total Input Jitter      (TIJ):    0.000ns
    Discrete Jitter          (DJ):    0.000ns
    Phase Error              (PE):    0.000ns

    Location             Delay type                Incr(ns)  Path(ns)    Netlist Resource(s)
  -------------------------------------------------------------------    -------------------
                         (clock sys_clk_pin rise edge)
                                                      0.000     0.000 r  
    E3                                                0.000     0.000 r  CLK (IN)
                         net (fo=0)                   0.000     0.000    CLK
    E3                   IBUF (Prop_ibuf_I_O)         1.413     1.413 r  CLK_IBUF_inst/O
                         net (fo=1, routed)           1.717     3.130    CLK_IBUF
    BUFGCTRL_X0Y16       BUFG (Prop_bufg_I_O)         0.081     3.211 r  CLK_IBUF_BUFG_inst/O
                         net (fo=24, routed)          1.441     4.652    REGISTROS_reg_r2_0_7_0_5/WCLK
    SLICE_X2Y104         RAMD32                                       r  REGISTROS_reg_r2_0_7_0_5/RAMB/CLK
  -------------------------------------------------------------------    -------------------
    SLICE_X2Y104         RAMD32 (Prop_ramd32_CLK_O)
                                                      1.107     5.759 r  REGISTROS_reg_r2_0_7_0_5/RAMB/O
                         net (fo=1, routed)           2.923     8.682    RD2_OBUF[2]
    U14                  OBUF (Prop_obuf_I_O)         3.476    12.158 r  RD2_OBUF[2]_inst/O
                         net (fo=0)                   0.000    12.158    RD2[2]
    U14                                                               r  RD2[2] (OUT)
  -------------------------------------------------------------------    -------------------

Slack:                    inf
  Source:                 REGISTROS_reg_r2_0_7_6_7/DP/CLK
                            (rising edge-triggered cell RAMD32 clocked by sys_clk_pin  {rise@0.000ns fall@5.000ns period=10.000ns})
  Destination:            RD2[6]
                            (output port)
  Path Group:             (none)
  Path Type:              Max at Slow Process Corner
  Data Path Delay:        7.358ns  (logic 4.584ns (62.296%)  route 2.774ns (37.704%))
  Logic Levels:           1  (OBUF=1)
  Clock Uncertainty:      0.025ns  ((TSJ^2 + TIJ^2)^1/2 + DJ) / 2 + PE
    Total System Jitter     (TSJ):    0.050ns
    Total Input Jitter      (TIJ):    0.000ns
    Discrete Jitter          (DJ):    0.000ns
    Phase Error              (PE):    0.000ns

    Location             Delay type                Incr(ns)  Path(ns)    Netlist Resource(s)
  -------------------------------------------------------------------    -------------------
                         (clock sys_clk_pin rise edge)
                                                      0.000     0.000 r  
    E3                                                0.000     0.000 r  CLK (IN)
                         net (fo=0)                   0.000     0.000    CLK
    E3                   IBUF (Prop_ibuf_I_O)         1.413     1.413 r  CLK_IBUF_inst/O
                         net (fo=1, routed)           1.717     3.130    CLK_IBUF
    BUFGCTRL_X0Y16       BUFG (Prop_bufg_I_O)         0.081     3.211 r  CLK_IBUF_BUFG_inst/O
                         net (fo=24, routed)          1.441     4.652    REGISTROS_reg_r2_0_7_6_7/WCLK
    SLICE_X2Y105         RAMD32                                       r  REGISTROS_reg_r2_0_7_6_7/DP/CLK
  -------------------------------------------------------------------    -------------------
    SLICE_X2Y105         RAMD32 (Prop_ramd32_CLK_O)
                                                      1.109     5.761 r  REGISTROS_reg_r2_0_7_6_7/DP/O
                         net (fo=1, routed)           2.774     8.535    RD2_OBUF[6]
    V12                  OBUF (Prop_obuf_I_O)         3.475    12.010 r  RD2_OBUF[6]_inst/O
                         net (fo=0)                   0.000    12.010    RD2[6]
    V12                                                               r  RD2[6] (OUT)
  -------------------------------------------------------------------    -------------------

Slack:                    inf
  Source:                 REGISTROS_reg_r2_0_7_0_5/RAMC_D1/CLK
                            (rising edge-triggered cell RAMD32 clocked by sys_clk_pin  {rise@0.000ns fall@5.000ns period=10.000ns})
  Destination:            RD2[5]
                            (output port)
  Path Group:             (none)
  Path Type:              Max at Slow Process Corner
  Data Path Delay:        7.287ns  (logic 4.384ns (60.161%)  route 2.903ns (39.839%))
  Logic Levels:           1  (OBUF=1)
  Clock Uncertainty:      0.025ns  ((TSJ^2 + TIJ^2)^1/2 + DJ) / 2 + PE
    Total System Jitter     (TSJ):    0.050ns
    Total Input Jitter      (TIJ):    0.000ns
    Discrete Jitter          (DJ):    0.000ns
    Phase Error              (PE):    0.000ns

    Location             Delay type                Incr(ns)  Path(ns)    Netlist Resource(s)
  -------------------------------------------------------------------    -------------------
                         (clock sys_clk_pin rise edge)
                                                      0.000     0.000 r  
    E3                                                0.000     0.000 r  CLK (IN)
                         net (fo=0)                   0.000     0.000    CLK
    E3                   IBUF (Prop_ibuf_I_O)         1.413     1.413 r  CLK_IBUF_inst/O
                         net (fo=1, routed)           1.717     3.130    CLK_IBUF
    BUFGCTRL_X0Y16       BUFG (Prop_bufg_I_O)         0.081     3.211 r  CLK_IBUF_BUFG_inst/O
                         net (fo=24, routed)          1.441     4.652    REGISTROS_reg_r2_0_7_0_5/WCLK
    SLICE_X2Y104         RAMD32                                       r  REGISTROS_reg_r2_0_7_0_5/RAMC_D1/CLK
  -------------------------------------------------------------------    -------------------
    SLICE_X2Y104         RAMD32 (Prop_ramd32_CLK_O)
                                                      1.084     5.736 r  REGISTROS_reg_r2_0_7_0_5/RAMC_D1/O
                         net (fo=1, routed)           2.903     8.639    RD2_OBUF[5]
    V14                  OBUF (Prop_obuf_I_O)         3.300    11.939 r  RD2_OBUF[5]_inst/O
                         net (fo=0)                   0.000    11.939    RD2[5]
    V14                                                               r  RD2[5] (OUT)
  -------------------------------------------------------------------    -------------------

Slack:                    inf
  Source:                 REGISTROS_reg_r1_0_7_6_7__0/DP/CLK
                            (rising edge-triggered cell RAMD32 clocked by sys_clk_pin  {rise@0.000ns fall@5.000ns period=10.000ns})
  Destination:            RD1[7]
                            (output port)
  Path Group:             (none)
  Path Type:              Max at Slow Process Corner
  Data Path Delay:        7.144ns  (logic 4.564ns (63.886%)  route 2.580ns (36.114%))
  Logic Levels:           1  (OBUF=1)
  Clock Uncertainty:      0.025ns  ((TSJ^2 + TIJ^2)^1/2 + DJ) / 2 + PE
    Total System Jitter     (TSJ):    0.050ns
    Total Input Jitter      (TIJ):    0.000ns
    Discrete Jitter          (DJ):    0.000ns
    Phase Error              (PE):    0.000ns

    Location             Delay type                Incr(ns)  Path(ns)    Netlist Resource(s)
  -------------------------------------------------------------------    -------------------
                         (clock sys_clk_pin rise edge)
                                                      0.000     0.000 r  
    E3                                                0.000     0.000 r  CLK (IN)
                         net (fo=0)                   0.000     0.000    CLK
    E3                   IBUF (Prop_ibuf_I_O)         1.413     1.413 r  CLK_IBUF_inst/O
                         net (fo=1, routed)           1.717     3.130    CLK_IBUF
    BUFGCTRL_X0Y16       BUFG (Prop_bufg_I_O)         0.081     3.211 r  CLK_IBUF_BUFG_inst/O
                         net (fo=24, routed)          1.441     4.652    REGISTROS_reg_r1_0_7_6_7__0/WCLK
    SLICE_X2Y105         RAMD32                                       r  REGISTROS_reg_r1_0_7_6_7__0/DP/CLK
  -------------------------------------------------------------------    -------------------
    SLICE_X2Y105         RAMD32 (Prop_ramd32_CLK_O)
                                                      1.100     5.752 r  REGISTROS_reg_r1_0_7_6_7__0/DP/O
                         net (fo=1, routed)           2.580     8.332    RD1_OBUF[7]
    U16                  OBUF (Prop_obuf_I_O)         3.464    11.796 r  RD1_OBUF[7]_inst/O
                         net (fo=0)                   0.000    11.796    RD1[7]
    U16                                                               r  RD1[7] (OUT)
  -------------------------------------------------------------------    -------------------

Slack:                    inf
  Source:                 REGISTROS_reg_r2_0_7_0_5/RAMC/CLK
                            (rising edge-triggered cell RAMD32 clocked by sys_clk_pin  {rise@0.000ns fall@5.000ns period=10.000ns})
  Destination:            RD2[4]
                            (output port)
  Path Group:             (none)
  Path Type:              Max at Slow Process Corner
  Data Path Delay:        7.120ns  (logic 4.560ns (64.050%)  route 2.560ns (35.950%))
  Logic Levels:           1  (OBUF=1)
  Clock Uncertainty:      0.025ns  ((TSJ^2 + TIJ^2)^1/2 + DJ) / 2 + PE
    Total System Jitter     (TSJ):    0.050ns
    Total Input Jitter      (TIJ):    0.000ns
    Discrete Jitter          (DJ):    0.000ns
    Phase Error              (PE):    0.000ns

    Location             Delay type                Incr(ns)  Path(ns)    Netlist Resource(s)
  -------------------------------------------------------------------    -------------------
                         (clock sys_clk_pin rise edge)
                                                      0.000     0.000 r  
    E3                                                0.000     0.000 r  CLK (IN)
                         net (fo=0)                   0.000     0.000    CLK
    E3                   IBUF (Prop_ibuf_I_O)         1.413     1.413 r  CLK_IBUF_inst/O
                         net (fo=1, routed)           1.717     3.130    CLK_IBUF
    BUFGCTRL_X0Y16       BUFG (Prop_bufg_I_O)         0.081     3.211 r  CLK_IBUF_BUFG_inst/O
                         net (fo=24, routed)          1.441     4.652    REGISTROS_reg_r2_0_7_0_5/WCLK
    SLICE_X2Y104         RAMD32                                       r  REGISTROS_reg_r2_0_7_0_5/RAMC/CLK
  -------------------------------------------------------------------    -------------------
    SLICE_X2Y104         RAMD32 (Prop_ramd32_CLK_O)
                                                      1.100     5.752 r  REGISTROS_reg_r2_0_7_0_5/RAMC/O
                         net (fo=1, routed)           2.560     8.311    RD2_OBUF[4]
    V15                  OBUF (Prop_obuf_I_O)         3.460    11.772 r  RD2_OBUF[4]_inst/O
                         net (fo=0)                   0.000    11.772    RD2[4]
    V15                                                               r  RD2[4] (OUT)
  -------------------------------------------------------------------    -------------------

Slack:                    inf
  Source:                 REGISTROS_reg_r2_0_7_0_5/RAMA/CLK
                            (rising edge-triggered cell RAMD32 clocked by sys_clk_pin  {rise@0.000ns fall@5.000ns period=10.000ns})
  Destination:            RD2[0]
                            (output port)
  Path Group:             (none)
  Path Type:              Max at Slow Process Corner
  Data Path Delay:        7.113ns  (logic 4.561ns (64.124%)  route 2.552ns (35.876%))
  Logic Levels:           1  (OBUF=1)
  Clock Uncertainty:      0.025ns  ((TSJ^2 + TIJ^2)^1/2 + DJ) / 2 + PE
    Total System Jitter     (TSJ):    0.050ns
    Total Input Jitter      (TIJ):    0.000ns
    Discrete Jitter          (DJ):    0.000ns
    Phase Error              (PE):    0.000ns

    Location             Delay type                Incr(ns)  Path(ns)    Netlist Resource(s)
  -------------------------------------------------------------------    -------------------
                         (clock sys_clk_pin rise edge)
                                                      0.000     0.000 r  
    E3                                                0.000     0.000 r  CLK (IN)
                         net (fo=0)                   0.000     0.000    CLK
    E3                   IBUF (Prop_ibuf_I_O)         1.413     1.413 r  CLK_IBUF_inst/O
                         net (fo=1, routed)           1.717     3.130    CLK_IBUF
    BUFGCTRL_X0Y16       BUFG (Prop_bufg_I_O)         0.081     3.211 r  CLK_IBUF_BUFG_inst/O
                         net (fo=24, routed)          1.441     4.652    REGISTROS_reg_r2_0_7_0_5/WCLK
    SLICE_X2Y104         RAMD32                                       r  REGISTROS_reg_r2_0_7_0_5/RAMA/CLK
  -------------------------------------------------------------------    -------------------
    SLICE_X2Y104         RAMD32 (Prop_ramd32_CLK_O)
                                                      1.109     5.761 r  REGISTROS_reg_r2_0_7_0_5/RAMA/O
                         net (fo=1, routed)           2.552     8.313    RD2_OBUF[0]
    V16                  OBUF (Prop_obuf_I_O)         3.452    11.765 r  RD2_OBUF[0]_inst/O
                         net (fo=0)                   0.000    11.765    RD2[0]
    V16                                                               r  RD2[0] (OUT)
  -------------------------------------------------------------------    -------------------

Slack:                    inf
  Source:                 REGISTROS_reg_r1_0_7_0_5/RAMC_D1/CLK
                            (rising edge-triggered cell RAMD32 clocked by sys_clk_pin  {rise@0.000ns fall@5.000ns period=10.000ns})
  Destination:            RD1[5]
                            (output port)
  Path Group:             (none)
  Path Type:              Max at Slow Process Corner
  Data Path Delay:        7.111ns  (logic 4.381ns (61.610%)  route 2.730ns (38.390%))
  Logic Levels:           1  (OBUF=1)
  Clock Uncertainty:      0.025ns  ((TSJ^2 + TIJ^2)^1/2 + DJ) / 2 + PE
    Total System Jitter     (TSJ):    0.050ns
    Total Input Jitter      (TIJ):    0.000ns
    Discrete Jitter          (DJ):    0.000ns
    Phase Error              (PE):    0.000ns

    Location             Delay type                Incr(ns)  Path(ns)    Netlist Resource(s)
  -------------------------------------------------------------------    -------------------
                         (clock sys_clk_pin rise edge)
                                                      0.000     0.000 r  
    E3                                                0.000     0.000 r  CLK (IN)
                         net (fo=0)                   0.000     0.000    CLK
    E3                   IBUF (Prop_ibuf_I_O)         1.413     1.413 r  CLK_IBUF_inst/O
                         net (fo=1, routed)           1.717     3.130    CLK_IBUF
    BUFGCTRL_X0Y16       BUFG (Prop_bufg_I_O)         0.081     3.211 r  CLK_IBUF_BUFG_inst/O
                         net (fo=24, routed)          1.440     4.651    REGISTROS_reg_r1_0_7_0_5/WCLK
    SLICE_X2Y106         RAMD32                                       r  REGISTROS_reg_r1_0_7_0_5/RAMC_D1/CLK
  -------------------------------------------------------------------    -------------------
    SLICE_X2Y106         RAMD32 (Prop_ramd32_CLK_O)
                                                      1.084     5.735 r  REGISTROS_reg_r1_0_7_0_5/RAMC_D1/O
                         net (fo=1, routed)           2.730     8.465    RD1_OBUF[5]
    V17                  OBUF (Prop_obuf_I_O)         3.297    11.762 r  RD1_OBUF[5]_inst/O
                         net (fo=0)                   0.000    11.762    RD1[5]
    V17                                                               r  RD1[5] (OUT)
  -------------------------------------------------------------------    -------------------

Slack:                    inf
  Source:                 REGISTROS_reg_r1_0_7_6_7/DP/CLK
                            (rising edge-triggered cell RAMD32 clocked by sys_clk_pin  {rise@0.000ns fall@5.000ns period=10.000ns})
  Destination:            RD1[6]
                            (output port)
  Path Group:             (none)
  Path Type:              Max at Slow Process Corner
  Data Path Delay:        6.978ns  (logic 4.385ns (62.837%)  route 2.593ns (37.163%))
  Logic Levels:           1  (OBUF=1)
  Clock Uncertainty:      0.025ns  ((TSJ^2 + TIJ^2)^1/2 + DJ) / 2 + PE
    Total System Jitter     (TSJ):    0.050ns
    Total Input Jitter      (TIJ):    0.000ns
    Discrete Jitter          (DJ):    0.000ns
    Phase Error              (PE):    0.000ns

    Location             Delay type                Incr(ns)  Path(ns)    Netlist Resource(s)
  -------------------------------------------------------------------    -------------------
                         (clock sys_clk_pin rise edge)
                                                      0.000     0.000 r  
    E3                                                0.000     0.000 r  CLK (IN)
                         net (fo=0)                   0.000     0.000    CLK
    E3                   IBUF (Prop_ibuf_I_O)         1.413     1.413 r  CLK_IBUF_inst/O
                         net (fo=1, routed)           1.717     3.130    CLK_IBUF
    BUFGCTRL_X0Y16       BUFG (Prop_bufg_I_O)         0.081     3.211 r  CLK_IBUF_BUFG_inst/O
                         net (fo=24, routed)          1.441     4.652    REGISTROS_reg_r1_0_7_6_7/WCLK
    SLICE_X2Y105         RAMD32                                       r  REGISTROS_reg_r1_0_7_6_7/DP/CLK
  -------------------------------------------------------------------    -------------------
    SLICE_X2Y105         RAMD32 (Prop_ramd32_CLK_O)
                                                      1.084     5.736 r  REGISTROS_reg_r1_0_7_6_7/DP/O
                         net (fo=1, routed)           2.593     8.329    RD1_OBUF[6]
    U17                  OBUF (Prop_obuf_I_O)         3.301    11.630 r  RD1_OBUF[6]_inst/O
                         net (fo=0)                   0.000    11.630    RD1[6]
    U17                                                               r  RD1[6] (OUT)
  -------------------------------------------------------------------    -------------------

Slack:                    inf
  Source:                 REGISTROS_reg_r2_0_7_6_7__0/DP/CLK
                            (rising edge-triggered cell RAMD32 clocked by sys_clk_pin  {rise@0.000ns fall@5.000ns period=10.000ns})
  Destination:            RD2[7]
                            (output port)
  Path Group:             (none)
  Path Type:              Max at Slow Process Corner
  Data Path Delay:        6.693ns  (logic 4.396ns (65.672%)  route 2.298ns (34.328%))
  Logic Levels:           1  (OBUF=1)
  Clock Uncertainty:      0.025ns  ((TSJ^2 + TIJ^2)^1/2 + DJ) / 2 + PE
    Total System Jitter     (TSJ):    0.050ns
    Total Input Jitter      (TIJ):    0.000ns
    Discrete Jitter          (DJ):    0.000ns
    Phase Error              (PE):    0.000ns

    Location             Delay type                Incr(ns)  Path(ns)    Netlist Resource(s)
  -------------------------------------------------------------------    -------------------
                         (clock sys_clk_pin rise edge)
                                                      0.000     0.000 r  
    E3                                                0.000     0.000 r  CLK (IN)
                         net (fo=0)                   0.000     0.000    CLK
    E3                   IBUF (Prop_ibuf_I_O)         1.413     1.413 r  CLK_IBUF_inst/O
                         net (fo=1, routed)           1.717     3.130    CLK_IBUF
    BUFGCTRL_X0Y16       BUFG (Prop_bufg_I_O)         0.081     3.211 r  CLK_IBUF_BUFG_inst/O
                         net (fo=24, routed)          1.441     4.652    REGISTROS_reg_r2_0_7_6_7__0/WCLK
    SLICE_X2Y105         RAMD32                                       r  REGISTROS_reg_r2_0_7_6_7__0/DP/CLK
  -------------------------------------------------------------------    -------------------
    SLICE_X2Y105         RAMD32 (Prop_ramd32_CLK_O)
                                                      1.081     5.733 r  REGISTROS_reg_r2_0_7_6_7__0/DP/O
                         net (fo=1, routed)           2.298     8.031    RD2_OBUF[7]
    V11                  OBUF (Prop_obuf_I_O)         3.315    11.345 r  RD2_OBUF[7]_inst/O
                         net (fo=0)                   0.000    11.345    RD2[7]
    V11                                                               r  RD2[7] (OUT)
  -------------------------------------------------------------------    -------------------

Slack:                    inf
  Source:                 REGISTROS_reg_r2_0_7_0_5/RAMB_D1/CLK
                            (rising edge-triggered cell RAMD32 clocked by sys_clk_pin  {rise@0.000ns fall@5.000ns period=10.000ns})
  Destination:            RD2[3]
                            (output port)
  Path Group:             (none)
  Path Type:              Max at Slow Process Corner
  Data Path Delay:        6.668ns  (logic 4.364ns (65.445%)  route 2.304ns (34.555%))
  Logic Levels:           1  (OBUF=1)
  Clock Uncertainty:      0.025ns  ((TSJ^2 + TIJ^2)^1/2 + DJ) / 2 + PE
    Total System Jitter     (TSJ):    0.050ns
    Total Input Jitter      (TIJ):    0.000ns
    Discrete Jitter          (DJ):    0.000ns
    Phase Error              (PE):    0.000ns

    Location             Delay type                Incr(ns)  Path(ns)    Netlist Resource(s)
  -------------------------------------------------------------------    -------------------
                         (clock sys_clk_pin rise edge)
                                                      0.000     0.000 r  
    E3                                                0.000     0.000 r  CLK (IN)
                         net (fo=0)                   0.000     0.000    CLK
    E3                   IBUF (Prop_ibuf_I_O)         1.413     1.413 r  CLK_IBUF_inst/O
                         net (fo=1, routed)           1.717     3.130    CLK_IBUF
    BUFGCTRL_X0Y16       BUFG (Prop_bufg_I_O)         0.081     3.211 r  CLK_IBUF_BUFG_inst/O
                         net (fo=24, routed)          1.441     4.652    REGISTROS_reg_r2_0_7_0_5/WCLK
    SLICE_X2Y104         RAMD32                                       r  REGISTROS_reg_r2_0_7_0_5/RAMB_D1/CLK
  -------------------------------------------------------------------    -------------------
    SLICE_X2Y104         RAMD32 (Prop_ramd32_CLK_O)
                                                      1.087     5.739 r  REGISTROS_reg_r2_0_7_0_5/RAMB_D1/O
                         net (fo=1, routed)           2.304     8.043    RD2_OBUF[3]
    T16                  OBUF (Prop_obuf_I_O)         3.277    11.320 r  RD2_OBUF[3]_inst/O
                         net (fo=0)                   0.000    11.320    RD2[3]
    T16                                                               r  RD2[3] (OUT)
  -------------------------------------------------------------------    -------------------





Min Delay Paths
--------------------------------------------------------------------------------------
Slack:                    inf
  Source:                 REGISTROS_reg_r1_0_7_0_5/RAMA_D1/CLK
                            (rising edge-triggered cell RAMD32 clocked by sys_clk_pin  {rise@0.000ns fall@5.000ns period=10.000ns})
  Destination:            RD1[1]
                            (output port)
  Path Group:             (none)
  Path Type:              Min at Fast Process Corner
  Data Path Delay:        2.128ns  (logic 1.714ns (80.568%)  route 0.413ns (19.432%))
  Logic Levels:           1  (OBUF=1)
  Clock Uncertainty:      0.025ns  ((TSJ^2 + TIJ^2)^1/2 + DJ) / 2 + PE
    Total System Jitter     (TSJ):    0.050ns
    Total Input Jitter      (TIJ):    0.000ns
    Discrete Jitter          (DJ):    0.000ns
    Phase Error              (PE):    0.000ns

    Location             Delay type                Incr(ns)  Path(ns)    Netlist Resource(s)
  -------------------------------------------------------------------    -------------------
                         (clock sys_clk_pin rise edge)
                                                      0.000     0.000 r  
    E3                                                0.000     0.000 r  CLK (IN)
                         net (fo=0)                   0.000     0.000    CLK
    E3                   IBUF (Prop_ibuf_I_O)         0.250     0.250 r  CLK_IBUF_inst/O
                         net (fo=1, routed)           0.644     0.894    CLK_IBUF
    BUFGCTRL_X0Y16       BUFG (Prop_bufg_I_O)         0.026     0.920 r  CLK_IBUF_BUFG_inst/O
                         net (fo=24, routed)          0.598     1.517    REGISTROS_reg_r1_0_7_0_5/WCLK
    SLICE_X2Y106         RAMD32                                       r  REGISTROS_reg_r1_0_7_0_5/RAMA_D1/CLK
  -------------------------------------------------------------------    -------------------
    SLICE_X2Y106         RAMD32 (Prop_ramd32_CLK_O)
                                                      0.478     1.995 r  REGISTROS_reg_r1_0_7_0_5/RAMA_D1/O
                         net (fo=1, routed)           0.413     2.409    RD1_OBUF[1]
    K15                  OBUF (Prop_obuf_I_O)         1.236     3.645 r  RD1_OBUF[1]_inst/O
                         net (fo=0)                   0.000     3.645    RD1[1]
    K15                                                               r  RD1[1] (OUT)
  -------------------------------------------------------------------    -------------------

Slack:                    inf
  Source:                 REGISTROS_reg_r1_0_7_0_5/RAMB/CLK
                            (rising edge-triggered cell RAMD32 clocked by sys_clk_pin  {rise@0.000ns fall@5.000ns period=10.000ns})
  Destination:            RD1[2]
                            (output port)
  Path Group:             (none)
  Path Type:              Min at Fast Process Corner
  Data Path Delay:        2.196ns  (logic 1.720ns (78.354%)  route 0.475ns (21.646%))
  Logic Levels:           1  (OBUF=1)
  Clock Uncertainty:      0.025ns  ((TSJ^2 + TIJ^2)^1/2 + DJ) / 2 + PE
    Total System Jitter     (TSJ):    0.050ns
    Total Input Jitter      (TIJ):    0.000ns
    Discrete Jitter          (DJ):    0.000ns
    Phase Error              (PE):    0.000ns

    Location             Delay type                Incr(ns)  Path(ns)    Netlist Resource(s)
  -------------------------------------------------------------------    -------------------
                         (clock sys_clk_pin rise edge)
                                                      0.000     0.000 r  
    E3                                                0.000     0.000 r  CLK (IN)
                         net (fo=0)                   0.000     0.000    CLK
    E3                   IBUF (Prop_ibuf_I_O)         0.250     0.250 r  CLK_IBUF_inst/O
                         net (fo=1, routed)           0.644     0.894    CLK_IBUF
    BUFGCTRL_X0Y16       BUFG (Prop_bufg_I_O)         0.026     0.920 r  CLK_IBUF_BUFG_inst/O
                         net (fo=24, routed)          0.598     1.517    REGISTROS_reg_r1_0_7_0_5/WCLK
    SLICE_X2Y106         RAMD32                                       r  REGISTROS_reg_r1_0_7_0_5/RAMB/CLK
  -------------------------------------------------------------------    -------------------
    SLICE_X2Y106         RAMD32 (Prop_ramd32_CLK_O)
                                                      0.394     1.911 r  REGISTROS_reg_r1_0_7_0_5/RAMB/O
                         net (fo=1, routed)           0.475     2.387    RD1_OBUF[2]
    J13                  OBUF (Prop_obuf_I_O)         1.326     3.713 r  RD1_OBUF[2]_inst/O
                         net (fo=0)                   0.000     3.713    RD1[2]
    J13                                                               r  RD1[2] (OUT)
  -------------------------------------------------------------------    -------------------

Slack:                    inf
  Source:                 REGISTROS_reg_r1_0_7_0_5/RAMA/CLK
                            (rising edge-triggered cell RAMD32 clocked by sys_clk_pin  {rise@0.000ns fall@5.000ns period=10.000ns})
  Destination:            RD1[0]
                            (output port)
  Path Group:             (none)
  Path Type:              Min at Fast Process Corner
  Data Path Delay:        2.258ns  (logic 1.779ns (78.808%)  route 0.478ns (21.192%))
  Logic Levels:           1  (OBUF=1)
  Clock Uncertainty:      0.025ns  ((TSJ^2 + TIJ^2)^1/2 + DJ) / 2 + PE
    Total System Jitter     (TSJ):    0.050ns
    Total Input Jitter      (TIJ):    0.000ns
    Discrete Jitter          (DJ):    0.000ns
    Phase Error              (PE):    0.000ns

    Location             Delay type                Incr(ns)  Path(ns)    Netlist Resource(s)
  -------------------------------------------------------------------    -------------------
                         (clock sys_clk_pin rise edge)
                                                      0.000     0.000 r  
    E3                                                0.000     0.000 r  CLK (IN)
                         net (fo=0)                   0.000     0.000    CLK
    E3                   IBUF (Prop_ibuf_I_O)         0.250     0.250 r  CLK_IBUF_inst/O
                         net (fo=1, routed)           0.644     0.894    CLK_IBUF
    BUFGCTRL_X0Y16       BUFG (Prop_bufg_I_O)         0.026     0.920 r  CLK_IBUF_BUFG_inst/O
                         net (fo=24, routed)          0.598     1.517    REGISTROS_reg_r1_0_7_0_5/WCLK
    SLICE_X2Y106         RAMD32                                       r  REGISTROS_reg_r1_0_7_0_5/RAMA/CLK
  -------------------------------------------------------------------    -------------------
    SLICE_X2Y106         RAMD32 (Prop_ramd32_CLK_O)
                                                      0.492     2.009 r  REGISTROS_reg_r1_0_7_0_5/RAMA/O
                         net (fo=1, routed)           0.478     2.488    RD1_OBUF[0]
    H17                  OBUF (Prop_obuf_I_O)         1.287     3.775 r  RD1_OBUF[0]_inst/O
                         net (fo=0)                   0.000     3.775    RD1[0]
    H17                                                               r  RD1[0] (OUT)
  -------------------------------------------------------------------    -------------------

Slack:                    inf
  Source:                 REGISTROS_reg_r1_0_7_0_5/RAMB_D1/CLK
                            (rising edge-triggered cell RAMD32 clocked by sys_clk_pin  {rise@0.000ns fall@5.000ns period=10.000ns})
  Destination:            RD1[3]
                            (output port)
  Path Group:             (none)
  Path Type:              Min at Fast Process Corner
  Data Path Delay:        2.259ns  (logic 1.639ns (72.557%)  route 0.620ns (27.443%))
  Logic Levels:           1  (OBUF=1)
  Clock Uncertainty:      0.025ns  ((TSJ^2 + TIJ^2)^1/2 + DJ) / 2 + PE
    Total System Jitter     (TSJ):    0.050ns
    Total Input Jitter      (TIJ):    0.000ns
    Discrete Jitter          (DJ):    0.000ns
    Phase Error              (PE):    0.000ns

    Location             Delay type                Incr(ns)  Path(ns)    Netlist Resource(s)
  -------------------------------------------------------------------    -------------------
                         (clock sys_clk_pin rise edge)
                                                      0.000     0.000 r  
    E3                                                0.000     0.000 r  CLK (IN)
                         net (fo=0)                   0.000     0.000    CLK
    E3                   IBUF (Prop_ibuf_I_O)         0.250     0.250 r  CLK_IBUF_inst/O
                         net (fo=1, routed)           0.644     0.894    CLK_IBUF
    BUFGCTRL_X0Y16       BUFG (Prop_bufg_I_O)         0.026     0.920 r  CLK_IBUF_BUFG_inst/O
                         net (fo=24, routed)          0.598     1.517    REGISTROS_reg_r1_0_7_0_5/WCLK
    SLICE_X2Y106         RAMD32                                       r  REGISTROS_reg_r1_0_7_0_5/RAMB_D1/CLK
  -------------------------------------------------------------------    -------------------
    SLICE_X2Y106         RAMD32 (Prop_ramd32_CLK_O)
                                                      0.388     1.905 r  REGISTROS_reg_r1_0_7_0_5/RAMB_D1/O
                         net (fo=1, routed)           0.620     2.525    RD1_OBUF[3]
    N14                  OBUF (Prop_obuf_I_O)         1.251     3.777 r  RD1_OBUF[3]_inst/O
                         net (fo=0)                   0.000     3.777    RD1[3]
    N14                                                               r  RD1[3] (OUT)
  -------------------------------------------------------------------    -------------------

Slack:                    inf
  Source:                 REGISTROS_reg_r1_0_7_0_5/RAMC/CLK
                            (rising edge-triggered cell RAMD32 clocked by sys_clk_pin  {rise@0.000ns fall@5.000ns period=10.000ns})
  Destination:            RD1[4]
                            (output port)
  Path Group:             (none)
  Path Type:              Min at Fast Process Corner
  Data Path Delay:        2.313ns  (logic 1.710ns (73.959%)  route 0.602ns (26.041%))
  Logic Levels:           1  (OBUF=1)
  Clock Uncertainty:      0.025ns  ((TSJ^2 + TIJ^2)^1/2 + DJ) / 2 + PE
    Total System Jitter     (TSJ):    0.050ns
    Total Input Jitter      (TIJ):    0.000ns
    Discrete Jitter          (DJ):    0.000ns
    Phase Error              (PE):    0.000ns

    Location             Delay type                Incr(ns)  Path(ns)    Netlist Resource(s)
  -------------------------------------------------------------------    -------------------
                         (clock sys_clk_pin rise edge)
                                                      0.000     0.000 r  
    E3                                                0.000     0.000 r  CLK (IN)
                         net (fo=0)                   0.000     0.000    CLK
    E3                   IBUF (Prop_ibuf_I_O)         0.250     0.250 r  CLK_IBUF_inst/O
                         net (fo=1, routed)           0.644     0.894    CLK_IBUF
    BUFGCTRL_X0Y16       BUFG (Prop_bufg_I_O)         0.026     0.920 r  CLK_IBUF_BUFG_inst/O
                         net (fo=24, routed)          0.598     1.517    REGISTROS_reg_r1_0_7_0_5/WCLK
    SLICE_X2Y106         RAMD32                                       r  REGISTROS_reg_r1_0_7_0_5/RAMC/CLK
  -------------------------------------------------------------------    -------------------
    SLICE_X2Y106         RAMD32 (Prop_ramd32_CLK_O)
                                                      0.390     1.907 r  REGISTROS_reg_r1_0_7_0_5/RAMC/O
                         net (fo=1, routed)           0.602     2.510    RD1_OBUF[4]
    R18                  OBUF (Prop_obuf_I_O)         1.320     3.830 r  RD1_OBUF[4]_inst/O
                         net (fo=0)                   0.000     3.830    RD1[4]
    R18                                                               r  RD1[4] (OUT)
  -------------------------------------------------------------------    -------------------

Slack:                    inf
  Source:                 REGISTROS_reg_r2_0_7_0_5/RAMB_D1/CLK
                            (rising edge-triggered cell RAMD32 clocked by sys_clk_pin  {rise@0.000ns fall@5.000ns period=10.000ns})
  Destination:            RD2[3]
                            (output port)
  Path Group:             (none)
  Path Type:              Min at Fast Process Corner
  Data Path Delay:        2.413ns  (logic 1.620ns (67.134%)  route 0.793ns (32.866%))
  Logic Levels:           1  (OBUF=1)
  Clock Uncertainty:      0.025ns  ((TSJ^2 + TIJ^2)^1/2 + DJ) / 2 + PE
    Total System Jitter     (TSJ):    0.050ns
    Total Input Jitter      (TIJ):    0.000ns
    Discrete Jitter          (DJ):    0.000ns
    Phase Error              (PE):    0.000ns

    Location             Delay type                Incr(ns)  Path(ns)    Netlist Resource(s)
  -------------------------------------------------------------------    -------------------
                         (clock sys_clk_pin rise edge)
                                                      0.000     0.000 r  
    E3                                                0.000     0.000 r  CLK (IN)
                         net (fo=0)                   0.000     0.000    CLK
    E3                   IBUF (Prop_ibuf_I_O)         0.250     0.250 r  CLK_IBUF_inst/O
                         net (fo=1, routed)           0.644     0.894    CLK_IBUF
    BUFGCTRL_X0Y16       BUFG (Prop_bufg_I_O)         0.026     0.920 r  CLK_IBUF_BUFG_inst/O
                         net (fo=24, routed)          0.598     1.517    REGISTROS_reg_r2_0_7_0_5/WCLK
    SLICE_X2Y104         RAMD32                                       r  REGISTROS_reg_r2_0_7_0_5/RAMB_D1/CLK
  -------------------------------------------------------------------    -------------------
    SLICE_X2Y104         RAMD32 (Prop_ramd32_CLK_O)
                                                      0.388     1.905 r  REGISTROS_reg_r2_0_7_0_5/RAMB_D1/O
                         net (fo=1, routed)           0.793     2.699    RD2_OBUF[3]
    T16                  OBUF (Prop_obuf_I_O)         1.232     3.931 r  RD2_OBUF[3]_inst/O
                         net (fo=0)                   0.000     3.931    RD2[3]
    T16                                                               r  RD2[3] (OUT)
  -------------------------------------------------------------------    -------------------

Slack:                    inf
  Source:                 REGISTROS_reg_r2_0_7_0_5/RAMA_D1/CLK
                            (rising edge-triggered cell RAMD32 clocked by sys_clk_pin  {rise@0.000ns fall@5.000ns period=10.000ns})
  Destination:            RD2[1]
                            (output port)
  Path Group:             (none)
  Path Type:              Min at Fast Process Corner
  Data Path Delay:        2.465ns  (logic 1.733ns (70.298%)  route 0.732ns (29.702%))
  Logic Levels:           1  (OBUF=1)
  Clock Uncertainty:      0.025ns  ((TSJ^2 + TIJ^2)^1/2 + DJ) / 2 + PE
    Total System Jitter     (TSJ):    0.050ns
    Total Input Jitter      (TIJ):    0.000ns
    Discrete Jitter          (DJ):    0.000ns
    Phase Error              (PE):    0.000ns

    Location             Delay type                Incr(ns)  Path(ns)    Netlist Resource(s)
  -------------------------------------------------------------------    -------------------
                         (clock sys_clk_pin rise edge)
                                                      0.000     0.000 r  
    E3                                                0.000     0.000 r  CLK (IN)
                         net (fo=0)                   0.000     0.000    CLK
    E3                   IBUF (Prop_ibuf_I_O)         0.250     0.250 r  CLK_IBUF_inst/O
                         net (fo=1, routed)           0.644     0.894    CLK_IBUF
    BUFGCTRL_X0Y16       BUFG (Prop_bufg_I_O)         0.026     0.920 r  CLK_IBUF_BUFG_inst/O
                         net (fo=24, routed)          0.598     1.517    REGISTROS_reg_r2_0_7_0_5/WCLK
    SLICE_X2Y104         RAMD32                                       r  REGISTROS_reg_r2_0_7_0_5/RAMA_D1/CLK
  -------------------------------------------------------------------    -------------------
    SLICE_X2Y104         RAMD32 (Prop_ramd32_CLK_O)
                                                      0.478     1.995 r  REGISTROS_reg_r2_0_7_0_5/RAMA_D1/O
                         net (fo=1, routed)           0.732     2.728    RD2_OBUF[1]
    T15                  OBUF (Prop_obuf_I_O)         1.255     3.983 r  RD2_OBUF[1]_inst/O
                         net (fo=0)                   0.000     3.983    RD2[1]
    T15                                                               r  RD2[1] (OUT)
  -------------------------------------------------------------------    -------------------

Slack:                    inf
  Source:                 REGISTROS_reg_r2_0_7_6_7__0/DP/CLK
                            (rising edge-triggered cell RAMD32 clocked by sys_clk_pin  {rise@0.000ns fall@5.000ns period=10.000ns})
  Destination:            RD2[7]
                            (output port)
  Path Group:             (none)
  Path Type:              Min at Fast Process Corner
  Data Path Delay:        2.499ns  (logic 1.747ns (69.924%)  route 0.752ns (30.076%))
  Logic Levels:           1  (OBUF=1)
  Clock Uncertainty:      0.025ns  ((TSJ^2 + TIJ^2)^1/2 + DJ) / 2 + PE
    Total System Jitter     (TSJ):    0.050ns
    Total Input Jitter      (TIJ):    0.000ns
    Discrete Jitter          (DJ):    0.000ns
    Phase Error              (PE):    0.000ns

    Location             Delay type                Incr(ns)  Path(ns)    Netlist Resource(s)
  -------------------------------------------------------------------    -------------------
                         (clock sys_clk_pin rise edge)
                                                      0.000     0.000 r  
    E3                                                0.000     0.000 r  CLK (IN)
                         net (fo=0)                   0.000     0.000    CLK
    E3                   IBUF (Prop_ibuf_I_O)         0.250     0.250 r  CLK_IBUF_inst/O
                         net (fo=1, routed)           0.644     0.894    CLK_IBUF
    BUFGCTRL_X0Y16       BUFG (Prop_bufg_I_O)         0.026     0.920 r  CLK_IBUF_BUFG_inst/O
                         net (fo=24, routed)          0.598     1.517    REGISTROS_reg_r2_0_7_6_7__0/WCLK
    SLICE_X2Y105         RAMD32                                       r  REGISTROS_reg_r2_0_7_6_7__0/DP/CLK
  -------------------------------------------------------------------    -------------------
    SLICE_X2Y105         RAMD32 (Prop_ramd32_CLK_O)
                                                      0.478     1.995 r  REGISTROS_reg_r2_0_7_6_7__0/DP/O
                         net (fo=1, routed)           0.752     2.747    RD2_OBUF[7]
    V11                  OBUF (Prop_obuf_I_O)         1.269     4.017 r  RD2_OBUF[7]_inst/O
                         net (fo=0)                   0.000     4.017    RD2[7]
    V11                                                               r  RD2[7] (OUT)
  -------------------------------------------------------------------    -------------------

Slack:                    inf
  Source:                 REGISTROS_reg_r1_0_7_6_7/DP/CLK
                            (rising edge-triggered cell RAMD32 clocked by sys_clk_pin  {rise@0.000ns fall@5.000ns period=10.000ns})
  Destination:            RD1[6]
                            (output port)
  Path Group:             (none)
  Path Type:              Min at Fast Process Corner
  Data Path Delay:        2.597ns  (logic 1.642ns (63.219%)  route 0.955ns (36.781%))
  Logic Levels:           1  (OBUF=1)
  Clock Uncertainty:      0.025ns  ((TSJ^2 + TIJ^2)^1/2 + DJ) / 2 + PE
    Total System Jitter     (TSJ):    0.050ns
    Total Input Jitter      (TIJ):    0.000ns
    Discrete Jitter          (DJ):    0.000ns
    Phase Error              (PE):    0.000ns

    Location             Delay type                Incr(ns)  Path(ns)    Netlist Resource(s)
  -------------------------------------------------------------------    -------------------
                         (clock sys_clk_pin rise edge)
                                                      0.000     0.000 r  
    E3                                                0.000     0.000 r  CLK (IN)
                         net (fo=0)                   0.000     0.000    CLK
    E3                   IBUF (Prop_ibuf_I_O)         0.250     0.250 r  CLK_IBUF_inst/O
                         net (fo=1, routed)           0.644     0.894    CLK_IBUF
    BUFGCTRL_X0Y16       BUFG (Prop_bufg_I_O)         0.026     0.920 r  CLK_IBUF_BUFG_inst/O
                         net (fo=24, routed)          0.598     1.517    REGISTROS_reg_r1_0_7_6_7/WCLK
    SLICE_X2Y105         RAMD32                                       r  REGISTROS_reg_r1_0_7_6_7/DP/CLK
  -------------------------------------------------------------------    -------------------
    SLICE_X2Y105         RAMD32 (Prop_ramd32_CLK_O)
                                                      0.386     1.903 r  REGISTROS_reg_r1_0_7_6_7/DP/O
                         net (fo=1, routed)           0.955     2.859    RD1_OBUF[6]
    U17                  OBUF (Prop_obuf_I_O)         1.256     4.114 r  RD1_OBUF[6]_inst/O
                         net (fo=0)                   0.000     4.114    RD1[6]
    U17                                                               r  RD1[6] (OUT)
  -------------------------------------------------------------------    -------------------

Slack:                    inf
  Source:                 REGISTROS_reg_r1_0_7_0_5/RAMC_D1/CLK
                            (rising edge-triggered cell RAMD32 clocked by sys_clk_pin  {rise@0.000ns fall@5.000ns period=10.000ns})
  Destination:            RD1[5]
                            (output port)
  Path Group:             (none)
  Path Type:              Min at Fast Process Corner
  Data Path Delay:        2.633ns  (logic 1.638ns (62.239%)  route 0.994ns (37.761%))
  Logic Levels:           1  (OBUF=1)
  Clock Uncertainty:      0.025ns  ((TSJ^2 + TIJ^2)^1/2 + DJ) / 2 + PE
    Total System Jitter     (TSJ):    0.050ns
    Total Input Jitter      (TIJ):    0.000ns
    Discrete Jitter          (DJ):    0.000ns
    Phase Error              (PE):    0.000ns

    Location             Delay type                Incr(ns)  Path(ns)    Netlist Resource(s)
  -------------------------------------------------------------------    -------------------
                         (clock sys_clk_pin rise edge)
                                                      0.000     0.000 r  
    E3                                                0.000     0.000 r  CLK (IN)
                         net (fo=0)                   0.000     0.000    CLK
    E3                   IBUF (Prop_ibuf_I_O)         0.250     0.250 r  CLK_IBUF_inst/O
                         net (fo=1, routed)           0.644     0.894    CLK_IBUF
    BUFGCTRL_X0Y16       BUFG (Prop_bufg_I_O)         0.026     0.920 r  CLK_IBUF_BUFG_inst/O
                         net (fo=24, routed)          0.598     1.517    REGISTROS_reg_r1_0_7_0_5/WCLK
    SLICE_X2Y106         RAMD32                                       r  REGISTROS_reg_r1_0_7_0_5/RAMC_D1/CLK
  -------------------------------------------------------------------    -------------------
    SLICE_X2Y106         RAMD32 (Prop_ramd32_CLK_O)
                                                      0.386     1.903 r  REGISTROS_reg_r1_0_7_0_5/RAMC_D1/O
                         net (fo=1, routed)           0.994     2.898    RD1_OBUF[5]
    V17                  OBUF (Prop_obuf_I_O)         1.252     4.150 r  RD1_OBUF[5]_inst/O
                         net (fo=0)                   0.000     4.150    RD1[5]
    V17                                                               r  RD1[5] (OUT)
  -------------------------------------------------------------------    -------------------





--------------------------------------------------------------------------------------
Path Group:  (none)
From Clock:  
  To Clock:  sys_clk_pin

Max Delay           116 Endpoints
Min Delay           116 Endpoints
--------------------------------------------------------------------------------------


Max Delay Paths
--------------------------------------------------------------------------------------
Slack:                    inf
  Source:                 A3[2]
                            (input port)
  Destination:            REGISTROS_reg_r2_0_7_0_5/RAMA/WE
                            (rising edge-triggered cell RAMD32 clocked by sys_clk_pin  {rise@0.000ns fall@5.000ns period=10.000ns})
  Path Group:             (none)
  Path Type:              Setup (Max at Slow Process Corner)
  Data Path Delay:        4.363ns  (logic 1.527ns (35.003%)  route 2.836ns (64.997%))
  Logic Levels:           2  (IBUF=1 LUT4=1)
  Clock Path Skew:        4.383ns (DCD - SCD + CPR)
    Destination Clock Delay (DCD):    4.383ns
    Source Clock Delay      (SCD):    0.000ns
    Clock Pessimism Removal (CPR):    0.000ns
  Clock Uncertainty:      0.025ns  ((TSJ^2 + TIJ^2)^1/2 + DJ) / 2 + PE
    Total System Jitter     (TSJ):    0.050ns
    Total Input Jitter      (TIJ):    0.000ns
    Discrete Jitter          (DJ):    0.000ns
    Phase Error              (PE):    0.000ns

    Location             Delay type                Incr(ns)  Path(ns)    Netlist Resource(s)
  -------------------------------------------------------------------    -------------------
    E16                                               0.000     0.000 r  A3[2] (IN)
                         net (fo=0)                   0.000     0.000    A3[2]
    E16                  IBUF (Prop_ibuf_I_O)         1.422     1.422 r  A3_IBUF[2]_inst/O
                         net (fo=29, routed)          2.127     3.549    A3_IBUF[2]
    SLICE_X3Y106         LUT4 (Prop_lut4_I1_O)        0.105     3.654 r  REGISTROS_reg_r1_0_7_0_5_i_1/O
                         net (fo=24, routed)          0.709     4.363    REGISTROS_reg_r2_0_7_0_5/WE
    SLICE_X2Y104         RAMD32                                       r  REGISTROS_reg_r2_0_7_0_5/RAMA/WE
  -------------------------------------------------------------------    -------------------

                         (clock sys_clk_pin rise edge)
                                                      0.000     0.000 r  
    E3                                                0.000     0.000 r  CLK (IN)
                         net (fo=0)                   0.000     0.000    CLK
    E3                   IBUF (Prop_ibuf_I_O)         1.347     1.347 r  CLK_IBUF_inst/O
                         net (fo=1, routed)           1.628     2.975    CLK_IBUF
    BUFGCTRL_X0Y16       BUFG (Prop_bufg_I_O)         0.077     3.052 r  CLK_IBUF_BUFG_inst/O
                         net (fo=24, routed)          1.331     4.383    REGISTROS_reg_r2_0_7_0_5/WCLK
    SLICE_X2Y104         RAMD32                                       r  REGISTROS_reg_r2_0_7_0_5/RAMA/CLK

Slack:                    inf
  Source:                 A3[2]
                            (input port)
  Destination:            REGISTROS_reg_r2_0_7_0_5/RAMA_D1/WE
                            (rising edge-triggered cell RAMD32 clocked by sys_clk_pin  {rise@0.000ns fall@5.000ns period=10.000ns})
  Path Group:             (none)
  Path Type:              Setup (Max at Slow Process Corner)
  Data Path Delay:        4.363ns  (logic 1.527ns (35.003%)  route 2.836ns (64.997%))
  Logic Levels:           2  (IBUF=1 LUT4=1)
  Clock Path Skew:        4.383ns (DCD - SCD + CPR)
    Destination Clock Delay (DCD):    4.383ns
    Source Clock Delay      (SCD):    0.000ns
    Clock Pessimism Removal (CPR):    0.000ns
  Clock Uncertainty:      0.025ns  ((TSJ^2 + TIJ^2)^1/2 + DJ) / 2 + PE
    Total System Jitter     (TSJ):    0.050ns
    Total Input Jitter      (TIJ):    0.000ns
    Discrete Jitter          (DJ):    0.000ns
    Phase Error              (PE):    0.000ns

    Location             Delay type                Incr(ns)  Path(ns)    Netlist Resource(s)
  -------------------------------------------------------------------    -------------------
    E16                                               0.000     0.000 r  A3[2] (IN)
                         net (fo=0)                   0.000     0.000    A3[2]
    E16                  IBUF (Prop_ibuf_I_O)         1.422     1.422 r  A3_IBUF[2]_inst/O
                         net (fo=29, routed)          2.127     3.549    A3_IBUF[2]
    SLICE_X3Y106         LUT4 (Prop_lut4_I1_O)        0.105     3.654 r  REGISTROS_reg_r1_0_7_0_5_i_1/O
                         net (fo=24, routed)          0.709     4.363    REGISTROS_reg_r2_0_7_0_5/WE
    SLICE_X2Y104         RAMD32                                       r  REGISTROS_reg_r2_0_7_0_5/RAMA_D1/WE
  -------------------------------------------------------------------    -------------------

                         (clock sys_clk_pin rise edge)
                                                      0.000     0.000 r  
    E3                                                0.000     0.000 r  CLK (IN)
                         net (fo=0)                   0.000     0.000    CLK
    E3                   IBUF (Prop_ibuf_I_O)         1.347     1.347 r  CLK_IBUF_inst/O
                         net (fo=1, routed)           1.628     2.975    CLK_IBUF
    BUFGCTRL_X0Y16       BUFG (Prop_bufg_I_O)         0.077     3.052 r  CLK_IBUF_BUFG_inst/O
                         net (fo=24, routed)          1.331     4.383    REGISTROS_reg_r2_0_7_0_5/WCLK
    SLICE_X2Y104         RAMD32                                       r  REGISTROS_reg_r2_0_7_0_5/RAMA_D1/CLK

Slack:                    inf
  Source:                 A3[2]
                            (input port)
  Destination:            REGISTROS_reg_r2_0_7_0_5/RAMB/WE
                            (rising edge-triggered cell RAMD32 clocked by sys_clk_pin  {rise@0.000ns fall@5.000ns period=10.000ns})
  Path Group:             (none)
  Path Type:              Setup (Max at Slow Process Corner)
  Data Path Delay:        4.363ns  (logic 1.527ns (35.003%)  route 2.836ns (64.997%))
  Logic Levels:           2  (IBUF=1 LUT4=1)
  Clock Path Skew:        4.383ns (DCD - SCD + CPR)
    Destination Clock Delay (DCD):    4.383ns
    Source Clock Delay      (SCD):    0.000ns
    Clock Pessimism Removal (CPR):    0.000ns
  Clock Uncertainty:      0.025ns  ((TSJ^2 + TIJ^2)^1/2 + DJ) / 2 + PE
    Total System Jitter     (TSJ):    0.050ns
    Total Input Jitter      (TIJ):    0.000ns
    Discrete Jitter          (DJ):    0.000ns
    Phase Error              (PE):    0.000ns

    Location             Delay type                Incr(ns)  Path(ns)    Netlist Resource(s)
  -------------------------------------------------------------------    -------------------
    E16                                               0.000     0.000 r  A3[2] (IN)
                         net (fo=0)                   0.000     0.000    A3[2]
    E16                  IBUF (Prop_ibuf_I_O)         1.422     1.422 r  A3_IBUF[2]_inst/O
                         net (fo=29, routed)          2.127     3.549    A3_IBUF[2]
    SLICE_X3Y106         LUT4 (Prop_lut4_I1_O)        0.105     3.654 r  REGISTROS_reg_r1_0_7_0_5_i_1/O
                         net (fo=24, routed)          0.709     4.363    REGISTROS_reg_r2_0_7_0_5/WE
    SLICE_X2Y104         RAMD32                                       r  REGISTROS_reg_r2_0_7_0_5/RAMB/WE
  -------------------------------------------------------------------    -------------------

                         (clock sys_clk_pin rise edge)
                                                      0.000     0.000 r  
    E3                                                0.000     0.000 r  CLK (IN)
                         net (fo=0)                   0.000     0.000    CLK
    E3                   IBUF (Prop_ibuf_I_O)         1.347     1.347 r  CLK_IBUF_inst/O
                         net (fo=1, routed)           1.628     2.975    CLK_IBUF
    BUFGCTRL_X0Y16       BUFG (Prop_bufg_I_O)         0.077     3.052 r  CLK_IBUF_BUFG_inst/O
                         net (fo=24, routed)          1.331     4.383    REGISTROS_reg_r2_0_7_0_5/WCLK
    SLICE_X2Y104         RAMD32                                       r  REGISTROS_reg_r2_0_7_0_5/RAMB/CLK

Slack:                    inf
  Source:                 A3[2]
                            (input port)
  Destination:            REGISTROS_reg_r2_0_7_0_5/RAMB_D1/WE
                            (rising edge-triggered cell RAMD32 clocked by sys_clk_pin  {rise@0.000ns fall@5.000ns period=10.000ns})
  Path Group:             (none)
  Path Type:              Setup (Max at Slow Process Corner)
  Data Path Delay:        4.363ns  (logic 1.527ns (35.003%)  route 2.836ns (64.997%))
  Logic Levels:           2  (IBUF=1 LUT4=1)
  Clock Path Skew:        4.383ns (DCD - SCD + CPR)
    Destination Clock Delay (DCD):    4.383ns
    Source Clock Delay      (SCD):    0.000ns
    Clock Pessimism Removal (CPR):    0.000ns
  Clock Uncertainty:      0.025ns  ((TSJ^2 + TIJ^2)^1/2 + DJ) / 2 + PE
    Total System Jitter     (TSJ):    0.050ns
    Total Input Jitter      (TIJ):    0.000ns
    Discrete Jitter          (DJ):    0.000ns
    Phase Error              (PE):    0.000ns

    Location             Delay type                Incr(ns)  Path(ns)    Netlist Resource(s)
  -------------------------------------------------------------------    -------------------
    E16                                               0.000     0.000 r  A3[2] (IN)
                         net (fo=0)                   0.000     0.000    A3[2]
    E16                  IBUF (Prop_ibuf_I_O)         1.422     1.422 r  A3_IBUF[2]_inst/O
                         net (fo=29, routed)          2.127     3.549    A3_IBUF[2]
    SLICE_X3Y106         LUT4 (Prop_lut4_I1_O)        0.105     3.654 r  REGISTROS_reg_r1_0_7_0_5_i_1/O
                         net (fo=24, routed)          0.709     4.363    REGISTROS_reg_r2_0_7_0_5/WE
    SLICE_X2Y104         RAMD32                                       r  REGISTROS_reg_r2_0_7_0_5/RAMB_D1/WE
  -------------------------------------------------------------------    -------------------

                         (clock sys_clk_pin rise edge)
                                                      0.000     0.000 r  
    E3                                                0.000     0.000 r  CLK (IN)
                         net (fo=0)                   0.000     0.000    CLK
    E3                   IBUF (Prop_ibuf_I_O)         1.347     1.347 r  CLK_IBUF_inst/O
                         net (fo=1, routed)           1.628     2.975    CLK_IBUF
    BUFGCTRL_X0Y16       BUFG (Prop_bufg_I_O)         0.077     3.052 r  CLK_IBUF_BUFG_inst/O
                         net (fo=24, routed)          1.331     4.383    REGISTROS_reg_r2_0_7_0_5/WCLK
    SLICE_X2Y104         RAMD32                                       r  REGISTROS_reg_r2_0_7_0_5/RAMB_D1/CLK

Slack:                    inf
  Source:                 A3[2]
                            (input port)
  Destination:            REGISTROS_reg_r2_0_7_0_5/RAMC/WE
                            (rising edge-triggered cell RAMD32 clocked by sys_clk_pin  {rise@0.000ns fall@5.000ns period=10.000ns})
  Path Group:             (none)
  Path Type:              Setup (Max at Slow Process Corner)
  Data Path Delay:        4.363ns  (logic 1.527ns (35.003%)  route 2.836ns (64.997%))
  Logic Levels:           2  (IBUF=1 LUT4=1)
  Clock Path Skew:        4.383ns (DCD - SCD + CPR)
    Destination Clock Delay (DCD):    4.383ns
    Source Clock Delay      (SCD):    0.000ns
    Clock Pessimism Removal (CPR):    0.000ns
  Clock Uncertainty:      0.025ns  ((TSJ^2 + TIJ^2)^1/2 + DJ) / 2 + PE
    Total System Jitter     (TSJ):    0.050ns
    Total Input Jitter      (TIJ):    0.000ns
    Discrete Jitter          (DJ):    0.000ns
    Phase Error              (PE):    0.000ns

    Location             Delay type                Incr(ns)  Path(ns)    Netlist Resource(s)
  -------------------------------------------------------------------    -------------------
    E16                                               0.000     0.000 r  A3[2] (IN)
                         net (fo=0)                   0.000     0.000    A3[2]
    E16                  IBUF (Prop_ibuf_I_O)         1.422     1.422 r  A3_IBUF[2]_inst/O
                         net (fo=29, routed)          2.127     3.549    A3_IBUF[2]
    SLICE_X3Y106         LUT4 (Prop_lut4_I1_O)        0.105     3.654 r  REGISTROS_reg_r1_0_7_0_5_i_1/O
                         net (fo=24, routed)          0.709     4.363    REGISTROS_reg_r2_0_7_0_5/WE
    SLICE_X2Y104         RAMD32                                       r  REGISTROS_reg_r2_0_7_0_5/RAMC/WE
  -------------------------------------------------------------------    -------------------

                         (clock sys_clk_pin rise edge)
                                                      0.000     0.000 r  
    E3                                                0.000     0.000 r  CLK (IN)
                         net (fo=0)                   0.000     0.000    CLK
    E3                   IBUF (Prop_ibuf_I_O)         1.347     1.347 r  CLK_IBUF_inst/O
                         net (fo=1, routed)           1.628     2.975    CLK_IBUF
    BUFGCTRL_X0Y16       BUFG (Prop_bufg_I_O)         0.077     3.052 r  CLK_IBUF_BUFG_inst/O
                         net (fo=24, routed)          1.331     4.383    REGISTROS_reg_r2_0_7_0_5/WCLK
    SLICE_X2Y104         RAMD32                                       r  REGISTROS_reg_r2_0_7_0_5/RAMC/CLK

Slack:                    inf
  Source:                 A3[2]
                            (input port)
  Destination:            REGISTROS_reg_r2_0_7_0_5/RAMC_D1/WE
                            (rising edge-triggered cell RAMD32 clocked by sys_clk_pin  {rise@0.000ns fall@5.000ns period=10.000ns})
  Path Group:             (none)
  Path Type:              Setup (Max at Slow Process Corner)
  Data Path Delay:        4.363ns  (logic 1.527ns (35.003%)  route 2.836ns (64.997%))
  Logic Levels:           2  (IBUF=1 LUT4=1)
  Clock Path Skew:        4.383ns (DCD - SCD + CPR)
    Destination Clock Delay (DCD):    4.383ns
    Source Clock Delay      (SCD):    0.000ns
    Clock Pessimism Removal (CPR):    0.000ns
  Clock Uncertainty:      0.025ns  ((TSJ^2 + TIJ^2)^1/2 + DJ) / 2 + PE
    Total System Jitter     (TSJ):    0.050ns
    Total Input Jitter      (TIJ):    0.000ns
    Discrete Jitter          (DJ):    0.000ns
    Phase Error              (PE):    0.000ns

    Location             Delay type                Incr(ns)  Path(ns)    Netlist Resource(s)
  -------------------------------------------------------------------    -------------------
    E16                                               0.000     0.000 r  A3[2] (IN)
                         net (fo=0)                   0.000     0.000    A3[2]
    E16                  IBUF (Prop_ibuf_I_O)         1.422     1.422 r  A3_IBUF[2]_inst/O
                         net (fo=29, routed)          2.127     3.549    A3_IBUF[2]
    SLICE_X3Y106         LUT4 (Prop_lut4_I1_O)        0.105     3.654 r  REGISTROS_reg_r1_0_7_0_5_i_1/O
                         net (fo=24, routed)          0.709     4.363    REGISTROS_reg_r2_0_7_0_5/WE
    SLICE_X2Y104         RAMD32                                       r  REGISTROS_reg_r2_0_7_0_5/RAMC_D1/WE
  -------------------------------------------------------------------    -------------------

                         (clock sys_clk_pin rise edge)
                                                      0.000     0.000 r  
    E3                                                0.000     0.000 r  CLK (IN)
                         net (fo=0)                   0.000     0.000    CLK
    E3                   IBUF (Prop_ibuf_I_O)         1.347     1.347 r  CLK_IBUF_inst/O
                         net (fo=1, routed)           1.628     2.975    CLK_IBUF
    BUFGCTRL_X0Y16       BUFG (Prop_bufg_I_O)         0.077     3.052 r  CLK_IBUF_BUFG_inst/O
                         net (fo=24, routed)          1.331     4.383    REGISTROS_reg_r2_0_7_0_5/WCLK
    SLICE_X2Y104         RAMD32                                       r  REGISTROS_reg_r2_0_7_0_5/RAMC_D1/CLK

Slack:                    inf
  Source:                 A3[2]
                            (input port)
  Destination:            REGISTROS_reg_r2_0_7_0_5/RAMD/WE
                            (rising edge-triggered cell RAMS32 clocked by sys_clk_pin  {rise@0.000ns fall@5.000ns period=10.000ns})
  Path Group:             (none)
  Path Type:              Setup (Max at Slow Process Corner)
  Data Path Delay:        4.363ns  (logic 1.527ns (35.003%)  route 2.836ns (64.997%))
  Logic Levels:           2  (IBUF=1 LUT4=1)
  Clock Path Skew:        4.383ns (DCD - SCD + CPR)
    Destination Clock Delay (DCD):    4.383ns
    Source Clock Delay      (SCD):    0.000ns
    Clock Pessimism Removal (CPR):    0.000ns
  Clock Uncertainty:      0.025ns  ((TSJ^2 + TIJ^2)^1/2 + DJ) / 2 + PE
    Total System Jitter     (TSJ):    0.050ns
    Total Input Jitter      (TIJ):    0.000ns
    Discrete Jitter          (DJ):    0.000ns
    Phase Error              (PE):    0.000ns

    Location             Delay type                Incr(ns)  Path(ns)    Netlist Resource(s)
  -------------------------------------------------------------------    -------------------
    E16                                               0.000     0.000 r  A3[2] (IN)
                         net (fo=0)                   0.000     0.000    A3[2]
    E16                  IBUF (Prop_ibuf_I_O)         1.422     1.422 r  A3_IBUF[2]_inst/O
                         net (fo=29, routed)          2.127     3.549    A3_IBUF[2]
    SLICE_X3Y106         LUT4 (Prop_lut4_I1_O)        0.105     3.654 r  REGISTROS_reg_r1_0_7_0_5_i_1/O
                         net (fo=24, routed)          0.709     4.363    REGISTROS_reg_r2_0_7_0_5/WE
    SLICE_X2Y104         RAMS32                                       r  REGISTROS_reg_r2_0_7_0_5/RAMD/WE
  -------------------------------------------------------------------    -------------------

                         (clock sys_clk_pin rise edge)
                                                      0.000     0.000 r  
    E3                                                0.000     0.000 r  CLK (IN)
                         net (fo=0)                   0.000     0.000    CLK
    E3                   IBUF (Prop_ibuf_I_O)         1.347     1.347 r  CLK_IBUF_inst/O
                         net (fo=1, routed)           1.628     2.975    CLK_IBUF
    BUFGCTRL_X0Y16       BUFG (Prop_bufg_I_O)         0.077     3.052 r  CLK_IBUF_BUFG_inst/O
                         net (fo=24, routed)          1.331     4.383    REGISTROS_reg_r2_0_7_0_5/WCLK
    SLICE_X2Y104         RAMS32                                       r  REGISTROS_reg_r2_0_7_0_5/RAMD/CLK

Slack:                    inf
  Source:                 A3[2]
                            (input port)
  Destination:            REGISTROS_reg_r2_0_7_0_5/RAMD_D1/WE
                            (rising edge-triggered cell RAMS32 clocked by sys_clk_pin  {rise@0.000ns fall@5.000ns period=10.000ns})
  Path Group:             (none)
  Path Type:              Setup (Max at Slow Process Corner)
  Data Path Delay:        4.363ns  (logic 1.527ns (35.003%)  route 2.836ns (64.997%))
  Logic Levels:           2  (IBUF=1 LUT4=1)
  Clock Path Skew:        4.383ns (DCD - SCD + CPR)
    Destination Clock Delay (DCD):    4.383ns
    Source Clock Delay      (SCD):    0.000ns
    Clock Pessimism Removal (CPR):    0.000ns
  Clock Uncertainty:      0.025ns  ((TSJ^2 + TIJ^2)^1/2 + DJ) / 2 + PE
    Total System Jitter     (TSJ):    0.050ns
    Total Input Jitter      (TIJ):    0.000ns
    Discrete Jitter          (DJ):    0.000ns
    Phase Error              (PE):    0.000ns

    Location             Delay type                Incr(ns)  Path(ns)    Netlist Resource(s)
  -------------------------------------------------------------------    -------------------
    E16                                               0.000     0.000 r  A3[2] (IN)
                         net (fo=0)                   0.000     0.000    A3[2]
    E16                  IBUF (Prop_ibuf_I_O)         1.422     1.422 r  A3_IBUF[2]_inst/O
                         net (fo=29, routed)          2.127     3.549    A3_IBUF[2]
    SLICE_X3Y106         LUT4 (Prop_lut4_I1_O)        0.105     3.654 r  REGISTROS_reg_r1_0_7_0_5_i_1/O
                         net (fo=24, routed)          0.709     4.363    REGISTROS_reg_r2_0_7_0_5/WE
    SLICE_X2Y104         RAMS32                                       r  REGISTROS_reg_r2_0_7_0_5/RAMD_D1/WE
  -------------------------------------------------------------------    -------------------

                         (clock sys_clk_pin rise edge)
                                                      0.000     0.000 r  
    E3                                                0.000     0.000 r  CLK (IN)
                         net (fo=0)                   0.000     0.000    CLK
    E3                   IBUF (Prop_ibuf_I_O)         1.347     1.347 r  CLK_IBUF_inst/O
                         net (fo=1, routed)           1.628     2.975    CLK_IBUF
    BUFGCTRL_X0Y16       BUFG (Prop_bufg_I_O)         0.077     3.052 r  CLK_IBUF_BUFG_inst/O
                         net (fo=24, routed)          1.331     4.383    REGISTROS_reg_r2_0_7_0_5/WCLK
    SLICE_X2Y104         RAMS32                                       r  REGISTROS_reg_r2_0_7_0_5/RAMD_D1/CLK

Slack:                    inf
  Source:                 A3[2]
                            (input port)
  Destination:            REGISTROS_reg_r1_0_7_0_5/RAMA/WE
                            (rising edge-triggered cell RAMD32 clocked by sys_clk_pin  {rise@0.000ns fall@5.000ns period=10.000ns})
  Path Group:             (none)
  Path Type:              Setup (Max at Slow Process Corner)
  Data Path Delay:        4.147ns  (logic 1.527ns (36.832%)  route 2.619ns (63.168%))
  Logic Levels:           2  (IBUF=1 LUT4=1)
  Clock Path Skew:        4.383ns (DCD - SCD + CPR)
    Destination Clock Delay (DCD):    4.383ns
    Source Clock Delay      (SCD):    0.000ns
    Clock Pessimism Removal (CPR):    0.000ns
  Clock Uncertainty:      0.025ns  ((TSJ^2 + TIJ^2)^1/2 + DJ) / 2 + PE
    Total System Jitter     (TSJ):    0.050ns
    Total Input Jitter      (TIJ):    0.000ns
    Discrete Jitter          (DJ):    0.000ns
    Phase Error              (PE):    0.000ns

    Location             Delay type                Incr(ns)  Path(ns)    Netlist Resource(s)
  -------------------------------------------------------------------    -------------------
    E16                                               0.000     0.000 r  A3[2] (IN)
                         net (fo=0)                   0.000     0.000    A3[2]
    E16                  IBUF (Prop_ibuf_I_O)         1.422     1.422 r  A3_IBUF[2]_inst/O
                         net (fo=29, routed)          2.127     3.549    A3_IBUF[2]
    SLICE_X3Y106         LUT4 (Prop_lut4_I1_O)        0.105     3.654 r  REGISTROS_reg_r1_0_7_0_5_i_1/O
                         net (fo=24, routed)          0.493     4.147    REGISTROS_reg_r1_0_7_0_5/WE
    SLICE_X2Y106         RAMD32                                       r  REGISTROS_reg_r1_0_7_0_5/RAMA/WE
  -------------------------------------------------------------------    -------------------

                         (clock sys_clk_pin rise edge)
                                                      0.000     0.000 r  
    E3                                                0.000     0.000 r  CLK (IN)
                         net (fo=0)                   0.000     0.000    CLK
    E3                   IBUF (Prop_ibuf_I_O)         1.347     1.347 r  CLK_IBUF_inst/O
                         net (fo=1, routed)           1.628     2.975    CLK_IBUF
    BUFGCTRL_X0Y16       BUFG (Prop_bufg_I_O)         0.077     3.052 r  CLK_IBUF_BUFG_inst/O
                         net (fo=24, routed)          1.331     4.383    REGISTROS_reg_r1_0_7_0_5/WCLK
    SLICE_X2Y106         RAMD32                                       r  REGISTROS_reg_r1_0_7_0_5/RAMA/CLK

Slack:                    inf
  Source:                 A3[2]
                            (input port)
  Destination:            REGISTROS_reg_r1_0_7_0_5/RAMA_D1/WE
                            (rising edge-triggered cell RAMD32 clocked by sys_clk_pin  {rise@0.000ns fall@5.000ns period=10.000ns})
  Path Group:             (none)
  Path Type:              Setup (Max at Slow Process Corner)
  Data Path Delay:        4.147ns  (logic 1.527ns (36.832%)  route 2.619ns (63.168%))
  Logic Levels:           2  (IBUF=1 LUT4=1)
  Clock Path Skew:        4.383ns (DCD - SCD + CPR)
    Destination Clock Delay (DCD):    4.383ns
    Source Clock Delay      (SCD):    0.000ns
    Clock Pessimism Removal (CPR):    0.000ns
  Clock Uncertainty:      0.025ns  ((TSJ^2 + TIJ^2)^1/2 + DJ) / 2 + PE
    Total System Jitter     (TSJ):    0.050ns
    Total Input Jitter      (TIJ):    0.000ns
    Discrete Jitter          (DJ):    0.000ns
    Phase Error              (PE):    0.000ns

    Location             Delay type                Incr(ns)  Path(ns)    Netlist Resource(s)
  -------------------------------------------------------------------    -------------------
    E16                                               0.000     0.000 r  A3[2] (IN)
                         net (fo=0)                   0.000     0.000    A3[2]
    E16                  IBUF (Prop_ibuf_I_O)         1.422     1.422 r  A3_IBUF[2]_inst/O
                         net (fo=29, routed)          2.127     3.549    A3_IBUF[2]
    SLICE_X3Y106         LUT4 (Prop_lut4_I1_O)        0.105     3.654 r  REGISTROS_reg_r1_0_7_0_5_i_1/O
                         net (fo=24, routed)          0.493     4.147    REGISTROS_reg_r1_0_7_0_5/WE
    SLICE_X2Y106         RAMD32                                       r  REGISTROS_reg_r1_0_7_0_5/RAMA_D1/WE
  -------------------------------------------------------------------    -------------------

                         (clock sys_clk_pin rise edge)
                                                      0.000     0.000 r  
    E3                                                0.000     0.000 r  CLK (IN)
                         net (fo=0)                   0.000     0.000    CLK
    E3                   IBUF (Prop_ibuf_I_O)         1.347     1.347 r  CLK_IBUF_inst/O
                         net (fo=1, routed)           1.628     2.975    CLK_IBUF
    BUFGCTRL_X0Y16       BUFG (Prop_bufg_I_O)         0.077     3.052 r  CLK_IBUF_BUFG_inst/O
                         net (fo=24, routed)          1.331     4.383    REGISTROS_reg_r1_0_7_0_5/WCLK
    SLICE_X2Y106         RAMD32                                       r  REGISTROS_reg_r1_0_7_0_5/RAMA_D1/CLK





Min Delay Paths
--------------------------------------------------------------------------------------
Slack:                    inf
  Source:                 WD3[6]
                            (input port)
  Destination:            REGISTROS_reg_r2_0_7_6_7/DP/I
                            (rising edge-triggered cell RAMD32 clocked by sys_clk_pin  {rise@0.000ns fall@5.000ns period=10.000ns})
  Path Group:             (none)
  Path Type:              Hold (Min at Fast Process Corner)
  Data Path Delay:        0.591ns  (logic 0.251ns (42.423%)  route 0.340ns (57.577%))
  Logic Levels:           1  (IBUF=1)
  Clock Path Skew:        2.036ns (DCD - SCD - CPR)
    Destination Clock Delay (DCD):    2.036ns
    Source Clock Delay      (SCD):    0.000ns
    Clock Pessimism Removal (CPR):    -0.000ns

    Location             Delay type                Incr(ns)  Path(ns)    Netlist Resource(s)
  -------------------------------------------------------------------    -------------------
    F18                                               0.000     0.000 r  WD3[6] (IN)
                         net (fo=0)                   0.000     0.000    WD3[6]
    F18                  IBUF (Prop_ibuf_I_O)         0.251     0.251 r  WD3_IBUF[6]_inst/O
                         net (fo=4, routed)           0.340     0.591    REGISTROS_reg_r2_0_7_6_7/D
    SLICE_X2Y105         RAMD32                                       r  REGISTROS_reg_r2_0_7_6_7/DP/I
  -------------------------------------------------------------------    -------------------

                         (clock sys_clk_pin rise edge)
                                                      0.000     0.000 r  
    E3                                                0.000     0.000 r  CLK (IN)
                         net (fo=0)                   0.000     0.000    CLK
    E3                   IBUF (Prop_ibuf_I_O)         0.438     0.438 r  CLK_IBUF_inst/O
                         net (fo=1, routed)           0.699     1.136    CLK_IBUF
    BUFGCTRL_X0Y16       BUFG (Prop_bufg_I_O)         0.029     1.165 r  CLK_IBUF_BUFG_inst/O
                         net (fo=24, routed)          0.871     2.036    REGISTROS_reg_r2_0_7_6_7/WCLK
    SLICE_X2Y105         RAMD32                                       r  REGISTROS_reg_r2_0_7_6_7/DP/CLK

Slack:                    inf
  Source:                 WD3[6]
                            (input port)
  Destination:            REGISTROS_reg_r2_0_7_6_7/SP/I
                            (rising edge-triggered cell RAMD32 clocked by sys_clk_pin  {rise@0.000ns fall@5.000ns period=10.000ns})
  Path Group:             (none)
  Path Type:              Hold (Min at Fast Process Corner)
  Data Path Delay:        0.591ns  (logic 0.251ns (42.423%)  route 0.340ns (57.577%))
  Logic Levels:           1  (IBUF=1)
  Clock Path Skew:        2.036ns (DCD - SCD - CPR)
    Destination Clock Delay (DCD):    2.036ns
    Source Clock Delay      (SCD):    0.000ns
    Clock Pessimism Removal (CPR):    -0.000ns

    Location             Delay type                Incr(ns)  Path(ns)    Netlist Resource(s)
  -------------------------------------------------------------------    -------------------
    F18                                               0.000     0.000 r  WD3[6] (IN)
                         net (fo=0)                   0.000     0.000    WD3[6]
    F18                  IBUF (Prop_ibuf_I_O)         0.251     0.251 r  WD3_IBUF[6]_inst/O
                         net (fo=4, routed)           0.340     0.591    REGISTROS_reg_r2_0_7_6_7/D
    SLICE_X2Y105         RAMD32                                       r  REGISTROS_reg_r2_0_7_6_7/SP/I
  -------------------------------------------------------------------    -------------------

                         (clock sys_clk_pin rise edge)
                                                      0.000     0.000 r  
    E3                                                0.000     0.000 r  CLK (IN)
                         net (fo=0)                   0.000     0.000    CLK
    E3                   IBUF (Prop_ibuf_I_O)         0.438     0.438 r  CLK_IBUF_inst/O
                         net (fo=1, routed)           0.699     1.136    CLK_IBUF
    BUFGCTRL_X0Y16       BUFG (Prop_bufg_I_O)         0.029     1.165 r  CLK_IBUF_BUFG_inst/O
                         net (fo=24, routed)          0.871     2.036    REGISTROS_reg_r2_0_7_6_7/WCLK
    SLICE_X2Y105         RAMD32                                       r  REGISTROS_reg_r2_0_7_6_7/SP/CLK

Slack:                    inf
  Source:                 WD3[5]
                            (input port)
  Destination:            REGISTROS_reg_r1_0_7_0_5/RAMC_D1/I
                            (rising edge-triggered cell RAMD32 clocked by sys_clk_pin  {rise@0.000ns fall@5.000ns period=10.000ns})
  Path Group:             (none)
  Path Type:              Hold (Min at Fast Process Corner)
  Data Path Delay:        0.608ns  (logic 0.268ns (44.106%)  route 0.340ns (55.894%))
  Logic Levels:           1  (IBUF=1)
  Clock Path Skew:        2.036ns (DCD - SCD - CPR)
    Destination Clock Delay (DCD):    2.036ns
    Source Clock Delay      (SCD):    0.000ns
    Clock Pessimism Removal (CPR):    -0.000ns

    Location             Delay type                Incr(ns)  Path(ns)    Netlist Resource(s)
  -------------------------------------------------------------------    -------------------
    D18                                               0.000     0.000 r  WD3[5] (IN)
                         net (fo=0)                   0.000     0.000    WD3[5]
    D18                  IBUF (Prop_ibuf_I_O)         0.268     0.268 r  WD3_IBUF[5]_inst/O
                         net (fo=2, routed)           0.340     0.608    REGISTROS_reg_r1_0_7_0_5/DIC1
    SLICE_X2Y106         RAMD32                                       r  REGISTROS_reg_r1_0_7_0_5/RAMC_D1/I
  -------------------------------------------------------------------    -------------------

                         (clock sys_clk_pin rise edge)
                                                      0.000     0.000 r  
    E3                                                0.000     0.000 r  CLK (IN)
                         net (fo=0)                   0.000     0.000    CLK
    E3                   IBUF (Prop_ibuf_I_O)         0.438     0.438 r  CLK_IBUF_inst/O
                         net (fo=1, routed)           0.699     1.136    CLK_IBUF
    BUFGCTRL_X0Y16       BUFG (Prop_bufg_I_O)         0.029     1.165 r  CLK_IBUF_BUFG_inst/O
                         net (fo=24, routed)          0.871     2.036    REGISTROS_reg_r1_0_7_0_5/WCLK
    SLICE_X2Y106         RAMD32                                       r  REGISTROS_reg_r1_0_7_0_5/RAMC_D1/CLK

Slack:                    inf
  Source:                 WD3[6]
                            (input port)
  Destination:            REGISTROS_reg_r1_0_7_6_7/SP/I
                            (rising edge-triggered cell RAMD32 clocked by sys_clk_pin  {rise@0.000ns fall@5.000ns period=10.000ns})
  Path Group:             (none)
  Path Type:              Hold (Min at Fast Process Corner)
  Data Path Delay:        0.653ns  (logic 0.251ns (38.378%)  route 0.403ns (61.622%))
  Logic Levels:           1  (IBUF=1)
  Clock Path Skew:        2.036ns (DCD - SCD - CPR)
    Destination Clock Delay (DCD):    2.036ns
    Source Clock Delay      (SCD):    0.000ns
    Clock Pessimism Removal (CPR):    -0.000ns

    Location             Delay type                Incr(ns)  Path(ns)    Netlist Resource(s)
  -------------------------------------------------------------------    -------------------
    F18                                               0.000     0.000 r  WD3[6] (IN)
                         net (fo=0)                   0.000     0.000    WD3[6]
    F18                  IBUF (Prop_ibuf_I_O)         0.251     0.251 r  WD3_IBUF[6]_inst/O
                         net (fo=4, routed)           0.403     0.653    REGISTROS_reg_r1_0_7_6_7/D
    SLICE_X2Y105         RAMD32                                       r  REGISTROS_reg_r1_0_7_6_7/SP/I
  -------------------------------------------------------------------    -------------------

                         (clock sys_clk_pin rise edge)
                                                      0.000     0.000 r  
    E3                                                0.000     0.000 r  CLK (IN)
                         net (fo=0)                   0.000     0.000    CLK
    E3                   IBUF (Prop_ibuf_I_O)         0.438     0.438 r  CLK_IBUF_inst/O
                         net (fo=1, routed)           0.699     1.136    CLK_IBUF
    BUFGCTRL_X0Y16       BUFG (Prop_bufg_I_O)         0.029     1.165 r  CLK_IBUF_BUFG_inst/O
                         net (fo=24, routed)          0.871     2.036    REGISTROS_reg_r1_0_7_6_7/WCLK
    SLICE_X2Y105         RAMD32                                       r  REGISTROS_reg_r1_0_7_6_7/SP/CLK

Slack:                    inf
  Source:                 WD3[7]
                            (input port)
  Destination:            REGISTROS_reg_r2_0_7_6_7__0/SP/I
                            (rising edge-triggered cell RAMD32 clocked by sys_clk_pin  {rise@0.000ns fall@5.000ns period=10.000ns})
  Path Group:             (none)
  Path Type:              Hold (Min at Fast Process Corner)
  Data Path Delay:        0.678ns  (logic 0.261ns (38.450%)  route 0.417ns (61.550%))
  Logic Levels:           1  (IBUF=1)
  Clock Path Skew:        2.036ns (DCD - SCD - CPR)
    Destination Clock Delay (DCD):    2.036ns
    Source Clock Delay      (SCD):    0.000ns
    Clock Pessimism Removal (CPR):    -0.000ns

    Location             Delay type                Incr(ns)  Path(ns)    Netlist Resource(s)
  -------------------------------------------------------------------    -------------------
    E18                                               0.000     0.000 r  WD3[7] (IN)
                         net (fo=0)                   0.000     0.000    WD3[7]
    E18                  IBUF (Prop_ibuf_I_O)         0.261     0.261 r  WD3_IBUF[7]_inst/O
                         net (fo=4, routed)           0.417     0.678    REGISTROS_reg_r2_0_7_6_7__0/D
    SLICE_X2Y105         RAMD32                                       r  REGISTROS_reg_r2_0_7_6_7__0/SP/I
  -------------------------------------------------------------------    -------------------

                         (clock sys_clk_pin rise edge)
                                                      0.000     0.000 r  
    E3                                                0.000     0.000 r  CLK (IN)
                         net (fo=0)                   0.000     0.000    CLK
    E3                   IBUF (Prop_ibuf_I_O)         0.438     0.438 r  CLK_IBUF_inst/O
                         net (fo=1, routed)           0.699     1.136    CLK_IBUF
    BUFGCTRL_X0Y16       BUFG (Prop_bufg_I_O)         0.029     1.165 r  CLK_IBUF_BUFG_inst/O
                         net (fo=24, routed)          0.871     2.036    REGISTROS_reg_r2_0_7_6_7__0/WCLK
    SLICE_X2Y105         RAMD32                                       r  REGISTROS_reg_r2_0_7_6_7__0/SP/CLK

Slack:                    inf
  Source:                 WD3[3]
                            (input port)
  Destination:            REGISTROS_reg_r1_0_7_0_5/RAMB_D1/I
                            (rising edge-triggered cell RAMD32 clocked by sys_clk_pin  {rise@0.000ns fall@5.000ns period=10.000ns})
  Path Group:             (none)
  Path Type:              Hold (Min at Fast Process Corner)
  Data Path Delay:        0.696ns  (logic 0.278ns (39.891%)  route 0.419ns (60.109%))
  Logic Levels:           1  (IBUF=1)
  Clock Path Skew:        2.036ns (DCD - SCD - CPR)
    Destination Clock Delay (DCD):    2.036ns
    Source Clock Delay      (SCD):    0.000ns
    Clock Pessimism Removal (CPR):    -0.000ns

    Location             Delay type                Incr(ns)  Path(ns)    Netlist Resource(s)
  -------------------------------------------------------------------    -------------------
    C17                                               0.000     0.000 r  WD3[3] (IN)
                         net (fo=0)                   0.000     0.000    WD3[3]
    C17                  IBUF (Prop_ibuf_I_O)         0.278     0.278 r  WD3_IBUF[3]_inst/O
                         net (fo=2, routed)           0.419     0.696    REGISTROS_reg_r1_0_7_0_5/DIB1
    SLICE_X2Y106         RAMD32                                       r  REGISTROS_reg_r1_0_7_0_5/RAMB_D1/I
  -------------------------------------------------------------------    -------------------

                         (clock sys_clk_pin rise edge)
                                                      0.000     0.000 r  
    E3                                                0.000     0.000 r  CLK (IN)
                         net (fo=0)                   0.000     0.000    CLK
    E3                   IBUF (Prop_ibuf_I_O)         0.438     0.438 r  CLK_IBUF_inst/O
                         net (fo=1, routed)           0.699     1.136    CLK_IBUF
    BUFGCTRL_X0Y16       BUFG (Prop_bufg_I_O)         0.029     1.165 r  CLK_IBUF_BUFG_inst/O
                         net (fo=24, routed)          0.871     2.036    REGISTROS_reg_r1_0_7_0_5/WCLK
    SLICE_X2Y106         RAMD32                                       r  REGISTROS_reg_r1_0_7_0_5/RAMB_D1/CLK

Slack:                    inf
  Source:                 WD3[6]
                            (input port)
  Destination:            REGISTROS_reg_r1_0_7_6_7/DP/I
                            (rising edge-triggered cell RAMD32 clocked by sys_clk_pin  {rise@0.000ns fall@5.000ns period=10.000ns})
  Path Group:             (none)
  Path Type:              Hold (Min at Fast Process Corner)
  Data Path Delay:        0.729ns  (logic 0.251ns (34.411%)  route 0.478ns (65.589%))
  Logic Levels:           1  (IBUF=1)
  Clock Path Skew:        2.036ns (DCD - SCD - CPR)
    Destination Clock Delay (DCD):    2.036ns
    Source Clock Delay      (SCD):    0.000ns
    Clock Pessimism Removal (CPR):    -0.000ns

    Location             Delay type                Incr(ns)  Path(ns)    Netlist Resource(s)
  -------------------------------------------------------------------    -------------------
    F18                                               0.000     0.000 r  WD3[6] (IN)
                         net (fo=0)                   0.000     0.000    WD3[6]
    F18                  IBUF (Prop_ibuf_I_O)         0.251     0.251 r  WD3_IBUF[6]_inst/O
                         net (fo=4, routed)           0.478     0.729    REGISTROS_reg_r1_0_7_6_7/D
    SLICE_X2Y105         RAMD32                                       r  REGISTROS_reg_r1_0_7_6_7/DP/I
  -------------------------------------------------------------------    -------------------

                         (clock sys_clk_pin rise edge)
                                                      0.000     0.000 r  
    E3                                                0.000     0.000 r  CLK (IN)
                         net (fo=0)                   0.000     0.000    CLK
    E3                   IBUF (Prop_ibuf_I_O)         0.438     0.438 r  CLK_IBUF_inst/O
                         net (fo=1, routed)           0.699     1.136    CLK_IBUF
    BUFGCTRL_X0Y16       BUFG (Prop_bufg_I_O)         0.029     1.165 r  CLK_IBUF_BUFG_inst/O
                         net (fo=24, routed)          0.871     2.036    REGISTROS_reg_r1_0_7_6_7/WCLK
    SLICE_X2Y105         RAMD32                                       r  REGISTROS_reg_r1_0_7_6_7/DP/CLK

Slack:                    inf
  Source:                 WD3[7]
                            (input port)
  Destination:            REGISTROS_reg_r1_0_7_6_7__0/DP/I
                            (rising edge-triggered cell RAMD32 clocked by sys_clk_pin  {rise@0.000ns fall@5.000ns period=10.000ns})
  Path Group:             (none)
  Path Type:              Hold (Min at Fast Process Corner)
  Data Path Delay:        0.747ns  (logic 0.261ns (34.932%)  route 0.486ns (65.068%))
  Logic Levels:           1  (IBUF=1)
  Clock Path Skew:        2.036ns (DCD - SCD - CPR)
    Destination Clock Delay (DCD):    2.036ns
    Source Clock Delay      (SCD):    0.000ns
    Clock Pessimism Removal (CPR):    -0.000ns

    Location             Delay type                Incr(ns)  Path(ns)    Netlist Resource(s)
  -------------------------------------------------------------------    -------------------
    E18                                               0.000     0.000 r  WD3[7] (IN)
                         net (fo=0)                   0.000     0.000    WD3[7]
    E18                  IBUF (Prop_ibuf_I_O)         0.261     0.261 r  WD3_IBUF[7]_inst/O
                         net (fo=4, routed)           0.486     0.747    REGISTROS_reg_r1_0_7_6_7__0/D
    SLICE_X2Y105         RAMD32                                       r  REGISTROS_reg_r1_0_7_6_7__0/DP/I
  -------------------------------------------------------------------    -------------------

                         (clock sys_clk_pin rise edge)
                                                      0.000     0.000 r  
    E3                                                0.000     0.000 r  CLK (IN)
                         net (fo=0)                   0.000     0.000    CLK
    E3                   IBUF (Prop_ibuf_I_O)         0.438     0.438 r  CLK_IBUF_inst/O
                         net (fo=1, routed)           0.699     1.136    CLK_IBUF
    BUFGCTRL_X0Y16       BUFG (Prop_bufg_I_O)         0.029     1.165 r  CLK_IBUF_BUFG_inst/O
                         net (fo=24, routed)          0.871     2.036    REGISTROS_reg_r1_0_7_6_7__0/WCLK
    SLICE_X2Y105         RAMD32                                       r  REGISTROS_reg_r1_0_7_6_7__0/DP/CLK

Slack:                    inf
  Source:                 WD3[7]
                            (input port)
  Destination:            REGISTROS_reg_r1_0_7_6_7__0/SP/I
                            (rising edge-triggered cell RAMD32 clocked by sys_clk_pin  {rise@0.000ns fall@5.000ns period=10.000ns})
  Path Group:             (none)
  Path Type:              Hold (Min at Fast Process Corner)
  Data Path Delay:        0.747ns  (logic 0.261ns (34.932%)  route 0.486ns (65.068%))
  Logic Levels:           1  (IBUF=1)
  Clock Path Skew:        2.036ns (DCD - SCD - CPR)
    Destination Clock Delay (DCD):    2.036ns
    Source Clock Delay      (SCD):    0.000ns
    Clock Pessimism Removal (CPR):    -0.000ns

    Location             Delay type                Incr(ns)  Path(ns)    Netlist Resource(s)
  -------------------------------------------------------------------    -------------------
    E18                                               0.000     0.000 r  WD3[7] (IN)
                         net (fo=0)                   0.000     0.000    WD3[7]
    E18                  IBUF (Prop_ibuf_I_O)         0.261     0.261 r  WD3_IBUF[7]_inst/O
                         net (fo=4, routed)           0.486     0.747    REGISTROS_reg_r1_0_7_6_7__0/D
    SLICE_X2Y105         RAMD32                                       r  REGISTROS_reg_r1_0_7_6_7__0/SP/I
  -------------------------------------------------------------------    -------------------

                         (clock sys_clk_pin rise edge)
                                                      0.000     0.000 r  
    E3                                                0.000     0.000 r  CLK (IN)
                         net (fo=0)                   0.000     0.000    CLK
    E3                   IBUF (Prop_ibuf_I_O)         0.438     0.438 r  CLK_IBUF_inst/O
                         net (fo=1, routed)           0.699     1.136    CLK_IBUF
    BUFGCTRL_X0Y16       BUFG (Prop_bufg_I_O)         0.029     1.165 r  CLK_IBUF_BUFG_inst/O
                         net (fo=24, routed)          0.871     2.036    REGISTROS_reg_r1_0_7_6_7__0/WCLK
    SLICE_X2Y105         RAMD32                                       r  REGISTROS_reg_r1_0_7_6_7__0/SP/CLK

Slack:                    inf
  Source:                 WD3[3]
                            (input port)
  Destination:            REGISTROS_reg_r2_0_7_0_5/RAMB_D1/I
                            (rising edge-triggered cell RAMD32 clocked by sys_clk_pin  {rise@0.000ns fall@5.000ns period=10.000ns})
  Path Group:             (none)
  Path Type:              Hold (Min at Fast Process Corner)
  Data Path Delay:        0.755ns  (logic 0.278ns (36.770%)  route 0.478ns (63.230%))
  Logic Levels:           1  (IBUF=1)
  Clock Path Skew:        2.036ns (DCD - SCD - CPR)
    Destination Clock Delay (DCD):    2.036ns
    Source Clock Delay      (SCD):    0.000ns
    Clock Pessimism Removal (CPR):    -0.000ns

    Location             Delay type                Incr(ns)  Path(ns)    Netlist Resource(s)
  -------------------------------------------------------------------    -------------------
    C17                                               0.000     0.000 r  WD3[3] (IN)
                         net (fo=0)                   0.000     0.000    WD3[3]
    C17                  IBUF (Prop_ibuf_I_O)         0.278     0.278 r  WD3_IBUF[3]_inst/O
                         net (fo=2, routed)           0.478     0.755    REGISTROS_reg_r2_0_7_0_5/DIB1
    SLICE_X2Y104         RAMD32                                       r  REGISTROS_reg_r2_0_7_0_5/RAMB_D1/I
  -------------------------------------------------------------------    -------------------

                         (clock sys_clk_pin rise edge)
                                                      0.000     0.000 r  
    E3                                                0.000     0.000 r  CLK (IN)
                         net (fo=0)                   0.000     0.000    CLK
    E3                   IBUF (Prop_ibuf_I_O)         0.438     0.438 r  CLK_IBUF_inst/O
                         net (fo=1, routed)           0.699     1.136    CLK_IBUF
    BUFGCTRL_X0Y16       BUFG (Prop_bufg_I_O)         0.029     1.165 r  CLK_IBUF_BUFG_inst/O
                         net (fo=24, routed)          0.871     2.036    REGISTROS_reg_r2_0_7_0_5/WCLK
    SLICE_X2Y104         RAMD32                                       r  REGISTROS_reg_r2_0_7_0_5/RAMB_D1/CLK





